entity_id,entity_type,organization_id,cluster_moid,cluster_name,drs_enabled,ha_mode,is_ha_enabled,valid_from,valid_to,system_from,system_to,revision,operation
acme:vsphere.vsphere_cluster:domain-c000~e33f6582d910,vsphere.vsphere_cluster,acme,domain-c000,cluster-00,true,failover,true,2021-01-07T17:42:12Z,\N,2021-01-07T17:42:12Z,\N,1,assert
acme:vsphere.vsphere_cluster:domain-c001~e6103accc6ff,vsphere.vsphere_cluster,acme,domain-c001,cluster-01,true,failover,true,2021-01-08T00:49:40Z,\N,2021-01-08T00:49:40Z,\N,1,assert
acme:vsphere.vsphere_cluster:domain-c002~ff4ca041ce02,vsphere.vsphere_cluster,acme,domain-c002,cluster-02,true,failover,true,2021-01-09T05:28:29Z,\N,2021-01-09T05:28:29Z,\N,1,assert
acme:vsphere.vsphere_cluster:domain-c003~85dc530d0259,vsphere.vsphere_cluster,acme,domain-c003,cluster-03,false,ft,true,2021-01-10T10:58:54Z,\N,2021-01-10T10:58:54Z,\N,1,assert
acme:vsphere.vsphere_cluster:domain-c004~1f2f2262ef37,vsphere.vsphere_cluster,acme,domain-c004,cluster-04,false,ft,true,2021-01-11T13:34:04Z,\N,2021-01-11T13:34:04Z,\N,1,assert
acme:vsphere.vsphere_cluster:domain-c005~b7bc558a0864,vsphere.vsphere_cluster,acme,domain-c005,cluster-05,true,failover,true,2021-01-12T06:34:58Z,\N,2021-01-12T06:34:58Z,\N,1,assert
acme:vsphere.vsphere_cluster:domain-c009~39727c19e1c6,vsphere.vsphere_cluster,acme,domain-c009,cluster-09,false,failover,true,2021-02-08T09:48:14Z,\N,2021-02-16T15:32:33Z,\N,1,assert
acme:vsphere.vsphere_cluster:domain-c010~5839719c5704,vsphere.vsphere_cluster,acme,domain-c010,cluster-10,true,ft,true,2021-04-06T19:07:27Z,\N,2021-05-17T13:59:01Z,\N,1,assert
acme:vsphere.vsphere_cluster:domain-c006~c6653ac21d63,vsphere.vsphere_cluster,acme,domain-c006,cluster-06,false,none,false,2021-06-01T23:45:35Z,\N,2021-06-16T05:17:03Z,\N,1,assert
acme:vsphere.vsphere_cluster:domain-c017~1d14cebbb1ed,vsphere.vsphere_cluster,acme,domain-c017,cluster-17,false,failover,true,2022-07-04T09:57:39Z,\N,2022-07-10T04:12:43Z,\N,1,assert
acme:vsphere.vsphere_cluster:domain-c024~9615af38c4b8,vsphere.vsphere_cluster,acme,domain-c024,cluster-24,true,failover,true,2023-08-26T01:04:49Z,\N,2023-09-12T14:10:38Z,\N,1,assert
acme:vsphere.vsphere_cluster:domain-c021~b58a11c102f2,vsphere.vsphere_cluster,acme,domain-c021,cluster-21,false,failover,true,2023-10-09T02:37:31Z,\N,2023-10-28T13:16:34Z,\N,1,assert
acme:vsphere.vsphere_cluster:domain-c011~7d197c105ec4,vsphere.vsphere_cluster,acme,domain-c011,cluster-11,false,failover,true,2023-12-02T21:59:27Z,\N,2023-12-16T01:32:58Z,\N,1,assert
acme:vsphere.vsphere_cluster:domain-c007~4f0487ac73e4,vsphere.vsphere_cluster,acme,domain-c007,cluster-07,true,none,false,2024-02-13T01:31:18Z,\N,2024-02-17T10:53:35Z,\N,1,assert
acme:vsphere.vsphere_cluster:domain-c025~e60576c5dc3a,vsphere.vsphere_cluster,acme,domain-c025,cluster-25,true,none,false,2024-11-03T12:19:21Z,\N,2024-12-13T03:32:17Z,\N,1,assert
acme:vsphere.vsphere_cluster:domain-c015~2df20100d58f,vsphere.vsphere_cluster,acme,domain-c015,cluster-15,true,none,false,2025-03-01T10:37:11Z,\N,2025-03-07T02:14:10Z,\N,1,assert
acme:vsphere.vsphere_cluster:domain-c023~1241b520d24c,vsphere.vsphere_cluster,acme,domain-c023,cluster-23,true,ft,true,2025-03-23T01:03:02Z,\N,2025-04-02T08:24:44Z,\N,1,assert
acme:vsphere.vsphere_cluster:domain-c019~3aca35f6841c,vsphere.vsphere_cluster,acme,domain-c019,cluster-19,false,failover,true,2025-06-14T04:04:47Z,\N,2025-07-01T09:12:50Z,\N,1,assert
acme:vsphere.vsphere_cluster:domain-c008~2e801389ed58,vsphere.vsphere_cluster,acme,domain-c008,cluster-08,true,none,false,2025-07-06T04:27:42Z,\N,2025-07-07T03:53:48Z,\N,1,assert
acme:vsphere.vsphere_cluster:domain-c018~716d25c31630,vsphere.vsphere_cluster,acme,domain-c018,cluster-18,true,failover,true,2025-10-25T04:56:51Z,\N,2025-12-02T19:02:17Z,\N,1,assert
acme:vsphere.vsphere_cluster:domain-c016~101962395696,vsphere.vsphere_cluster,acme,domain-c016,cluster-16,false,ft,true,2025-11-24T03:33:21Z,\N,2025-12-22T12:00:24Z,\N,1,assert
acme:vsphere.vsphere_cluster:domain-c013~c63d73b570c9,vsphere.vsphere_cluster,acme,domain-c013,cluster-13,false,ft,true,2026-05-02T14:01:49Z,\N,2026-05-30T20:12:49Z,\N,1,assert
acme:vsphere.vsphere_cluster:domain-c012~c27bf9ebb913,vsphere.vsphere_cluster,acme,domain-c012,cluster-12,false,none,false,2026-09-23T09:13:50Z,\N,2026-10-28T10:36:52Z,\N,1,assert
acme:vsphere.vsphere_cluster:domain-c014~85de4ca270b6,vsphere.vsphere_cluster,acme,domain-c014,cluster-14,true,none,false,2026-11-08T14:22:42Z,\N,2026-11-15T05:37:37Z,\N,1,assert
acme:vsphere.vsphere_cluster:domain-c022~ef7fa3861a90,vsphere.vsphere_cluster,acme,domain-c022,cluster-22,true,failover,true,2026-12-25T19:00:17Z,\N,2026-12-25T19:00:17Z,\N,1,assert
acme:vsphere.vsphere_cluster:domain-c020~9232814e65b0,vsphere.vsphere_cluster,acme,domain-c020,cluster-20,true,failover,true,2027-02-22T19:15:12Z,\N,2027-03-25T04:39:12Z,\N,1,assert
