entity_id,entity_type,organization_id,rule_key,action,protocol,dst_port,rule_order,is_reviewed,valid_from,valid_to,system_from,system_to,revision,operation
acme:access_rule:rule-000000~b4d403dfaac8,access_rule,acme,rule-000000,allow,udp,443,100,false,2021-05-07T02:10:04Z,2027-03-12T22:11:05Z,2021-05-07T02:10:04Z,\N,1,assert
acme:access_rule:rule-000001~f6e0eb8e024b,access_rule,acme,rule-000001,allow,udp,22,101,false,2021-05-08T19:11:19Z,2027-03-11T22:29:51Z,2021-05-08T19:11:19Z,\N,1,assert
acme:access_rule:rule-000002~05deeb8570ec,access_rule,acme,rule-000002,allow,tcp/25,389,102,false,2021-05-09T22:32:19Z,2027-03-10T19:15:52Z,2021-05-09T22:32:19Z,\N,1,assert
acme:access_rule:rule-000003~39534e22c57e,access_rule,acme,rule-000003,allow,udp,8080,103,false,2021-05-10T23:13:58Z,2027-03-09T07:43:44Z,2021-05-10T23:13:58Z,\N,1,assert
acme:access_rule:rule-000004~71af7211fba5,access_rule,acme,rule-000004,allow,tcp/80,80,104,true,2021-05-11T09:24:18Z,2027-03-28T17:54:19Z,2021-05-11T09:24:18Z,\N,1,assert
acme:access_rule:rule-000005~e62d3915d771,access_rule,acme,rule-000005,allow,tcp,5432,105,false,2021-05-12T17:19:53Z,2027-03-27T06:06:57Z,2021-05-12T17:19:53Z,\N,1,assert
acme:access_rule:rule-000006~e603ab3a4fa9,access_rule,acme,rule-000006,allow,tcp/25,443,106,false,2021-05-13T23:08:14Z,2027-03-26T00:53:59Z,2021-05-13T23:08:14Z,\N,1,assert
acme:access_rule:rule-000007~39bfe23df7b6,access_rule,acme,rule-000007,deny,udp,5432,107,true,2021-05-14T07:16:16Z,2027-03-25T14:12:48Z,2021-05-14T07:16:16Z,\N,1,assert
acme:access_rule:rule-000008~bb578843f2bc,access_rule,acme,rule-000008,allow,tcp/443,80,108,false,2021-05-15T05:27:19Z,2027-03-24T07:21:44Z,2021-05-15T05:27:19Z,\N,1,assert
acme:access_rule:rule-000009~a34ea7dc4c9d,access_rule,acme,rule-000009,allow,tcp/443,5432,109,true,2021-05-16T09:00:33Z,2027-03-23T10:19:17Z,2021-05-16T09:00:33Z,\N,1,assert
acme:access_rule:rule-000010~ebc5ec011e99,access_rule,acme,rule-000010,allow,udp,1-65535,110,true,2021-05-17T13:59:01Z,2027-03-22T17:34:32Z,2021-05-17T13:59:01Z,\N,1,assert
acme:access_rule:rule-000011~d7f34d10af94,access_rule,acme,rule-000011,allow,tcp/389,1-65535,111,false,2021-05-18T20:55:07Z,2027-03-21T08:26:36Z,2021-05-18T20:55:07Z,\N,1,assert
acme:access_rule:rule-000012~286fc36e0ed4,access_rule,acme,rule-000012,allow,tcp/80,3306,112,true,2021-05-19T17:14:02Z,2027-03-20T16:54:28Z,2021-05-19T17:14:02Z,\N,1,assert
acme:access_rule:rule-000013~3981d9bc39b7,access_rule,acme,rule-000013,allow,tcp/443,1-65535,113,false,2021-05-20T12:39:15Z,2027-03-19T10:48:23Z,2021-05-20T12:39:15Z,\N,1,assert
acme:access_rule:rule-000014~c4488b9b623b,access_rule,acme,rule-000014,allow,tcp/22,389,114,false,2021-05-21T22:10:46Z,2027-03-18T11:57:07Z,2021-05-21T22:10:46Z,\N,1,assert
acme:access_rule:rule-000015~24549ecff4d8,access_rule,acme,rule-000015,allow,tcp/25,5432,115,false,2021-05-22T11:29:19Z,2027-03-17T07:47:02Z,2021-05-22T11:29:19Z,\N,1,assert
acme:access_rule:rule-000016~d314792da1ee,access_rule,acme,rule-000016,allow,tcp/25,636,116,false,2021-05-23T17:52:41Z,2027-03-16T00:41:46Z,2021-05-23T17:52:41Z,\N,1,assert
acme:access_rule:rule-000017~8fb6de10dc9c,access_rule,acme,rule-000017,deny,tcp/22,80,117,false,2021-05-24T06:21:00Z,2027-03-15T03:02:38Z,2021-05-24T06:21:00Z,\N,1,assert
acme:access_rule:rule-000018~dd3e596a6a90,access_rule,acme,rule-000018,allow,tcp/636,1-65535,118,true,2021-05-25T16:31:58Z,2027-03-14T09:18:36Z,2021-05-25T16:31:58Z,\N,1,assert
acme:access_rule:rule-000019~1b350b462622,access_rule,acme,rule-000019,allow,tcp/22,1433,119,true,2021-05-26T14:35:49Z,2027-03-13T15:06:19Z,2021-05-26T14:35:49Z,\N,1,assert
acme:access_rule:rule-000020~7175a591ba43,access_rule,acme,rule-000020,allow,tcp/22,22,120,false,2021-05-27T15:32:03Z,2021-07-16T15:52:17Z,2021-05-27T15:32:03Z,\N,1,assert
acme:access_rule:rule-000021~1de5c4e0ca02,access_rule,acme,rule-000021,allow,tcp/443,1-65535,121,false,2021-05-28T20:32:51Z,2027-03-11T05:21:01Z,2021-05-28T20:32:51Z,\N,1,assert
acme:access_rule:rule-000022~5a503e9fa9e5,access_rule,acme,rule-000022,allow,tcp/443,1-65535,122,true,2021-05-29T21:28:54Z,2027-03-10T03:55:53Z,2021-05-29T21:28:54Z,\N,1,assert
acme:access_rule:rule-000023~e9f031e86708,access_rule,acme,rule-000023,allow,tcp,443,123,false,2021-05-30T15:06:18Z,2027-03-09T14:03:44Z,2021-05-30T15:06:18Z,\N,1,assert
acme:access_rule:rule-000024~d60c85937969,access_rule,acme,rule-000024,allow,tcp/25,1-65535,124,false,2021-05-31T12:11:52Z,2027-03-28T19:29:09Z,2021-05-31T12:11:52Z,\N,1,assert
acme:access_rule:rule-000025~c9613a17d16a,access_rule,acme,rule-000025,allow,tcp/80,5432,125,false,2021-06-01T07:14:42Z,2027-03-27T19:52:59Z,2021-06-01T07:14:42Z,\N,1,assert
acme:access_rule:rule-000026~4bc8196122f4,access_rule,acme,rule-000026,allow,tcp/443,1-65535,126,true,2021-06-02T06:53:36Z,2027-03-26T12:28:49Z,2021-06-02T06:53:36Z,\N,1,assert
acme:access_rule:rule-000027~20e297207222,access_rule,acme,rule-000027,allow,udp,22,127,true,2021-06-03T23:49:32Z,2027-03-25T05:57:18Z,2021-06-03T23:49:32Z,\N,1,assert
acme:access_rule:rule-000028~9a30c4b1ddbb,access_rule,acme,rule-000028,allow,tcp/22,389,128,false,2021-06-04T08:48:44Z,2027-03-24T00:32:23Z,2021-06-04T08:48:44Z,\N,1,assert
acme:access_rule:rule-000029~224d3cd5531c,access_rule,acme,rule-000029,allow,tcp/636,636,129,false,2021-06-05T08:23:36Z,2027-03-23T17:52:54Z,2021-06-05T08:23:36Z,\N,1,assert
acme:access_rule:rule-000037~b310ddae8b93,access_rule,acme,rule-000037,allow,tcp/80,5432,137,true,2022-12-25T14:10:53Z,2027-03-15T02:54:30Z,2022-12-25T14:10:53Z,\N,1,assert
acme:access_rule:rule-000036~1a66116be323,access_rule,acme,rule-000036,allow,tcp/22,8080,136,false,2023-02-10T15:18:16Z,2027-03-16T16:19:19Z,2023-02-10T15:18:16Z,\N,1,assert
acme:access_rule:rule-000033~f243bacb3cbb,access_rule,acme,rule-000033,allow,tcp,5432,133,false,2023-05-29T10:46:45Z,2027-03-19T15:50:46Z,2023-05-29T10:46:45Z,\N,1,assert
acme:access_rule:rule-000031~2e2d360ade77,access_rule,acme,rule-000031,allow,tcp/22,3306,131,true,2023-11-15T11:21:20Z,2027-03-21T13:31:15Z,2023-11-15T11:21:20Z,\N,1,assert
acme:access_rule:rule-000040~afac5c09f4b1,access_rule,acme,rule-000040,allow,tcp/389,5432,140,false,2023-11-25T05:35:07Z,2027-03-12T02:27:07Z,2023-11-25T05:35:07Z,\N,1,assert
acme:access_rule:rule-000032~b131594e40e1,access_rule,acme,rule-000032,allow,udp,636,132,false,2024-06-06T18:14:52Z,2027-03-20T08:14:04Z,2024-06-06T18:14:52Z,\N,1,assert
acme:access_rule:rule-000041~2fd2dff8c1a2,access_rule,acme,rule-000041,allow,tcp/636,22,141,false,2025-05-04T13:41:30Z,\N,2025-05-04T13:41:30Z,2026-02-14T18:15:57Z,1,assert
acme:access_rule:rule-000038~4302139ebe31,access_rule,acme,rule-000038,allow,tcp/443,80,138,true,2025-11-27T07:46:21Z,2027-03-14T15:42:16Z,2025-11-27T07:46:21Z,\N,1,assert
acme:access_rule:rule-000042~967e17528da1,access_rule,acme,rule-000042,allow,tcp/389,1433,142,false,2025-12-28T00:11:23Z,2027-03-10T22:24:20Z,2025-12-28T00:11:23Z,\N,1,assert
acme:access_rule:rule-000041~2fd2dff8c1a2,access_rule,acme,rule-000041,allow,tcp/636,2222,141,true,2025-05-04T13:41:30Z,2027-03-11T02:53:40Z,2026-02-14T18:15:57Z,\N,2,assert
acme:access_rule:rule-000043~3d5011e630d1,access_rule,acme,rule-000043,deny,tcp/636,22,143,false,2026-07-21T09:03:18Z,2027-03-09T17:10:08Z,2026-07-21T09:03:18Z,\N,1,assert
acme:access_rule:rule-000035~e61a20e6933f,access_rule,acme,rule-000035,allow,tcp/389,5432,135,false,2026-08-28T14:40:37Z,2027-03-17T17:24:09Z,2026-08-28T14:40:37Z,\N,1,assert
acme:access_rule:rule-000030~1c99a87e3818,access_rule,acme,rule-000030,allow,tcp/22,3306,130,false,2026-12-21T04:40:23Z,2027-03-22T07:58:27Z,2026-12-21T04:40:23Z,\N,1,assert
acme:access_rule:rule-000034~2509aff03677,access_rule,acme,rule-000034,allow,tcp/80,3306,134,false,2027-01-22T03:33:39Z,2027-03-18T04:02:20Z,2027-01-22T03:33:39Z,\N,1,assert
acme:access_rule:rule-000039~05d103d52821,access_rule,acme,rule-000039,deny,tcp/636,1433,139,false,2027-01-24T07:26:59Z,2027-03-13T17:05:43Z,2027-01-24T07:26:59Z,\N,1,assert
acme:access_rule:rule-000020~7175a591ba43,access_rule,acme,\N,\N,\N,\N,\N,\N,2021-07-16T15:52:17Z,\N,2027-02-10T07:53:15Z,\N,2,retract
acme:access_rule:rule-000039~05d103d52821,access_rule,acme,\N,\N,\N,\N,\N,\N,2027-03-13T17:05:43Z,\N,2027-03-10T00:02:59Z,\N,2,retract
acme:access_rule:rule-000024~d60c85937969,access_rule,acme,\N,\N,\N,\N,\N,\N,2027-03-28T19:29:09Z,\N,2027-03-10T00:12:03Z,\N,2,retract
acme:access_rule:rule-000023~e9f031e86708,access_rule,acme,\N,\N,\N,\N,\N,\N,2027-03-09T14:03:44Z,\N,2027-03-10T02:20:05Z,\N,2,retract
acme:access_rule:rule-000030~1c99a87e3818,access_rule,acme,\N,\N,\N,\N,\N,\N,2027-03-22T07:58:27Z,\N,2027-03-10T02:55:49Z,\N,2,retract
acme:access_rule:rule-000025~c9613a17d16a,access_rule,acme,\N,\N,\N,\N,\N,\N,2027-03-27T19:52:59Z,\N,2027-03-10T03:23:46Z,\N,2,retract
acme:access_rule:rule-000031~2e2d360ade77,access_rule,acme,\N,\N,\N,\N,\N,\N,2027-03-21T13:31:15Z,\N,2027-03-10T03:31:53Z,\N,2,retract
acme:access_rule:rule-000022~5a503e9fa9e5,access_rule,acme,\N,\N,\N,\N,\N,\N,2027-03-10T03:55:53Z,\N,2027-03-10T03:55:53Z,\N,2,retract
acme:access_rule:rule-000012~286fc36e0ed4,access_rule,acme,\N,\N,\N,\N,\N,\N,2027-03-20T16:54:28Z,\N,2027-03-10T05:18:01Z,\N,2,retract
acme:access_rule:rule-000015~24549ecff4d8,access_rule,acme,\N,\N,\N,\N,\N,\N,2027-03-17T07:47:02Z,\N,2027-03-10T06:39:48Z,\N,2,retract
acme:access_rule:rule-000035~e61a20e6933f,access_rule,acme,\N,\N,\N,\N,\N,\N,2027-03-17T17:24:09Z,\N,2027-03-10T06:42:31Z,\N,2,retract
acme:access_rule:rule-000008~bb578843f2bc,access_rule,acme,\N,\N,\N,\N,\N,\N,2027-03-24T07:21:44Z,\N,2027-03-10T06:50:31Z,\N,2,retract
acme:access_rule:rule-000011~d7f34d10af94,access_rule,acme,\N,\N,\N,\N,\N,\N,2027-03-21T08:26:36Z,\N,2027-03-10T07:17:35Z,\N,2,retract
acme:access_rule:rule-000000~b4d403dfaac8,access_rule,acme,\N,\N,\N,\N,\N,\N,2027-03-12T22:11:05Z,\N,2027-03-10T07:33:14Z,\N,2,retract
acme:access_rule:rule-000034~2509aff03677,access_rule,acme,\N,\N,\N,\N,\N,\N,2027-03-18T04:02:20Z,\N,2027-03-10T08:49:48Z,\N,2,retract
acme:access_rule:rule-000033~f243bacb3cbb,access_rule,acme,\N,\N,\N,\N,\N,\N,2027-03-19T15:50:46Z,\N,2027-03-10T09:21:17Z,\N,2,retract
acme:access_rule:rule-000036~1a66116be323,access_rule,acme,\N,\N,\N,\N,\N,\N,2027-03-16T16:19:19Z,\N,2027-03-10T09:48:12Z,\N,2,retract
acme:access_rule:rule-000029~224d3cd5531c,access_rule,acme,\N,\N,\N,\N,\N,\N,2027-03-23T17:52:54Z,\N,2027-03-10T10:46:08Z,\N,2,retract
acme:access_rule:rule-000041~2fd2dff8c1a2,access_rule,acme,\N,\N,\N,\N,\N,\N,2027-03-11T02:53:40Z,\N,2027-03-10T10:58:32Z,\N,3,retract
acme:access_rule:rule-000007~39bfe23df7b6,access_rule,acme,\N,\N,\N,\N,\N,\N,2027-03-25T14:12:48Z,\N,2027-03-10T11:27:08Z,\N,2,retract
acme:access_rule:rule-000040~afac5c09f4b1,access_rule,acme,\N,\N,\N,\N,\N,\N,2027-03-12T02:27:07Z,\N,2027-03-10T12:03:46Z,\N,2,retract
acme:access_rule:rule-000028~9a30c4b1ddbb,access_rule,acme,\N,\N,\N,\N,\N,\N,2027-03-24T00:32:23Z,\N,2027-03-10T12:03:59Z,\N,2,retract
acme:access_rule:rule-000014~c4488b9b623b,access_rule,acme,\N,\N,\N,\N,\N,\N,2027-03-18T11:57:07Z,\N,2027-03-10T12:07:57Z,\N,2,retract
acme:access_rule:rule-000017~8fb6de10dc9c,access_rule,acme,\N,\N,\N,\N,\N,\N,2027-03-15T03:02:38Z,\N,2027-03-10T12:14:32Z,\N,2,retract
acme:access_rule:rule-000013~3981d9bc39b7,access_rule,acme,\N,\N,\N,\N,\N,\N,2027-03-19T10:48:23Z,\N,2027-03-10T13:18:00Z,\N,2,retract
acme:access_rule:rule-000010~ebc5ec011e99,access_rule,acme,\N,\N,\N,\N,\N,\N,2027-03-22T17:34:32Z,\N,2027-03-10T13:30:44Z,\N,2,retract
acme:access_rule:rule-000019~1b350b462622,access_rule,acme,\N,\N,\N,\N,\N,\N,2027-03-13T15:06:19Z,\N,2027-03-10T13:49:47Z,\N,2,retract
acme:access_rule:rule-000001~f6e0eb8e024b,access_rule,acme,\N,\N,\N,\N,\N,\N,2027-03-11T22:29:51Z,\N,2027-03-10T14:11:12Z,\N,2,retract
acme:access_rule:rule-000038~4302139ebe31,access_rule,acme,\N,\N,\N,\N,\N,\N,2027-03-14T15:42:16Z,\N,2027-03-10T15:15:27Z,\N,2,retract
acme:access_rule:rule-000043~3d5011e630d1,access_rule,acme,\N,\N,\N,\N,\N,\N,2027-03-09T17:10:08Z,\N,2027-03-10T15:42:35Z,\N,2,retract
acme:access_rule:rule-000027~20e297207222,access_rule,acme,\N,\N,\N,\N,\N,\N,2027-03-25T05:57:18Z,\N,2027-03-10T15:47:10Z,\N,2,retract
acme:access_rule:rule-000005~e62d3915d771,access_rule,acme,\N,\N,\N,\N,\N,\N,2027-03-27T06:06:57Z,\N,2027-03-10T15:54:44Z,\N,2,retract
acme:access_rule:rule-000006~e603ab3a4fa9,access_rule,acme,\N,\N,\N,\N,\N,\N,2027-03-26T00:53:59Z,\N,2027-03-10T16:14:24Z,\N,2,retract
acme:access_rule:rule-000016~d314792da1ee,access_rule,acme,\N,\N,\N,\N,\N,\N,2027-03-16T00:41:46Z,\N,2027-03-10T16:35:29Z,\N,2,retract
acme:access_rule:rule-000021~1de5c4e0ca02,access_rule,acme,\N,\N,\N,\N,\N,\N,2027-03-11T05:21:01Z,\N,2027-03-10T18:20:45Z,\N,2,retract
acme:access_rule:rule-000037~b310ddae8b93,access_rule,acme,\N,\N,\N,\N,\N,\N,2027-03-15T02:54:30Z,\N,2027-03-10T19:06:35Z,\N,2,retract
acme:access_rule:rule-000009~a34ea7dc4c9d,access_rule,acme,\N,\N,\N,\N,\N,\N,2027-03-23T10:19:17Z,\N,2027-03-10T19:10:49Z,\N,2,retract
acme:access_rule:rule-000002~05deeb8570ec,access_rule,acme,\N,\N,\N,\N,\N,\N,2027-03-10T19:15:52Z,\N,2027-03-10T19:15:52Z,\N,2,retract
acme:access_rule:rule-000018~dd3e596a6a90,access_rule,acme,\N,\N,\N,\N,\N,\N,2027-03-14T09:18:36Z,\N,2027-03-10T19:43:32Z,\N,2,retract
acme:access_rule:rule-000003~39534e22c57e,access_rule,acme,\N,\N,\N,\N,\N,\N,2027-03-09T07:43:44Z,\N,2027-03-10T19:54:11Z,\N,2,retract
acme:access_rule:rule-000032~b131594e40e1,access_rule,acme,\N,\N,\N,\N,\N,\N,2027-03-20T08:14:04Z,\N,2027-03-10T20:35:37Z,\N,2,retract
acme:access_rule:rule-000026~4bc8196122f4,access_rule,acme,\N,\N,\N,\N,\N,\N,2027-03-26T12:28:49Z,\N,2027-03-10T20:52:09Z,\N,2,retract
acme:access_rule:rule-000004~71af7211fba5,access_rule,acme,\N,\N,\N,\N,\N,\N,2027-03-28T17:54:19Z,\N,2027-03-10T21:27:39Z,\N,2,retract
acme:access_rule:rule-000042~967e17528da1,access_rule,acme,\N,\N,\N,\N,\N,\N,2027-03-10T22:24:20Z,\N,2027-03-10T22:24:20Z,\N,2,retract
