entity_id,entity_type,organization_id,data_store_id,schema_name,table_name,row_key,valid_from,valid_to,system_from,system_to,revision,operation
acme:data_row:acme-data-store-store-00000~69050e2d3327,data_row,acme,acme:data_store:store-00000~199fa6b0c449,hr,employee,row-000000000,2021-01-07T17:42:12Z,\N,2021-01-07T17:42:12Z,\N,1,assert
acme:data_row:acme-data-store-store-00000~66b459f36088,data_row,acme,acme:data_store:store-00000~199fa6b0c449,hr,employee,row-000000001,2021-01-08T00:49:40Z,\N,2021-01-08T00:49:40Z,\N,1,assert
acme:data_row:acme-data-store-store-00000~80ef957c8e45,data_row,acme,acme:data_store:store-00000~199fa6b0c449,ops,ops_fact_00002,row-000000002,2021-01-09T05:28:29Z,\N,2021-01-09T05:28:29Z,\N,1,assert
acme:data_row:acme-data-store-store-00003~e064b43bba27,data_row,acme,acme:data_store:store-00003~355a60161960,crm,crm_fact_00003,row-000000003,2021-01-10T10:58:54Z,\N,2021-01-10T10:58:54Z,\N,1,assert
acme:data_row:acme-data-store-store-00000~a89663e7c24b,data_row,acme,acme:data_store:store-00000~199fa6b0c449,ops,ops_fact_00002,row-000000004,2021-01-11T13:34:04Z,\N,2021-01-11T13:34:04Z,\N,1,assert
acme:data_row:acme-data-store-store-00003~57064c392d41,data_row,acme,acme:data_store:store-00003~355a60161960,crm,crm_fact_00003,row-000000005,2021-01-12T06:34:58Z,\N,2021-01-12T06:34:58Z,\N,1,assert
acme:data_row:acme-data-store-store-00000~0c689d902408,data_row,acme,acme:data_store:store-00000~199fa6b0c449,ops,ops_fact_00002,row-000000269,2021-01-07T12:55:41Z,\N,2021-01-20T03:29:55Z,\N,1,assert
acme:data_row:acme-data-store-store-00003~d4af69d0821e,data_row,acme,acme:data_store:store-00003~355a60161960,crm,crm_fact_00003,row-000000354,2021-01-24T05:00:08Z,\N,2021-02-02T22:36:38Z,\N,1,assert
acme:data_row:acme-data-store-store-00002~32e19f7db9f5,data_row,acme,acme:data_store:store-00002~a544946a70d1,hr,hr_fact_00004,row-000000271,2021-01-07T08:02:25Z,\N,2021-02-07T22:03:45Z,\N,1,assert
acme:data_row:acme-data-store-store-00002~b7b0be4e1a08,data_row,acme,acme:data_store:store-00002~a544946a70d1,hr,hr_fact_00004,row-000000141,2021-01-07T10:38:48Z,\N,2021-02-12T12:02:14Z,\N,1,assert
acme:data_row:acme-data-store-store-00002~9f8349043070,data_row,acme,acme:data_store:store-00002~a544946a70d1,wh,wh_fact_00007,row-000000024,2021-02-10T04:14:22Z,\N,2021-02-13T01:28:05Z,\N,1,assert
acme:data_row:acme-data-store-store-00003~c394fde3da17,data_row,acme,acme:data_store:store-00003~355a60161960,crm,crm_fact_00003,row-000000075,2021-01-14T17:58:56Z,\N,2021-02-18T08:56:39Z,\N,1,assert
acme:data_row:acme-data-store-store-00002~fd4d0eb15286,data_row,acme,acme:data_store:store-00002~a544946a70d1,hr,hr_fact_00004,row-000000157,2021-02-16T05:27:28Z,\N,2021-03-18T04:03:45Z,\N,1,assert
acme:data_row:acme-data-store-store-00002~11ea8ad842ce,data_row,acme,acme:data_store:store-00002~a544946a70d1,hr,hr_fact_00004,row-000000065,2021-02-25T13:20:08Z,\N,2021-03-22T14:55:01Z,\N,1,assert
acme:data_row:acme-data-store-store-00004~e0331e6db03f,data_row,acme,acme:data_store:store-00004~3f005a82b8d6,sales,sales_dim_00113,row-000000261,2021-02-09T20:21:59Z,\N,2021-03-22T05:59:49Z,\N,1,assert
acme:data_row:acme-data-store-store-00004~ddbcf1a4f453,data_row,acme,acme:data_store:store-00004~3f005a82b8d6,sales,sales_dim_00113,row-000000032,2021-04-03T18:58:00Z,\N,2021-04-07T00:54:49Z,\N,1,assert
acme:data_row:acme-data-store-store-00003~86416655a2c2,data_row,acme,acme:data_store:store-00003~355a60161960,finance,finance_fact_00025,row-000000124,2021-04-15T00:07:39Z,\N,2021-05-01T04:44:33Z,\N,1,assert
acme:data_row:acme-data-store-store-00004~8754dac71f5c,data_row,acme,acme:data_store:store-00004~3f005a82b8d6,sales,sales_dim_00113,row-000000259,2021-03-28T05:52:52Z,\N,2021-05-04T06:45:36Z,\N,1,assert
acme:data_row:acme-data-store-store-00000~9816e2d19348,data_row,acme,acme:data_store:store-00000~199fa6b0c449,hr,employee,row-000000341,2021-04-26T06:34:02Z,\N,2021-05-08T08:53:07Z,\N,1,assert
acme:data_row:acme-data-store-store-00000~37c09b46560a,data_row,acme,acme:data_store:store-00000~199fa6b0c449,hr,employee,row-000000042,2021-05-03T10:39:24Z,\N,2021-06-01T12:43:44Z,\N,1,assert
acme:data_row:acme-data-store-store-00004~a74c831f4883,data_row,acme,acme:data_store:store-00004~3f005a82b8d6,sales,sales_dim_00113,row-000000080,2021-05-27T19:30:46Z,\N,2021-06-10T17:18:09Z,\N,1,assert
acme:data_row:acme-data-store-store-00001~12e09fd0c8a7,data_row,acme,acme:data_store:store-00001~f3e021452766,sales,sales_fact_00019,row-000000012,2021-06-09T16:06:02Z,\N,2021-06-23T05:55:02Z,\N,1,assert
acme:data_row:acme-data-store-store-00000~943085a8af76,data_row,acme,acme:data_store:store-00000~199fa6b0c449,hr,employee,row-000000311,2021-06-11T01:03:25Z,\N,2021-07-19T23:34:11Z,\N,1,assert
acme:data_row:acme-data-store-store-00000~49d5b66e8c57,data_row,acme,acme:data_store:store-00000~199fa6b0c449,wh,wh_dim_00119,row-000000267,2021-07-20T23:25:31Z,\N,2021-07-21T06:37:34Z,\N,1,assert
acme:data_row:acme-data-store-store-00001~de4d14786c50,data_row,acme,acme:data_store:store-00001~f3e021452766,finance,finance_fact_00112,row-000000026,2021-07-03T01:15:44Z,\N,2021-07-22T09:23:56Z,\N,1,assert
acme:data_row:acme-data-store-store-00001~f1ffddfbd727,data_row,acme,acme:data_store:store-00001~f3e021452766,sales,sales_fact_00019,row-000000281,2021-07-21T14:32:17Z,\N,2021-07-27T07:22:54Z,\N,1,assert
acme:data_row:acme-data-store-store-00000~1a7025892b31,data_row,acme,acme:data_store:store-00000~199fa6b0c449,wh,wh_dim_00119,row-000000363,2021-07-09T12:18:07Z,\N,2021-07-31T12:02:10Z,\N,1,assert
acme:data_row:acme-data-store-store-00002~a3d778caab48,data_row,acme,acme:data_store:store-00002~a544946a70d1,wh,wh_fact_00007,row-000000321,2021-08-02T12:37:58Z,\N,2021-08-04T21:39:29Z,\N,1,assert
acme:data_row:acme-data-store-store-00002~7597bbd7b941,data_row,acme,acme:data_store:store-00002~a544946a70d1,hr,hr_fact_00004,row-000000118,2021-07-05T05:53:38Z,\N,2021-08-06T01:00:01Z,\N,1,assert
acme:data_row:acme-data-store-store-00003~7d4452af873c,data_row,acme,acme:data_store:store-00003~355a60161960,finance,finance_fact_00025,row-000000040,2021-08-10T17:06:31Z,\N,2021-08-20T11:26:56Z,\N,1,assert
acme:data_row:acme-data-store-store-00000~5e18a722b1f8,data_row,acme,acme:data_store:store-00000~199fa6b0c449,ops,ops_fact_00002,row-000000216,2021-08-18T03:50:37Z,\N,2021-08-20T13:41:20Z,\N,1,assert
acme:data_row:acme-data-store-store-00004~cc8fa035f82e,data_row,acme,acme:data_store:store-00004~3f005a82b8d6,wh,wh_dim_00023,row-000000236,2021-08-06T03:12:22Z,\N,2021-08-22T20:43:41Z,\N,1,assert
acme:data_row:acme-data-store-store-00004~7512bb3c6246,data_row,acme,acme:data_store:store-00004~3f005a82b8d6,sales,sales_dim_00113,row-000000143,2021-08-31T15:26:12Z,\N,2021-08-31T15:26:12Z,\N,1,assert
acme:data_row:acme-data-store-store-00005~77795cc679c0,data_row,acme,acme:data_store:store-00005~d9cb14e88d51,ops,legacy_events,row-000000220,2021-08-19T19:46:03Z,\N,2021-09-07T03:37:18Z,\N,1,assert
acme:data_row:acme-data-store-store-00003~204fcd39b55f,data_row,acme,acme:data_store:store-00003~355a60161960,finance,finance_fact_00025,row-000000227,2021-08-07T00:59:24Z,\N,2021-09-10T06:40:38Z,\N,1,assert
acme:data_row:acme-data-store-store-00005~90dd6e98993f,data_row,acme,acme:data_store:store-00005~d9cb14e88d51,iam,iam_fact_00073,row-000000284,2021-08-22T07:19:50Z,\N,2021-09-12T00:48:54Z,\N,1,assert
acme:data_row:acme-data-store-store-00003~246a09583b30,data_row,acme,acme:data_store:store-00003~355a60161960,crm,crm_fact_00003,row-000000245,2021-08-16T20:19:12Z,\N,2021-09-21T19:20:16Z,\N,1,assert
acme:data_row:acme-data-store-store-00000~2a9d62939237,data_row,acme,acme:data_store:store-00000~199fa6b0c449,ops,ops_fact_00002,row-000000183,2021-09-01T13:11:40Z,\N,2021-09-24T03:37:33Z,\N,1,assert
acme:data_row:acme-data-store-store-00003~f9fc556f240a,data_row,acme,acme:data_store:store-00003~355a60161960,crm,crm_dim_00105,row-000000197,2021-09-18T14:10:21Z,\N,2021-09-25T20:54:36Z,\N,1,assert
acme:data_row:acme-data-store-store-00004~f967a86bffc3,data_row,acme,acme:data_store:store-00004~3f005a82b8d6,finance,finance_dim_00067,row-000000277,2021-09-14T12:59:19Z,\N,2021-09-26T08:43:39Z,\N,1,assert
acme:data_row:acme-data-store-store-00002~b1d5286d44b5,data_row,acme,acme:data_store:store-00002~a544946a70d1,wh,wh_fact_00007,row-000000328,2021-09-17T04:38:25Z,\N,2021-10-03T00:12:05Z,\N,1,assert
acme:data_row:acme-data-store-store-00000~db9899ff13ae,data_row,acme,acme:data_store:store-00000~199fa6b0c449,wh,wh_dim_00119,row-000000161,2021-09-12T21:56:29Z,\N,2021-10-04T03:25:09Z,\N,1,assert
acme:data_row:acme-data-store-store-00041~863ebc8a5189,data_row,acme,acme:data_store:store-00041~3a94689d27db,crm,crm_fact_00041,row-000000114,2021-10-13T09:34:42Z,\N,2021-10-17T07:29:22Z,\N,1,assert
acme:data_row:acme-data-store-store-00003~54efafeaeec1,data_row,acme,acme:data_store:store-00003~355a60161960,crm,crm_fact_00003,row-000000276,2021-10-21T08:50:51Z,\N,2021-10-21T08:50:51Z,\N,1,assert
acme:data_row:acme-data-store-store-00004~c560317aaf19,data_row,acme,acme:data_store:store-00004~3f005a82b8d6,wh,wh_dim_00023,row-000000090,2021-09-14T23:20:53Z,\N,2021-10-23T13:48:32Z,\N,1,assert
acme:data_row:acme-data-store-store-00001~b9555724df08,data_row,acme,acme:data_store:store-00001~f3e021452766,sales,sales_fact_00019,row-000000368,2021-10-08T05:06:09Z,\N,2021-11-07T08:27:57Z,\N,1,assert
acme:data_row:acme-data-store-store-00000~50acc70e0f28,data_row,acme,acme:data_store:store-00000~199fa6b0c449,hr,employee,row-000000067,2021-11-09T07:21:15Z,\N,2021-11-12T23:12:43Z,\N,1,assert
acme:data_row:acme-data-store-store-00003~6cac84fd735c,data_row,acme,acme:data_store:store-00003~355a60161960,crm,crm_fact_00003,row-000000203,2021-10-19T23:34:11Z,\N,2021-11-12T17:29:17Z,\N,1,assert
acme:data_row:acme-data-store-store-00001~3e0401c694a7,data_row,acme,acme:data_store:store-00001~f3e021452766,sales,sales_fact_00019,row-000000045,2021-11-05T16:03:00Z,\N,2021-11-15T02:04:17Z,\N,1,assert
acme:data_row:acme-data-store-store-00004~9358a1aab941,data_row,acme,acme:data_store:store-00004~3f005a82b8d6,sales,sales_dim_00113,row-000000282,2021-10-18T01:47:37Z,\N,2021-11-27T05:49:47Z,\N,1,assert
acme:data_row:acme-data-store-store-00005~480b77705f08,data_row,acme,acme:data_store:store-00005~d9cb14e88d51,ops,legacy_events,row-000000343,2021-11-13T00:53:09Z,\N,2021-11-27T07:33:06Z,\N,1,assert
acme:data_row:acme-data-store-store-00000~b1d58d920749,data_row,acme,acme:data_store:store-00000~199fa6b0c449,wh,wh_dim_00119,row-000000159,2021-11-10T18:40:49Z,\N,2021-11-29T00:13:44Z,\N,1,assert
acme:data_row:acme-data-store-store-00001~f301969b1e3d,data_row,acme,acme:data_store:store-00001~f3e021452766,ops,ops_fact_00008,row-000000035,2021-11-11T11:43:48Z,\N,2021-12-04T01:23:46Z,\N,1,assert
acme:data_row:acme-data-store-store-00005~32473faf126d,data_row,acme,acme:data_store:store-00005~d9cb14e88d51,finance,finance_dim_00075,row-000000369,2021-11-27T14:35:24Z,\N,2021-12-12T18:55:19Z,\N,1,assert
acme:data_row:acme-data-store-store-00041~62b58a7de648,data_row,acme,acme:data_store:store-00041~3a94689d27db,crm,crm_fact_00041,row-000000110,2021-12-14T23:20:48Z,\N,2021-12-23T15:34:39Z,\N,1,assert
acme:data_row:acme-data-store-store-00004~a33dc1189478,data_row,acme,acme:data_store:store-00004~3f005a82b8d6,finance,finance_dim_00067,row-000000340,2021-12-19T17:40:16Z,\N,2021-12-23T01:29:39Z,\N,1,assert
acme:data_row:acme-data-store-store-00005~3f5057284135,data_row,acme,acme:data_store:store-00005~d9cb14e88d51,finance,finance_dim_00075,row-000000033,2021-12-06T14:51:13Z,\N,2021-12-29T21:50:23Z,\N,1,assert
acme:data_row:acme-data-store-store-00001~e6b95808f74a,data_row,acme,acme:data_store:store-00001~f3e021452766,crm,crm_fact_00096,row-000000283,2021-12-12T21:58:02Z,\N,2021-12-29T13:27:59Z,\N,1,assert
acme:data_row:acme-data-store-store-00005~d15229ede39f,data_row,acme,acme:data_store:store-00005~d9cb14e88d51,crm,crm_fact_00070,row-000000336,2021-12-31T05:47:19Z,\N,2022-01-11T00:20:05Z,\N,1,assert
acme:data_row:acme-data-store-store-00003~aeb6d21c49e7,data_row,acme,acme:data_store:store-00003~355a60161960,crm,crm_dim_00105,row-000000230,2021-12-30T21:25:42Z,\N,2022-01-31T18:43:49Z,\N,1,assert
acme:data_row:acme-data-store-store-00030~ab30e4e32018,data_row,acme,acme:data_store:store-00030~7cf56a2d81dd,finance,finance_dim_00097,row-000000055,2022-01-27T22:01:13Z,\N,2022-02-02T06:54:47Z,\N,1,assert
acme:data_row:acme-data-store-store-00005~efb737ffc0c5,data_row,acme,acme:data_store:store-00005~d9cb14e88d51,ops,legacy_events,row-000000170,2022-01-25T09:20:07Z,\N,2022-02-12T23:33:58Z,\N,1,assert
acme:data_row:acme-data-store-store-00005~46504d47a6b6,data_row,acme,acme:data_store:store-00005~d9cb14e88d51,crm,crm_fact_00070,row-000000300,2022-02-03T05:52:11Z,\N,2022-03-04T22:19:46Z,\N,1,assert
acme:data_row:acme-data-store-store-00003~608a80c0df13,data_row,acme,acme:data_store:store-00003~355a60161960,finance,finance_fact_00025,row-000000359,2022-01-21T05:26:17Z,\N,2022-03-05T07:08:55Z,\N,1,assert
acme:data_row:acme-data-store-store-00002~b683bf35130c,data_row,acme,acme:data_store:store-00002~a544946a70d1,hr,hr_fact_00004,row-000000158,2022-02-01T02:19:27Z,\N,2022-03-17T10:54:05Z,\N,1,assert
acme:data_row:acme-data-store-store-00004~505180d8a37f,data_row,acme,acme:data_store:store-00004~3f005a82b8d6,finance,finance_dim_00067,row-000000187,2022-02-25T19:35:23Z,\N,2022-04-04T21:14:00Z,\N,1,assert
acme:data_row:acme-data-store-store-00004~a54327401501,data_row,acme,acme:data_store:store-00004~3f005a82b8d6,wh,wh_dim_00023,row-000000279,2022-03-13T03:11:49Z,\N,2022-04-09T18:55:26Z,\N,1,assert
acme:data_row:acme-data-store-store-00002~4c8c45c889de,data_row,acme,acme:data_store:store-00002~a544946a70d1,wh,wh_fact_00007,row-000000184,2022-04-01T11:15:43Z,\N,2022-04-16T10:12:55Z,\N,1,assert
acme:data_row:acme-data-store-store-00004~8498c377c82d,data_row,acme,acme:data_store:store-00004~3f005a82b8d6,finance,finance_dim_00067,row-000000190,2022-04-09T23:48:03Z,\N,2022-04-16T09:41:59Z,\N,1,assert
acme:data_row:acme-data-store-store-00005~794a7122076a,data_row,acme,acme:data_store:store-00005~d9cb14e88d51,iam,iam_fact_00122,row-000000037,2022-03-22T05:10:41Z,\N,2022-04-29T10:03:20Z,\N,1,assert
acme:data_row:acme-data-store-store-00000~63de8ac6cd54,data_row,acme,acme:data_store:store-00000~199fa6b0c449,sales,sales_dim_00076,row-000000293,2022-05-11T20:59:59Z,\N,2022-05-11T20:59:59Z,\N,1,assert
acme:data_row:acme-data-store-store-00000~3e1ed12b13a4,data_row,acme,acme:data_store:store-00000~199fa6b0c449,hr,employee,row-000000134,2022-04-21T02:57:02Z,\N,2022-05-20T22:03:15Z,\N,1,assert
acme:data_row:acme-data-store-store-00000~07b880d40203,data_row,acme,acme:data_store:store-00000~199fa6b0c449,ops,ops_fact_00002,row-000000254,2022-04-26T19:19:36Z,\N,2022-05-21T07:30:10Z,\N,1,assert
acme:data_row:acme-data-store-store-00042~f3777a50337d,data_row,acme,acme:data_store:store-00042~20df4870412d,crm,crm_fact_00064,row-000000307,2022-05-03T07:15:21Z,\N,2022-05-30T22:06:45Z,\N,1,assert
acme:data_row:acme-data-store-store-00000~2a537704748b,data_row,acme,acme:data_store:store-00000~199fa6b0c449,sales,sales_dim_00076,row-000000058,2022-05-31T16:43:35Z,\N,2022-06-09T11:32:09Z,\N,1,assert
acme:data_row:acme-data-store-store-00001~759ba3ba0e3c,data_row,acme,acme:data_store:store-00001~f3e021452766,crm,crm_fact_00096,row-000000061,2022-05-20T22:41:21Z,\N,2022-06-13T16:30:55Z,\N,1,assert
acme:data_row:acme-data-store-store-00003~7ac6346cfbdd,data_row,acme,acme:data_store:store-00003~355a60161960,crm,crm_dim_00105,row-000000294,2022-06-16T02:47:18Z,\N,2022-07-03T17:39:19Z,\N,1,assert
acme:data_row:acme-data-store-store-00045~287ea02cefc5,data_row,acme,acme:data_store:store-00045~bcae1cb7a646,sales,sales_dim_00009,row-000000180,2022-05-29T07:52:23Z,\N,2022-07-10T19:20:54Z,\N,1,assert
acme:data_row:acme-data-store-store-00005~83c313602a7d,data_row,acme,acme:data_store:store-00005~d9cb14e88d51,ops,legacy_events,row-000000070,2022-06-07T17:50:49Z,\N,2022-07-14T11:12:01Z,\N,1,assert
acme:data_row:acme-data-store-store-00042~8e39211661b3,data_row,acme,acme:data_store:store-00042~20df4870412d,crm,crm_fact_00064,row-000000202,2022-06-08T04:39:27Z,\N,2022-07-14T21:27:16Z,\N,1,assert
acme:data_row:acme-data-store-store-00004~7f3ae4928de0,data_row,acme,acme:data_store:store-00004~3f005a82b8d6,finance,finance_dim_00067,row-000000199,2022-06-20T17:06:28Z,\N,2022-07-16T06:32:31Z,\N,1,assert
acme:data_row:acme-data-store-store-00001~3a75ebabf879,data_row,acme,acme:data_store:store-00001~f3e021452766,sales,sales_fact_00019,row-000000312,2022-07-06T11:04:06Z,\N,2022-07-27T18:32:33Z,\N,1,assert
acme:data_row:acme-data-store-store-00000~96407213477a,data_row,acme,acme:data_store:store-00000~199fa6b0c449,sales,sales_dim_00076,row-000000272,2022-07-09T23:39:21Z,\N,2022-08-04T17:20:38Z,\N,1,assert
acme:data_row:acme-data-store-store-00005~1264be5de959,data_row,acme,acme:data_store:store-00005~d9cb14e88d51,sales,sales_fact_00058,row-000000077,2022-06-24T06:27:29Z,\N,2022-08-06T14:55:18Z,\N,1,assert
acme:data_row:acme-data-store-store-00005~985c052960dd,data_row,acme,acme:data_store:store-00005~d9cb14e88d51,finance,finance_dim_00075,row-000000123,2022-08-07T01:25:17Z,\N,2022-08-08T09:29:47Z,\N,1,assert
acme:data_row:acme-data-store-store-00041~ed61d54970c6,data_row,acme,acme:data_store:store-00041~3a94689d27db,finance,finance_dim_00079,row-000000084,2022-07-08T08:51:40Z,\N,2022-08-17T08:58:26Z,\N,1,assert
acme:data_row:acme-data-store-store-00004~f2f40eb991de,data_row,acme,acme:data_store:store-00004~3f005a82b8d6,wh,wh_dim_00023,row-000000371,2022-08-25T16:35:12Z,\N,2022-09-05T06:18:54Z,\N,1,assert
acme:data_row:acme-data-store-store-00001~9236ea464ad2,data_row,acme,acme:data_store:store-00001~f3e021452766,finance,finance_fact_00112,row-000000344,2022-09-17T00:23:56Z,\N,2022-09-18T12:58:48Z,\N,1,assert
acme:data_row:acme-data-store-store-00002~07a5912d110b,data_row,acme,acme:data_store:store-00002~a544946a70d1,finance,finance_fact_00049,row-000000048,2022-09-02T07:04:23Z,\N,2022-09-25T14:49:18Z,\N,1,assert
acme:data_row:acme-data-store-store-00004~181c5a992f63,data_row,acme,acme:data_store:store-00004~3f005a82b8d6,finance,finance_dim_00067,row-000000049,2022-08-19T22:52:49Z,\N,2022-10-02T13:36:13Z,\N,1,assert
acme:data_row:acme-data-store-store-00030~3c3bbff5b2c1,data_row,acme,acme:data_store:store-00030~7cf56a2d81dd,wh,wh_fact_00088,row-000000357,2022-09-12T21:39:21Z,\N,2022-10-22T07:38:33Z,\N,1,assert
acme:data_row:acme-data-store-store-00001~5ce62a8bc288,data_row,acme,acme:data_store:store-00001~f3e021452766,ops,ops_fact_00008,row-000000039,2022-10-05T12:29:19Z,\N,2022-10-26T14:57:35Z,\N,1,assert
acme:data_row:acme-data-store-store-00005~b095ad1aaea8,data_row,acme,acme:data_store:store-00005~d9cb14e88d51,iam,iam_fact_00122,row-000000069,2022-09-30T18:46:19Z,\N,2022-10-28T17:29:23Z,\N,1,assert
acme:data_row:acme-data-store-store-00041~b58202c59793,data_row,acme,acme:data_store:store-00041~3a94689d27db,finance,finance_dim_00079,row-000000364,2022-10-18T22:26:47Z,\N,2022-10-28T17:28:31Z,\N,1,assert
acme:data_row:acme-data-store-store-00003~05efc8721265,data_row,acme,acme:data_store:store-00003~355a60161960,sales,sales_fact_00107,row-000000278,2022-10-23T22:00:54Z,\N,2022-11-08T16:39:18Z,\N,1,assert
acme:data_row:acme-data-store-store-00004~8624082c1462,data_row,acme,acme:data_store:store-00004~3f005a82b8d6,hr,hr_dim_00071,row-000000156,2022-11-08T21:08:45Z,\N,2022-11-26T10:10:38Z,\N,1,assert
acme:data_row:acme-data-store-store-00045~9fe6f9ec7b2f,data_row,acme,acme:data_store:store-00045~bcae1cb7a646,sales,sales_dim_00009,row-000000296,2022-10-17T16:08:39Z,\N,2022-11-27T18:32:26Z,\N,1,assert
acme:data_row:acme-data-store-store-00004~69c5919f7940,data_row,acme,acme:data_store:store-00004~3f005a82b8d6,sales,sales_dim_00113,row-000000246,2022-10-27T07:19:17Z,\N,2022-11-28T15:11:37Z,\N,1,assert
acme:data_row:acme-data-store-store-00004~753734643211,data_row,acme,acme:data_store:store-00004~3f005a82b8d6,finance,finance_dim_00067,row-000000125,2022-11-28T05:58:03Z,\N,2022-12-05T12:33:08Z,\N,1,assert
acme:data_row:acme-data-store-store-00035~e2beeaf795a1,data_row,acme,acme:data_store:store-00035~61a4f2d1a91f,wh,wh_fact_00011,row-000000286,2022-11-11T20:40:41Z,\N,2022-12-21T12:42:44Z,\N,1,assert
acme:data_row:acme-data-store-store-00041~48243a2eec73,data_row,acme,acme:data_store:store-00041~3a94689d27db,finance,finance_dim_00079,row-000000232,2022-11-25T00:05:04Z,\N,2022-12-28T19:04:59Z,\N,1,assert
acme:data_row:acme-data-store-store-00041~3ae33a362737,data_row,acme,acme:data_store:store-00041~3a94689d27db,crm,crm_fact_00041,row-000000212,2022-12-22T04:23:01Z,\N,2023-01-03T01:44:50Z,\N,1,assert
acme:data_row:acme-data-store-store-00005~839dd3c19ac2,data_row,acme,acme:data_store:store-00005~d9cb14e88d51,ops,legacy_events,row-000000257,2022-11-29T08:45:20Z,\N,2023-01-05T03:47:18Z,\N,1,assert
acme:data_row:acme-data-store-store-00000~5a2c45906c61,data_row,acme,acme:data_store:store-00000~199fa6b0c449,ops,ops_fact_00002,row-000000210,2022-12-19T03:59:01Z,\N,2023-01-17T12:33:13Z,\N,1,assert
acme:data_row:acme-data-store-store-00045~d2aea751af0e,data_row,acme,acme:data_store:store-00045~bcae1cb7a646,sales,sales_dim_00009,row-000000179,2023-01-14T07:18:49Z,\N,2023-01-26T21:15:01Z,\N,1,assert
acme:data_row:acme-data-store-store-00004~9d8636091f4f,data_row,acme,acme:data_store:store-00004~3f005a82b8d6,wh,wh_dim_00023,row-000000007,2023-01-08T19:09:36Z,\N,2023-02-08T03:34:27Z,\N,1,assert
acme:data_row:acme-data-store-store-00002~603ba2ac5f4b,data_row,acme,acme:data_store:store-00002~a544946a70d1,hr,hr_fact_00004,row-000000151,2023-01-11T12:25:23Z,\N,2023-02-16T20:57:04Z,\N,1,assert
acme:data_row:acme-data-store-store-00004~7dd0eed9fda1,data_row,acme,acme:data_store:store-00004~3f005a82b8d6,finance,finance_dim_00067,row-000000196,2023-02-07T11:10:37Z,\N,2023-02-21T09:58:03Z,\N,1,assert
acme:data_row:acme-data-store-store-00005~514c55207e63,data_row,acme,acme:data_store:store-00005~d9cb14e88d51,sales,sales_fact_00058,row-000000211,2023-02-19T13:49:10Z,\N,2023-03-01T07:17:14Z,\N,1,assert
acme:data_row:acme-data-store-store-00032~8239bec05389,data_row,acme,acme:data_store:store-00032~3fb7e2e112a8,wh,wh_dim_00015,row-000000270,2023-03-14T03:20:40Z,\N,2023-04-09T13:51:58Z,\N,1,assert
acme:data_row:acme-data-store-store-00005~4cd4e3ae548d,data_row,acme,acme:data_store:store-00005~d9cb14e88d51,ops,legacy_events,row-000000140,2023-04-08T09:20:57Z,\N,2023-04-10T02:42:53Z,\N,1,assert
acme:data_row:acme-data-store-store-00005~f06b121909f4,data_row,acme,acme:data_store:store-00005~d9cb14e88d51,finance,finance_dim_00075,row-000000379,2023-04-04T04:28:27Z,\N,2023-04-19T20:13:45Z,\N,1,assert
acme:data_row:acme-data-store-store-00041~0f218ecf3ce2,data_row,acme,acme:data_store:store-00041~3a94689d27db,crm,crm_fact_00041,row-000000169,2023-04-21T13:26:21Z,\N,2023-04-21T13:26:21Z,\N,1,assert
acme:data_row:acme-data-store-store-00015~5f668677dd1d,data_row,acme,acme:data_store:store-00015~b90744b8b425,sales,sales_fact_00022,row-000000094,2023-04-06T12:23:33Z,\N,2023-04-25T23:46:26Z,\N,1,assert
acme:data_row:acme-data-store-store-00003~7a1192e4a738,data_row,acme,acme:data_store:store-00003~355a60161960,crm,crm_dim_00105,row-000000322,2023-03-26T19:03:24Z,\N,2023-05-04T18:50:42Z,\N,1,assert
acme:data_row:acme-data-store-store-00005~e37fedcd2756,data_row,acme,acme:data_store:store-00005~d9cb14e88d51,ops,legacy_events,row-000000041,2023-04-02T21:30:12Z,\N,2023-05-11T07:47:53Z,\N,1,assert
acme:data_row:acme-data-store-store-00005~9e85b2d85a1f,data_row,acme,acme:data_store:store-00005~d9cb14e88d51,crm,crm_fact_00070,row-000000147,2023-04-21T22:41:48Z,\N,2023-05-20T05:13:12Z,\N,1,assert
acme:data_row:acme-data-store-store-00001~723251f6cf3a,data_row,acme,acme:data_store:store-00001~f3e021452766,crm,crm_fact_00096,row-000000288,2023-04-23T20:14:05Z,\N,2023-05-26T01:59:57Z,\N,1,assert
acme:data_row:acme-data-store-store-00003~f62f17b1ded0,data_row,acme,acme:data_store:store-00003~355a60161960,finance,finance_fact_00025,row-000000205,2023-05-08T04:55:21Z,\N,2023-05-29T18:07:25Z,\N,1,assert
acme:data_row:acme-data-store-store-00041~737ec6afc128,data_row,acme,acme:data_store:store-00041~3a94689d27db,crm,crm_fact_00041,row-000000337,2023-04-25T18:29:35Z,\N,2023-06-06T15:33:06Z,\N,1,assert
acme:data_row:acme-data-store-store-00001~5e113021ee96,data_row,acme,acme:data_store:store-00001~f3e021452766,ops,ops_fact_00008,row-000000292,2023-05-03T04:08:32Z,\N,2023-06-16T20:09:36Z,\N,1,assert
acme:data_row:acme-data-store-store-00000~f170b1435ed3,data_row,acme,acme:data_store:store-00000~199fa6b0c449,hr,employee,row-000000367,2023-05-17T17:29:32Z,\N,2023-06-18T11:19:13Z,\N,1,assert
acme:data_row:acme-data-store-store-00002~f2fbd2f49365,data_row,acme,acme:data_store:store-00002~a544946a70d1,hr,hr_fact_00004,row-000000318,2023-07-01T19:33:00Z,\N,2023-07-01T19:33:00Z,\N,1,assert
acme:data_row:acme-data-store-store-00001~2d56c5c29017,data_row,acme,acme:data_store:store-00001~f3e021452766,crm,crm_fact_00096,row-000000342,2023-06-02T10:10:11Z,\N,2023-07-02T19:48:17Z,\N,1,assert
acme:data_row:acme-data-store-store-00000~2402cae97e25,data_row,acme,acme:data_store:store-00000~199fa6b0c449,ops,ops_dim_00115,row-000000326,2023-06-29T12:33:57Z,\N,2023-07-04T08:46:06Z,\N,1,assert
acme:data_row:acme-data-store-store-00005~9e37e516b644,data_row,acme,acme:data_store:store-00005~d9cb14e88d51,sales,sales_fact_00058,row-000000215,2023-06-17T07:35:23Z,\N,2023-07-24T02:00:42Z,\N,1,assert
acme:data_row:acme-data-store-store-00005~ecdb471332cf,data_row,acme,acme:data_store:store-00005~d9cb14e88d51,crm,crm_fact_00070,row-000000023,2023-08-10T13:55:36Z,\N,2023-08-10T13:55:36Z,\N,1,assert
acme:data_row:acme-data-store-store-00000~b079d06fc6d2,data_row,acme,acme:data_store:store-00000~199fa6b0c449,ops,ops_dim_00115,row-000000174,2023-07-01T17:16:09Z,\N,2023-08-14T10:58:09Z,\N,1,assert
acme:data_row:acme-data-store-store-00005~51359f89afbc,data_row,acme,acme:data_store:store-00005~d9cb14e88d51,finance,finance_dim_00075,row-000000298,2023-08-09T05:02:54Z,\N,2023-08-14T08:58:58Z,\N,1,assert
acme:data_row:acme-data-store-store-00041~7df0380d778e,data_row,acme,acme:data_store:store-00041~3a94689d27db,crm,crm_fact_00041,row-000000116,2023-08-06T18:01:20Z,\N,2023-08-30T19:07:48Z,\N,1,assert
acme:data_row:acme-data-store-store-00045~0e54963dc371,data_row,acme,acme:data_store:store-00045~bcae1cb7a646,sales,sales_dim_00009,row-000000289,2023-08-29T02:18:28Z,\N,2023-09-20T15:09:58Z,\N,1,assert
acme:data_row:acme-data-store-store-00030~ffcc86a2889c,data_row,acme,acme:data_store:store-00030~7cf56a2d81dd,finance,finance_dim_00097,row-000000144,2023-08-30T19:23:13Z,\N,2023-10-10T08:51:27Z,\N,1,assert
acme:data_row:acme-data-store-store-00000~b02d5e222986,data_row,acme,acme:data_store:store-00000~199fa6b0c449,ops,ops_fact_00002,row-000000238,2023-09-18T01:55:05Z,\N,2023-10-18T23:18:25Z,\N,1,assert
acme:data_row:acme-data-store-store-00001~24c1acadf2f7,data_row,acme,acme:data_store:store-00001~f3e021452766,crm,crm_fact_00096,row-000000377,2023-09-22T17:21:52Z,\N,2023-10-21T06:17:55Z,\N,1,assert
acme:data_row:acme-data-store-store-00004~e4dc83bb9f9b,data_row,acme,acme:data_store:store-00004~3f005a82b8d6,hr,hr_dim_00071,row-000000112,2023-10-14T05:13:48Z,\N,2023-10-24T16:20:36Z,\N,1,assert
acme:data_row:acme-data-store-store-00005~ed9b1da25637,data_row,acme,acme:data_store:store-00005~d9cb14e88d51,ops,legacy_events,row-000000353,2023-09-28T17:38:03Z,\N,2023-10-25T19:32:13Z,\N,1,assert
acme:data_row:acme-data-store-store-00004~577faf4c2e99,data_row,acme,acme:data_store:store-00004~3f005a82b8d6,finance,finance_dim_00067,row-000000247,2023-11-11T02:27:53Z,\N,2023-11-14T13:15:21Z,\N,1,assert
acme:data_row:acme-data-store-store-00053~b990dbee3a07,data_row,acme,acme:data_store:store-00053~cfc974814be8,hr,hr_fact_00033,row-000000050,2023-10-15T11:01:37Z,\N,2023-11-16T22:23:47Z,\N,1,assert
acme:data_row:acme-data-store-store-00001~f43b14c09a4d,data_row,acme,acme:data_store:store-00001~f3e021452766,ops,ops_fact_00008,row-000000167,2023-11-01T02:28:03Z,\N,2023-11-25T13:59:48Z,\N,1,assert
acme:data_row:acme-data-store-store-00026~ba039f9d3a80,data_row,acme,acme:data_store:store-00026~a4fd7cb3cc14,ops,ops_dim_00094,row-000000036,2023-11-22T18:32:12Z,\N,2023-12-13T15:12:55Z,\N,1,assert
acme:data_row:acme-data-store-store-00000~cfee4e144356,data_row,acme,acme:data_store:store-00000~199fa6b0c449,ops,ops_dim_00115,row-000000200,2023-11-12T23:39:23Z,\N,2023-12-26T17:43:12Z,\N,1,assert
acme:data_row:acme-data-store-store-00001~b1a11ca60356,data_row,acme,acme:data_store:store-00001~f3e021452766,finance,finance_fact_00112,row-000000268,2023-12-26T15:03:27Z,\N,2023-12-30T04:57:59Z,\N,1,assert
acme:data_row:acme-data-store-store-00001~4debeea020cb,data_row,acme,acme:data_store:store-00001~f3e021452766,finance,finance_fact_00112,row-000000046,2023-12-17T23:08:12Z,\N,2024-01-05T18:06:22Z,\N,1,assert
acme:data_row:acme-data-store-store-00005~7fc8b5a1afe9,data_row,acme,acme:data_store:store-00005~d9cb14e88d51,iam,iam_fact_00073,row-000000370,2024-01-05T15:30:46Z,\N,2024-01-10T22:51:49Z,\N,1,assert
acme:data_row:acme-data-store-store-00005~062af0c3b191,data_row,acme,acme:data_store:store-00005~d9cb14e88d51,iam,iam_fact_00073,row-000000019,2023-12-21T20:59:33Z,\N,2024-01-14T06:36:29Z,\N,1,assert
acme:data_row:acme-data-store-store-00050~13a9c9efc343,data_row,acme,acme:data_store:store-00050~5048ce7cff7d,sales,sales_dim_00063,row-000000176,2023-12-04T17:35:18Z,\N,2024-01-17T01:40:43Z,\N,1,assert
acme:data_row:acme-data-store-store-00003~6a0e46b8b690,data_row,acme,acme:data_store:store-00003~355a60161960,finance,finance_fact_00025,row-000000073,2023-12-31T22:24:45Z,\N,2024-01-21T17:12:27Z,\N,1,assert
acme:data_row:acme-data-store-store-00047~5c656e2d54af,data_row,acme,acme:data_store:store-00047~393f06fbb078,wh,wh_fact_00014,row-000000074,2023-12-31T00:27:53Z,\N,2024-01-21T15:55:39Z,\N,1,assert
acme:data_row:acme-data-store-store-00050~7ae790fb0100,data_row,acme,acme:data_store:store-00050~5048ce7cff7d,sales,sales_dim_00063,row-000000138,2024-01-20T15:29:18Z,\N,2024-02-04T08:24:54Z,\N,1,assert
acme:data_row:acme-data-store-store-00005~cc9235804b5b,data_row,acme,acme:data_store:store-00005~d9cb14e88d51,finance,finance_dim_00075,row-000000208,2024-01-28T08:01:43Z,\N,2024-02-05T00:22:28Z,\N,1,assert
acme:data_row:acme-data-store-store-00003~0da72dc960ca,data_row,acme,acme:data_store:store-00003~355a60161960,crm,crm_fact_00003,row-000000034,2024-01-23T04:47:53Z,\N,2024-02-09T17:31:56Z,\N,1,assert
acme:data_row:acme-data-store-store-00002~7e306f99048a,data_row,acme,acme:data_store:store-00002~a544946a70d1,wh,wh_fact_00007,row-000000062,2024-01-19T10:26:58Z,\N,2024-02-09T09:47:28Z,\N,1,assert
acme:data_row:acme-data-store-store-00003~2c917536e7f3,data_row,acme,acme:data_store:store-00003~355a60161960,finance,finance_fact_00025,row-000000297,2024-01-02T01:46:48Z,\N,2024-02-09T04:25:31Z,\N,1,assert
acme:data_row:acme-data-store-store-00006~e744fdcc7cb6,data_row,acme,acme:data_store:store-00006~cefd6d6f83c8,ops,ops_fact_00032,row-000000225,2024-02-16T13:51:54Z,\N,2024-02-22T01:41:57Z,\N,1,assert
acme:data_row:acme-data-store-store-00005~1d6e18ebc76f,data_row,acme,acme:data_store:store-00005~d9cb14e88d51,iam,iam_fact_00073,row-000000098,2024-02-11T23:55:27Z,\N,2024-03-05T02:39:10Z,\N,1,assert
acme:data_row:acme-data-store-store-00045~bbb723e722b3,data_row,acme,acme:data_store:store-00045~bcae1cb7a646,sales,sales_dim_00009,row-000000009,2024-02-13T15:48:21Z,\N,2024-03-14T11:06:45Z,\N,1,assert
acme:data_row:acme-data-store-store-00053~70c2a04cef46,data_row,acme,acme:data_store:store-00053~cfc974814be8,hr,hr_fact_00033,row-000000285,2024-03-02T08:56:05Z,\N,2024-03-30T03:40:42Z,\N,1,assert
acme:data_row:acme-data-store-store-00001~204f89077112,data_row,acme,acme:data_store:store-00001~f3e021452766,sales,sales_fact_00019,row-000000348,2024-04-18T20:38:44Z,\N,2024-04-22T12:00:11Z,\N,1,assert
acme:data_row:acme-data-store-store-00050~284eb7972491,data_row,acme,acme:data_store:store-00050~5048ce7cff7d,hr,hr_fact_00090,row-000000255,2024-03-30T04:10:02Z,\N,2024-04-23T19:18:45Z,\N,1,assert
acme:data_row:acme-data-store-store-00003~1cabca888af8,data_row,acme,acme:data_store:store-00003~355a60161960,crm,crm_dim_00105,row-000000078,2024-03-28T14:09:55Z,\N,2024-04-27T19:08:28Z,\N,1,assert
acme:data_row:acme-data-store-store-00002~a07290423c8b,data_row,acme,acme:data_store:store-00002~a544946a70d1,hr,hr_fact_00004,row-000000302,2024-05-01T08:46:57Z,\N,2024-05-01T08:46:57Z,\N,1,assert
acme:data_row:acme-data-store-store-00005~38ae5673a4e7,data_row,acme,acme:data_store:store-00005~d9cb14e88d51,finance,finance_dim_00075,row-000000093,2024-04-22T06:58:10Z,\N,2024-05-11T01:12:12Z,\N,1,assert
acme:data_row:acme-data-store-store-00003~8053971b024a,data_row,acme,acme:data_store:store-00003~355a60161960,sales,sales_fact_00107,row-000000237,2024-05-08T11:57:22Z,\N,2024-05-19T02:46:27Z,\N,1,assert
acme:data_row:acme-data-store-store-00003~6fe7e4c0c516,data_row,acme,acme:data_store:store-00003~355a60161960,crm,crm_fact_00003,row-000000076,2024-05-11T00:08:35Z,\N,2024-05-22T07:55:33Z,\N,1,assert
acme:data_row:acme-data-store-store-00027~0a5880dbe7a1,data_row,acme,acme:data_store:store-00027~0c9d272f0960,wh,wh_fact_00101,row-000000334,2024-05-10T12:45:50Z,\N,2024-06-05T21:11:36Z,\N,1,assert
acme:data_row:acme-data-store-store-00000~26d9639e1273,data_row,acme,acme:data_store:store-00000~199fa6b0c449,ops,ops_dim_00115,row-000000231,2024-05-06T15:39:44Z,\N,2024-06-08T21:17:54Z,\N,1,assert
acme:data_row:acme-data-store-store-00001~2b7163ed2cd6,data_row,acme,acme:data_store:store-00001~f3e021452766,sales,sales_fact_00019,row-000000010,2024-05-29T12:37:44Z,\N,2024-06-30T21:10:30Z,\N,1,assert
acme:data_row:acme-data-store-store-00015~ce838a5d1c0a,data_row,acme,acme:data_store:store-00015~b90744b8b425,sales,sales_fact_00022,row-000000027,2024-05-24T23:03:51Z,\N,2024-06-30T11:07:34Z,\N,1,assert
acme:data_row:acme-data-store-store-00005~b24e2442794c,data_row,acme,acme:data_store:store-00005~d9cb14e88d51,ops,legacy_events,row-000000188,2024-06-18T02:54:16Z,\N,2024-07-04T14:51:38Z,\N,1,assert
acme:data_row:acme-data-store-store-00001~ca3eb381b30c,data_row,acme,acme:data_store:store-00001~f3e021452766,sales,sales_fact_00019,row-000000028,2024-06-29T19:39:34Z,\N,2024-07-15T00:58:26Z,\N,1,assert
acme:data_row:acme-data-store-store-00035~738652f864df,data_row,acme,acme:data_store:store-00035~61a4f2d1a91f,wh,wh_fact_00011,row-000000217,2024-06-29T17:15:31Z,\N,2024-07-17T10:27:05Z,\N,1,assert
acme:data_row:acme-data-store-store-00005~b57421cc1ae8,data_row,acme,acme:data_store:store-00005~d9cb14e88d51,iam,iam_dim_00109,row-000000323,2024-06-12T19:43:48Z,\N,2024-07-23T23:07:09Z,\N,1,assert
acme:data_row:acme-data-store-store-00005~fef928b0ca96,data_row,acme,acme:data_store:store-00005~d9cb14e88d51,iam,iam_fact_00122,row-000000105,2024-06-25T07:56:17Z,\N,2024-08-01T16:15:36Z,\N,1,assert
acme:data_row:acme-data-store-store-00002~dd1fa3f60ced,data_row,acme,acme:data_store:store-00002~a544946a70d1,sales,sales_dim_00095,row-000000030,2024-08-07T01:59:36Z,\N,2024-08-22T09:39:07Z,\N,1,assert
acme:data_row:acme-data-store-store-00002~ee3ffa336907,data_row,acme,acme:data_store:store-00002~a544946a70d1,sales,sales_dim_00095,row-000000306,2024-07-27T09:25:49Z,\N,2024-08-24T08:30:29Z,\N,1,assert
acme:data_row:acme-data-store-store-00000~7d970b972be1,data_row,acme,acme:data_store:store-00000~199fa6b0c449,ops,ops_dim_00115,row-000000280,2024-09-01T17:49:42Z,\N,2024-09-01T17:49:42Z,\N,1,assert
acme:data_row:acme-data-store-store-00050~5d2f9d7d97ee,data_row,acme,acme:data_store:store-00050~5048ce7cff7d,hr,hr_fact_00090,row-000000038,2024-08-17T12:44:55Z,\N,2024-09-06T18:43:31Z,\N,1,assert
acme:data_row:acme-data-store-store-00005~869d1f33c406,data_row,acme,acme:data_store:store-00005~d9cb14e88d51,iam,iam_fact_00122,row-000000068,2024-08-28T20:44:59Z,\N,2024-09-07T23:29:11Z,\N,1,assert
acme:data_row:acme-data-store-store-00047~123c198b348d,data_row,acme,acme:data_store:store-00047~393f06fbb078,wh,wh_fact_00014,row-000000264,2024-09-03T14:41:15Z,\N,2024-09-08T06:21:47Z,\N,1,assert
acme:data_row:acme-data-store-store-00027~d6457865d885,data_row,acme,acme:data_store:store-00027~0c9d272f0960,wh,wh_fact_00101,row-000000139,2024-09-16T07:17:08Z,\N,2024-09-28T12:29:39Z,\N,1,assert
acme:data_row:acme-data-store-store-00000~b4d36d42d8d6,data_row,acme,acme:data_store:store-00000~199fa6b0c449,sales,sales_dim_00076,row-000000366,2024-09-08T19:24:30Z,\N,2024-10-12T20:44:47Z,\N,1,assert
acme:data_row:acme-data-store-store-00015~7e4e3f152361,data_row,acme,acme:data_store:store-00015~b90744b8b425,sales,sales_fact_00022,row-000000320,2024-10-06T16:41:00Z,\N,2024-11-02T07:48:55Z,\N,1,assert
acme:data_row:acme-data-store-store-00001~0ff791e137bc,data_row,acme,acme:data_store:store-00001~f3e021452766,sales,sales_fact_00019,row-000000352,2024-10-10T15:04:21Z,\N,2024-11-09T03:40:24Z,\N,1,assert
acme:data_row:acme-data-store-store-00058~8df69109f11b,data_row,acme,acme:data_store:store-00058~c06e3715c28a,ops,ops_dim_00055,row-000000333,2024-10-08T18:48:12Z,\N,2024-11-20T09:24:53Z,\N,1,assert
acme:data_row:acme-data-store-store-00030~b444fa800871,data_row,acme,acme:data_store:store-00030~7cf56a2d81dd,ops,ops_fact_00035,row-000000146,2024-10-28T19:05:44Z,\N,2024-11-21T21:41:40Z,\N,1,assert
acme:data_row:acme-data-store-store-00003~98cd08ed8189,data_row,acme,acme:data_store:store-00003~355a60161960,iam,iam_fact_00120,row-000000248,2024-10-25T05:33:00Z,\N,2024-12-02T07:40:12Z,\N,1,assert
acme:data_row:acme-data-store-store-00003~4b142806022a,data_row,acme,acme:data_store:store-00003~355a60161960,finance,finance_fact_00025,row-000000008,2024-10-25T03:11:36Z,\N,2024-12-05T08:56:38Z,\N,1,assert
acme:data_row:acme-data-store-store-00005~4488c8d2dd3e,data_row,acme,acme:data_store:store-00005~d9cb14e88d51,iam,iam_fact_00073,row-000000303,2024-10-30T04:42:06Z,\N,2024-12-05T15:45:05Z,\N,1,assert
acme:data_row:acme-data-store-store-00028~998eecc39f09,data_row,acme,acme:data_store:store-00028~16ccdbcd0364,crm,crm_fact_00065,row-000000345,2024-12-16T16:25:10Z,\N,2025-01-01T03:14:08Z,\N,1,assert
acme:data_row:acme-data-store-store-00005~0642b7ad0504,data_row,acme,acme:data_store:store-00005~d9cb14e88d51,ops,legacy_events,row-000000085,2024-12-22T00:54:41Z,\N,2025-01-13T19:22:59Z,\N,1,assert
acme:data_row:acme-data-store-store-00005~c305329e3c0b,data_row,acme,acme:data_store:store-00005~d9cb14e88d51,iam,iam_fact_00122,row-000000059,2025-01-01T15:31:58Z,\N,2025-01-15T16:02:14Z,\N,1,assert
acme:data_row:acme-data-store-store-00005~a728e576cbb7,data_row,acme,acme:data_store:store-00005~d9cb14e88d51,crm,crm_fact_00070,row-000000373,2025-01-10T15:50:33Z,\N,2025-01-25T12:10:41Z,\N,1,assert
acme:data_row:acme-data-store-store-00000~26a36a56f752,data_row,acme,acme:data_store:store-00000~199fa6b0c449,ops,ops_dim_00115,row-000000117,2025-01-19T19:29:57Z,\N,2025-02-09T06:40:12Z,\N,1,assert
acme:data_row:acme-data-store-store-00005~eb77b5afd340,data_row,acme,acme:data_store:store-00005~d9cb14e88d51,crm,crm_fact_00070,row-000000079,2025-01-26T15:19:35Z,\N,2025-02-15T06:09:04Z,\N,1,assert
acme:data_row:acme-data-store-store-00030~a21ded2abbc9,data_row,acme,acme:data_store:store-00030~7cf56a2d81dd,sales,sales_dim_00047,row-000000060,2025-02-20T07:22:15Z,\N,2025-02-26T11:16:41Z,\N,1,assert
acme:data_row:acme-data-store-store-00030~8ce76f3f6224,data_row,acme,acme:data_store:store-00030~7cf56a2d81dd,ops,ops_fact_00035,row-000000087,2025-02-19T17:33:41Z,\N,2025-02-26T17:31:02Z,\N,1,assert
acme:data_row:acme-data-store-store-00002~e5c80dd10fe9,data_row,acme,acme:data_store:store-00002~a544946a70d1,wh,wh_fact_00007,row-000000253,2025-02-03T00:05:03Z,\N,2025-03-04T01:04:20Z,\N,1,assert
acme:data_row:acme-data-store-store-00002~ce2b7e455d8d,data_row,acme,acme:data_store:store-00002~a544946a70d1,finance,finance_fact_00049,row-000000020,2025-02-28T23:33:11Z,\N,2025-03-30T20:02:21Z,\N,1,assert
acme:data_row:acme-data-store-store-00015~b90a4f783282,data_row,acme,acme:data_store:store-00015~b90744b8b425,sales,sales_fact_00022,row-000000295,2025-03-24T17:53:58Z,\N,2025-04-05T18:41:20Z,\N,1,assert
acme:data_row:acme-data-store-store-00015~ced82e2cc4b9,data_row,acme,acme:data_store:store-00015~b90744b8b425,iam,iam_dim_00057,row-000000057,2025-04-07T01:52:50Z,\N,2025-04-12T11:50:55Z,\N,1,assert
acme:data_row:acme-data-store-store-00019~bca670681fc9,data_row,acme,acme:data_store:store-00019~5a4a474c1de7,iam,iam_fact_00054,row-000000356,2025-03-20T10:03:18Z,\N,2025-04-13T13:41:32Z,\N,1,assert
acme:data_row:acme-data-store-store-00001~6861feb81145,data_row,acme,acme:data_store:store-00001~f3e021452766,ops,ops_fact_00008,row-000000350,2025-04-15T09:17:42Z,\N,2025-04-25T21:34:18Z,\N,1,assert
acme:data_row:acme-data-store-store-00027~b4ba42b5acd5,data_row,acme,acme:data_store:store-00027~0c9d272f0960,wh,wh_fact_00101,row-000000109,2025-03-24T16:09:55Z,\N,2025-04-26T14:56:51Z,\N,1,assert
acme:data_row:acme-data-store-store-00002~138fa9c61b01,data_row,acme,acme:data_store:store-00002~a544946a70d1,wh,wh_fact_00030,row-000000313,2025-04-17T01:18:09Z,\N,2025-04-26T19:50:46Z,\N,1,assert
acme:data_row:acme-data-store-store-00035~a173ce5b4a8f,data_row,acme,acme:data_store:store-00035~61a4f2d1a91f,ops,ops_fact_00013,row-000000365,2025-04-20T22:11:28Z,\N,2025-04-28T21:47:45Z,\N,1,assert
acme:data_row:acme-data-store-store-00027~e7364cf85b42,data_row,acme,acme:data_store:store-00027~0c9d272f0960,wh,wh_fact_00101,row-000000107,2025-03-28T19:26:31Z,\N,2025-05-02T13:58:24Z,\N,1,assert
acme:data_row:acme-data-store-store-00001~337e84f78450,data_row,acme,acme:data_store:store-00001~f3e021452766,sales,sales_fact_00019,row-000000315,2025-05-07T19:19:41Z,\N,2025-05-08T15:36:13Z,\N,1,assert
acme:data_row:acme-data-store-store-00041~00e0918e61f2,data_row,acme,acme:data_store:store-00041~3a94689d27db,finance,finance_dim_00079,row-000000213,2025-04-28T14:58:19Z,\N,2025-05-10T11:18:40Z,\N,1,assert
acme:data_row:acme-data-store-store-00047~215060de2aef,data_row,acme,acme:data_store:store-00047~393f06fbb078,wh,wh_fact_00014,row-000000102,2025-04-07T21:04:08Z,\N,2025-05-17T22:37:58Z,\N,1,assert
acme:data_row:acme-data-store-store-00050~d59548eec96d,data_row,acme,acme:data_store:store-00050~5048ce7cff7d,hr,hr_fact_00090,row-000000178,2025-05-01T11:06:40Z,\N,2025-05-20T23:17:13Z,\N,1,assert
acme:data_row:acme-data-store-store-00047~14caa96e1d30,data_row,acme,acme:data_store:store-00047~393f06fbb078,wh,wh_fact_00014,row-000000113,2025-04-27T21:40:33Z,\N,2025-05-27T22:00:01Z,\N,1,assert
acme:data_row:acme-data-store-store-00003~7b86cf7fbfdc,data_row,acme,acme:data_store:store-00003~355a60161960,iam,iam_fact_00120,row-000000273,2025-05-17T13:17:48Z,\N,2025-05-27T09:36:05Z,\N,1,assert
acme:data_row:acme-data-store-store-00006~2ec42db17a98,data_row,acme,acme:data_store:store-00006~cefd6d6f83c8,ops,ops_fact_00032,row-000000099,2025-04-21T18:55:06Z,\N,2025-05-30T19:57:10Z,\N,1,assert
acme:data_row:acme-data-store-store-00038~519df09b2dfa,data_row,acme,acme:data_store:store-00038~ad708d8492b0,finance,finance_fact_00091,row-000000015,2025-05-20T15:49:24Z,\N,2025-06-05T09:39:18Z,\N,1,assert
acme:data_row:acme-data-store-store-00041~0437d8c05b7c,data_row,acme,acme:data_store:store-00041~3a94689d27db,crm,crm_fact_00041,row-000000154,2025-05-01T17:11:47Z,\N,2025-06-07T19:56:00Z,\N,1,assert
acme:data_row:acme-data-store-store-00050~114530aeaf74,data_row,acme,acme:data_store:store-00050~5048ce7cff7d,sales,sales_dim_00063,row-000000181,2025-05-09T09:19:43Z,\N,2025-06-07T20:41:05Z,\N,1,assert
acme:data_row:acme-data-store-store-00050~d2456c477feb,data_row,acme,acme:data_store:store-00050~5048ce7cff7d,hr,hr_fact_00090,row-000000240,2025-05-08T09:55:46Z,\N,2025-06-19T20:50:06Z,\N,1,assert
acme:data_row:acme-data-store-store-00030~0c9df9b89a8f,data_row,acme,acme:data_store:store-00030~7cf56a2d81dd,ops,ops_fact_00035,row-000000239,2025-06-05T23:32:05Z,\N,2025-07-13T07:48:43Z,\N,1,assert
acme:data_row:acme-data-store-store-00041~e4ef85784012,data_row,acme,acme:data_store:store-00041~3a94689d27db,crm,crm_fact_00041,row-000000031,2025-06-18T01:15:51Z,\N,2025-07-28T08:11:37Z,\N,1,assert
acme:data_row:acme-data-store-store-00035~00826fa40af3,data_row,acme,acme:data_store:store-00035~61a4f2d1a91f,iam,iam_fact_00086,row-000000155,2025-07-08T19:43:26Z,\N,2025-08-05T23:46:23Z,\N,1,assert
acme:data_row:acme-data-store-store-00015~f30c20b20297,data_row,acme,acme:data_store:store-00015~b90744b8b425,iam,iam_dim_00057,row-000000327,2025-07-24T07:31:55Z,\N,2025-08-06T07:52:15Z,\N,1,assert
acme:data_row:acme-data-store-store-00034~c34a81811e2e,data_row,acme,acme:data_store:store-00034~a13ca0592528,hr,hr_fact_00106,row-000000016,2025-08-04T21:13:16Z,\N,2025-08-13T12:40:13Z,\N,1,assert
acme:data_row:acme-data-store-store-00032~a7607cb7a623,data_row,acme,acme:data_store:store-00032~3fb7e2e112a8,wh,wh_dim_00015,row-000000331,2025-07-03T15:08:47Z,\N,2025-08-13T11:05:59Z,\N,1,assert
acme:data_row:acme-data-store-store-00000~353ea19b1b39,data_row,acme,acme:data_store:store-00000~199fa6b0c449,ops,ops_dim_00115,row-000000335,2025-08-22T15:20:30Z,\N,2025-08-26T18:10:47Z,\N,1,assert
acme:data_row:acme-data-store-store-00005~d07605b46e3e,data_row,acme,acme:data_store:store-00005~d9cb14e88d51,sales,sales_fact_00058,row-000000346,2025-08-28T18:20:41Z,\N,2025-08-29T08:16:27Z,\N,1,assert
acme:data_row:acme-data-store-store-00030~6f1d3cd64954,data_row,acme,acme:data_store:store-00030~7cf56a2d81dd,iam,iam_fact_00074,row-000000063,2025-08-01T13:18:18Z,\N,2025-08-30T09:33:57Z,\N,1,assert
acme:data_row:acme-data-store-store-00041~8d023d8adc78,data_row,acme,acme:data_store:store-00041~3a94689d27db,crm,crm_fact_00041,row-000000014,2025-08-13T11:11:56Z,\N,2025-09-03T04:57:58Z,\N,1,assert
acme:data_row:acme-data-store-store-00000~f5b98da17f55,data_row,acme,acme:data_store:store-00000~199fa6b0c449,ops,ops_fact_00002,row-000000163,2025-08-23T09:37:27Z,\N,2025-09-04T06:40:41Z,\N,1,assert
acme:data_row:acme-data-store-store-00003~cd0f8178b504,data_row,acme,acme:data_store:store-00003~355a60161960,finance,finance_fact_00025,row-000000241,2025-08-30T08:41:52Z,\N,2025-09-11T02:27:01Z,\N,1,assert
acme:data_row:acme-data-store-store-00003~8256d392ee78,data_row,acme,acme:data_store:store-00003~355a60161960,crm,crm_fact_00003,row-000000111,2025-09-03T13:54:32Z,\N,2025-09-16T01:34:41Z,\N,1,assert
acme:data_row:acme-data-store-store-00045~d590bda64353,data_row,acme,acme:data_store:store-00045~bcae1cb7a646,sales,sales_dim_00009,row-000000175,2025-08-25T03:11:06Z,\N,2025-09-18T05:42:06Z,\N,1,assert
acme:data_row:acme-data-store-store-00030~b776304c31eb,data_row,acme,acme:data_store:store-00030~7cf56a2d81dd,ops,ops_fact_00035,row-000000162,2025-09-15T21:14:41Z,\N,2025-09-20T21:13:19Z,\N,1,assert
acme:data_row:acme-data-store-store-00007~1d8053d7dfe6,data_row,acme,acme:data_store:store-00007~61b44d6166b5,iam,iam_dim_00029,row-000000119,2025-08-28T08:16:29Z,\N,2025-09-22T09:33:03Z,\N,1,assert
acme:data_row:acme-data-store-store-00003~f87b62d64e2b,data_row,acme,acme:data_store:store-00003~355a60161960,finance,finance_fact_00025,row-000000235,2025-09-09T09:18:10Z,\N,2025-09-27T04:35:25Z,\N,1,assert
acme:data_row:acme-data-store-store-00002~d52f89ce0af2,data_row,acme,acme:data_store:store-00002~a544946a70d1,wh,wh_fact_00085,row-000000256,2025-09-02T04:23:19Z,\N,2025-10-02T22:40:24Z,\N,1,assert
acme:data_row:acme-data-store-store-00005~11fa9f3b1a0e,data_row,acme,acme:data_store:store-00005~d9cb14e88d51,iam,iam_dim_00109,row-000000266,2025-09-09T12:46:32Z,\N,2025-10-02T06:52:25Z,\N,1,assert
acme:data_row:acme-data-store-store-00006~17cdaa4d8285,data_row,acme,acme:data_store:store-00006~cefd6d6f83c8,crm,crm_fact_00038,row-000000349,2025-09-26T12:40:56Z,\N,2025-10-10T21:24:11Z,\N,1,assert
acme:data_row:acme-data-store-store-00033~c74e3327962d,data_row,acme,acme:data_store:store-00033~736c89011dd7,hr,hr_fact_00044,row-000000025,2025-09-30T08:54:29Z,\N,2025-10-17T19:28:03Z,\N,1,assert
acme:data_row:acme-data-store-store-00030~9efee16cff9e,data_row,acme,acme:data_store:store-00030~7cf56a2d81dd,wh,wh_fact_00088,row-000000165,2025-09-26T10:16:04Z,\N,2025-10-18T19:25:26Z,\N,1,assert
acme:data_row:acme-data-store-store-00001~24c562e0828b,data_row,acme,acme:data_store:store-00001~f3e021452766,finance,finance_fact_00112,row-000000222,2025-10-02T08:14:27Z,\N,2025-10-23T20:43:20Z,\N,1,assert
acme:data_row:acme-data-store-store-00035~10b54152dfdc,data_row,acme,acme:data_store:store-00035~61a4f2d1a91f,iam,iam_fact_00086,row-000000145,2025-09-26T12:08:38Z,\N,2025-10-24T21:53:05Z,\N,1,assert
acme:data_row:acme-data-store-store-00004~ff5be078694f,data_row,acme,acme:data_store:store-00004~3f005a82b8d6,hr,hr_dim_00071,row-000000214,2025-09-27T08:51:08Z,\N,2025-10-26T06:39:13Z,\N,1,assert
acme:data_row:acme-data-store-store-00034~6437795f6680,data_row,acme,acme:data_store:store-00034~a13ca0592528,sales,sales_dim_00043,row-000000135,2025-10-23T13:36:47Z,\N,2025-10-28T20:05:34Z,\N,1,assert
acme:data_row:acme-data-store-store-00000~662ccb4dcbe0,data_row,acme,acme:data_store:store-00000~199fa6b0c449,hr,employee,row-000000329,2025-10-28T03:01:30Z,\N,2025-11-10T08:39:21Z,\N,1,assert
acme:data_row:acme-data-store-store-00026~40642958baa4,data_row,acme,acme:data_store:store-00026~a4fd7cb3cc14,ops,ops_dim_00094,row-000000209,2025-11-22T05:43:39Z,\N,2025-11-22T05:43:39Z,\N,1,assert
acme:data_row:acme-data-store-store-00002~e149b12693e2,data_row,acme,acme:data_store:store-00002~a544946a70d1,wh,wh_fact_00007,row-000000133,2025-11-03T19:17:04Z,\N,2025-12-10T07:27:47Z,\N,1,assert
acme:data_row:acme-data-store-store-00038~1f94537241a3,data_row,acme,acme:data_store:store-00038~ad708d8492b0,finance,finance_fact_00091,row-000000043,2025-12-17T22:13:21Z,\N,2025-12-21T05:50:36Z,\N,1,assert
acme:data_row:acme-data-store-store-00030~ca8ce4ce1b5b,data_row,acme,acme:data_store:store-00030~7cf56a2d81dd,iam,iam_fact_00074,row-000000006,2025-11-27T22:32:35Z,\N,2025-12-30T11:07:56Z,\N,1,assert
acme:data_row:acme-data-store-store-00028~816318078fbd,data_row,acme,acme:data_store:store-00028~16ccdbcd0364,finance,finance_dim_00021,row-000000083,2025-12-25T21:30:17Z,\N,2026-01-01T19:55:37Z,\N,1,assert
acme:data_row:acme-data-store-store-00012~f0dd0c45fecd,data_row,acme,acme:data_store:store-00012~3e059b31b745,sales,sales_fact_00016,row-000000089,2025-11-28T03:32:36Z,\N,2026-01-03T09:17:43Z,\N,1,assert
acme:data_row:acme-data-store-store-00030~9a5f2f4a96c4,data_row,acme,acme:data_store:store-00030~7cf56a2d81dd,iam,iam_fact_00074,row-000000263,2025-12-11T11:32:52Z,\N,2026-01-04T09:33:06Z,\N,1,assert
acme:data_row:acme-data-store-store-00002~fff7bcf9e81c,data_row,acme,acme:data_store:store-00002~a544946a70d1,hr,hr_fact_00004,row-000000304,2026-01-04T09:08:18Z,\N,2026-01-04T09:08:18Z,\N,1,assert
acme:data_row:acme-data-store-store-00005~565426976241,data_row,acme,acme:data_store:store-00005~d9cb14e88d51,iam,iam_fact_00073,row-000000129,2025-12-09T04:49:49Z,\N,2026-01-10T02:26:59Z,\N,1,assert
acme:data_row:acme-data-store-store-00004~b243e42b8fb7,data_row,acme,acme:data_store:store-00004~3f005a82b8d6,finance,finance_dim_00067,row-000000375,2026-01-04T11:47:15Z,\N,2026-01-12T03:01:55Z,\N,1,assert
acme:data_row:acme-data-store-store-00058~8df712fe7e45,data_row,acme,acme:data_store:store-00058~c06e3715c28a,wh,wh_fact_00118,row-000000101,2026-01-09T01:55:43Z,\N,2026-01-18T11:36:01Z,\N,1,assert
acme:data_row:acme-data-store-store-00003~804d0c46357e,data_row,acme,acme:data_store:store-00003~355a60161960,crm,crm_fact_00003,row-000000310,2026-01-13T19:29:16Z,\N,2026-01-23T22:12:24Z,\N,1,assert
acme:data_row:acme-data-store-store-00058~7f630bebd26c,data_row,acme,acme:data_store:store-00058~c06e3715c28a,wh,wh_fact_00118,row-000000131,2025-12-27T10:27:48Z,\N,2026-01-29T03:25:37Z,\N,1,assert
acme:data_row:acme-data-store-store-00028~8609cfc8e88d,data_row,acme,acme:data_store:store-00028~16ccdbcd0364,crm,crm_fact_00065,row-000000194,2026-01-23T22:41:40Z,\N,2026-02-04T06:42:17Z,\N,1,assert
acme:data_row:acme-data-store-store-00035~93411be383ab,data_row,acme,acme:data_store:store-00035~61a4f2d1a91f,ops,ops_fact_00013,row-000000160,2025-12-27T02:32:44Z,\N,2026-02-06T23:02:49Z,\N,1,assert
acme:data_row:acme-data-store-store-00001~87bfc4750bc3,data_row,acme,acme:data_store:store-00001~f3e021452766,crm,crm_fact_00096,row-000000044,2026-01-31T07:49:23Z,\N,2026-02-08T00:37:48Z,\N,1,assert
acme:data_row:acme-data-store-store-00035~24a84967ec9c,data_row,acme,acme:data_store:store-00035~61a4f2d1a91f,iam,iam_fact_00086,row-000000100,2026-01-01T16:12:42Z,\N,2026-02-08T05:57:13Z,\N,1,assert
acme:data_row:acme-data-store-store-00032~481e91116b66,data_row,acme,acme:data_store:store-00032~3fb7e2e112a8,hr,hr_fact_00081,row-000000250,2026-01-13T21:11:47Z,\N,2026-02-13T14:33:52Z,\N,1,assert
acme:data_row:acme-data-store-store-00027~66fc5a31fabd,data_row,acme,acme:data_store:store-00027~0c9d272f0960,hr,hr_fact_00068,row-000000262,2026-02-12T05:32:03Z,\N,2026-02-17T18:08:12Z,\N,1,assert
acme:data_row:acme-data-store-store-00045~fc08bd9d6a58,data_row,acme,acme:data_store:store-00045~bcae1cb7a646,sales,sales_dim_00009,row-000000053,2026-03-01T22:15:28Z,\N,2026-03-01T22:15:28Z,\N,1,assert
acme:data_row:acme-data-store-store-00058~8eaeff2ddb86,data_row,acme,acme:data_store:store-00058~c06e3715c28a,wh,wh_fact_00118,row-000000274,2026-02-19T21:01:25Z,\N,2026-03-06T21:47:22Z,\N,1,assert
acme:data_row:acme-data-store-store-00053~3867e66e8bd3,data_row,acme,acme:data_store:store-00053~cfc974814be8,hr,hr_fact_00033,row-000000120,2026-01-26T22:29:55Z,\N,2026-03-09T15:41:24Z,\N,1,assert
acme:data_row:acme-data-store-store-00002~fa23004423a4,data_row,acme,acme:data_store:store-00002~a544946a70d1,wh,wh_fact_00007,row-000000149,2026-02-09T06:11:59Z,\N,2026-03-20T02:26:45Z,\N,1,assert
acme:data_row:acme-data-store-store-00012~7ae713629d71,data_row,acme,acme:data_store:store-00012~3e059b31b745,crm,crm_fact_00061,row-000000251,2026-02-22T05:30:25Z,\N,2026-03-20T03:37:59Z,\N,1,assert
acme:data_row:acme-data-store-store-00050~f8c2540a77fa,data_row,acme,acme:data_store:store-00050~5048ce7cff7d,hr,hr_fact_00090,row-000000258,2026-02-22T04:05:50Z,\N,2026-03-22T21:36:51Z,\N,1,assert
acme:data_row:acme-data-store-store-00035~f1916fa2bc2e,data_row,acme,acme:data_store:store-00035~61a4f2d1a91f,sales,sales_fact_00051,row-000000191,2026-02-24T05:56:55Z,\N,2026-03-24T12:40:39Z,\N,1,assert
acme:data_row:acme-data-store-store-00015~99e8302959f8,data_row,acme,acme:data_store:store-00015~b90744b8b425,iam,iam_dim_00057,row-000000229,2026-03-06T06:39:41Z,\N,2026-03-24T08:46:57Z,\N,1,assert
acme:data_row:acme-data-store-store-00030~e47d73f35a56,data_row,acme,acme:data_store:store-00030~7cf56a2d81dd,ops,ops_fact_00035,row-000000224,2026-03-11T17:52:19Z,\N,2026-03-26T21:22:28Z,\N,1,assert
acme:data_row:acme-data-store-store-00030~7071400d707c,data_row,acme,acme:data_store:store-00030~7cf56a2d81dd,iam,iam_fact_00074,row-000000088,2026-03-18T12:31:55Z,\N,2026-04-01T18:47:01Z,\N,1,assert
acme:data_row:acme-data-store-store-00038~25beba07d569,data_row,acme,acme:data_store:store-00038~ad708d8492b0,finance,finance_fact_00091,row-000000360,2026-02-27T18:35:33Z,\N,2026-04-02T16:02:48Z,\N,1,assert
acme:data_row:acme-data-store-store-00050~8b818ec9e664,data_row,acme,acme:data_store:store-00050~5048ce7cff7d,sales,sales_dim_00063,row-000000198,2026-03-25T08:24:14Z,\N,2026-04-03T13:17:19Z,\N,1,assert
acme:data_row:acme-data-store-store-00028~1ac2fcd59beb,data_row,acme,acme:data_store:store-00028~16ccdbcd0364,finance,finance_dim_00021,row-000000054,2026-03-19T00:35:36Z,\N,2026-04-10T19:20:58Z,\N,1,assert
acme:data_row:acme-data-store-store-00010~d7457e9a2551,data_row,acme,acme:data_store:store-00010~c8a799f5f6ea,crm,crm_dim_00093,row-000000206,2026-03-01T15:12:26Z,\N,2026-04-14T08:39:05Z,\N,1,assert
acme:data_row:acme-data-store-store-00002~2bb23fa6b18c,data_row,acme,acme:data_store:store-00002~a544946a70d1,ops,ops_dim_00117,row-000000233,2026-03-16T18:25:33Z,\N,2026-04-16T17:58:46Z,\N,1,assert
acme:data_row:acme-data-store-store-00006~25b694c65843,data_row,acme,acme:data_store:store-00006~cefd6d6f83c8,finance,finance_fact_00102,row-000000193,2026-03-18T06:18:43Z,\N,2026-04-21T09:32:21Z,\N,1,assert
acme:data_row:acme-data-store-store-00002~070c08d806f2,data_row,acme,acme:data_store:store-00002~a544946a70d1,ops,ops_dim_00117,row-000000309,2026-04-12T14:40:41Z,\N,2026-04-24T22:39:59Z,\N,1,assert
acme:data_row:acme-data-store-store-00006~4030185a29da,data_row,acme,acme:data_store:store-00006~cefd6d6f83c8,crm,crm_fact_00038,row-000000218,2026-04-25T21:38:13Z,\N,2026-04-29T06:43:17Z,\N,1,assert
acme:data_row:acme-data-store-store-00006~83ecc29c28e7,data_row,acme,acme:data_store:store-00006~cefd6d6f83c8,crm,crm_fact_00038,row-000000064,2026-05-02T06:09:42Z,\N,2026-05-08T06:00:10Z,\N,1,assert
acme:data_row:acme-data-store-store-00033~3e23f95ea567,data_row,acme,acme:data_store:store-00033~736c89011dd7,hr,hr_fact_00044,row-000000121,2026-04-06T17:32:40Z,\N,2026-05-09T01:59:18Z,\N,1,assert
acme:data_row:acme-data-store-store-00012~f870837e7c9a,data_row,acme,acme:data_store:store-00012~3e059b31b745,crm,crm_fact_00061,row-000000137,2026-05-09T11:12:07Z,\N,2026-05-14T04:04:23Z,\N,1,assert
acme:data_row:acme-data-store-store-00005~918eb25c2f9b,data_row,acme,acme:data_store:store-00005~d9cb14e88d51,iam,iam_dim_00109,row-000000362,2026-04-16T10:05:58Z,\N,2026-05-19T01:03:29Z,\N,1,assert
acme:data_row:acme-data-store-store-00042~0f199952d530,data_row,acme,acme:data_store:store-00042~20df4870412d,finance,finance_fact_00039,row-000000021,2026-05-15T23:48:25Z,\N,2026-05-27T06:01:46Z,\N,1,assert
acme:data_row:acme-data-store-store-00050~d237bfbea6ba,data_row,acme,acme:data_store:store-00050~5048ce7cff7d,sales,sales_dim_00063,row-000000052,2026-05-16T17:52:31Z,\N,2026-06-05T02:58:18Z,\N,1,assert
acme:data_row:acme-data-store-store-00004~5c24f29818f3,data_row,acme,acme:data_store:store-00004~3f005a82b8d6,finance,finance_dim_00067,row-000000097,2026-06-05T13:34:21Z,\N,2026-06-06T17:03:30Z,\N,1,assert
acme:data_row:acme-data-store-store-00015~b5e3b930e815,data_row,acme,acme:data_store:store-00015~b90744b8b425,iam,iam_dim_00057,row-000000177,2026-05-29T20:55:24Z,\N,2026-06-06T08:30:06Z,\N,1,assert
acme:data_row:acme-data-store-store-00005~83d00cbe6dde,data_row,acme,acme:data_store:store-00005~d9cb14e88d51,iam,iam_fact_00122,row-000000242,2026-05-05T09:46:05Z,\N,2026-06-14T17:55:34Z,\N,1,assert
acme:data_row:acme-data-store-store-00053~a8f13ee255e6,data_row,acme,acme:data_store:store-00053~cfc974814be8,hr,hr_fact_00045,row-000000011,2026-05-05T00:18:45Z,\N,2026-06-17T08:37:07Z,\N,1,assert
acme:data_row:acme-data-store-store-00058~646a9bab707a,data_row,acme,acme:data_store:store-00058~c06e3715c28a,wh,wh_fact_00118,row-000000314,2026-05-27T17:16:57Z,\N,2026-06-17T18:37:19Z,\N,1,assert
acme:data_row:acme-data-store-store-00015~5944d7b1aded,data_row,acme,acme:data_store:store-00015~b90744b8b425,sales,sales_fact_00022,row-000000171,2026-06-01T22:52:10Z,\N,2026-06-24T23:15:08Z,\N,1,assert
acme:data_row:acme-data-store-store-00042~1d619b2dcee7,data_row,acme,acme:data_store:store-00042~20df4870412d,crm,crm_fact_00064,row-000000127,2026-06-17T09:05:43Z,\N,2026-06-25T14:10:59Z,\N,1,assert
acme:data_row:acme-data-store-store-00002~d648f3b40239,data_row,acme,acme:data_store:store-00002~a544946a70d1,wh,wh_fact_00030,row-000000164,2026-05-27T18:53:17Z,\N,2026-07-03T10:31:59Z,\N,1,assert
acme:data_row:acme-data-store-store-00006~a8f953b6b990,data_row,acme,acme:data_store:store-00006~cefd6d6f83c8,finance,finance_fact_00102,row-000000260,2026-06-01T09:07:15Z,\N,2026-07-03T14:20:53Z,\N,1,assert
acme:data_row:acme-data-store-store-00041~5f595650aa85,data_row,acme,acme:data_store:store-00041~3a94689d27db,finance,finance_dim_00114,row-000000287,2026-07-01T12:25:28Z,\N,2026-07-08T04:38:20Z,\N,1,assert
acme:data_row:acme-data-store-store-00032~4b683809d1fe,data_row,acme,acme:data_store:store-00032~3fb7e2e112a8,wh,wh_dim_00015,row-000000228,2026-07-09T21:22:09Z,\N,2026-07-13T23:11:29Z,\N,1,assert
acme:data_row:acme-data-store-store-00002~16d43893c2f3,data_row,acme,acme:data_store:store-00002~a544946a70d1,sales,sales_dim_00095,row-000000219,2026-06-06T06:26:12Z,\N,2026-07-15T01:40:32Z,\N,1,assert
acme:data_row:acme-data-store-store-00058~8b71258f398b,data_row,acme,acme:data_store:store-00058~c06e3715c28a,ops,ops_dim_00055,row-000000172,2026-07-08T02:07:36Z,\N,2026-07-16T11:30:36Z,\N,1,assert
acme:data_row:acme-data-store-store-00053~7311a451e3f0,data_row,acme,acme:data_store:store-00053~cfc974814be8,hr,hr_fact_00045,row-000000153,2026-06-23T03:08:44Z,\N,2026-07-17T17:22:49Z,\N,1,assert
acme:data_row:acme-data-store-store-00002~a3f5c018738e,data_row,acme,acme:data_store:store-00002~a544946a70d1,ops,ops_dim_00117,row-000000305,2026-06-27T06:46:41Z,\N,2026-07-17T18:50:39Z,\N,1,assert
acme:data_row:acme-data-store-store-00028~c12b7c0e3e87,data_row,acme,acme:data_store:store-00028~16ccdbcd0364,finance,finance_dim_00021,row-000000029,2026-06-20T14:55:49Z,\N,2026-07-19T05:57:51Z,\N,1,assert
acme:data_row:acme-data-store-store-00050~d72a801867dc,data_row,acme,acme:data_store:store-00050~5048ce7cff7d,hr,hr_fact_00090,row-000000152,2026-06-16T15:19:07Z,\N,2026-07-20T13:26:21Z,\N,1,assert
acme:data_row:acme-data-store-store-00008~25f3239e86dd,data_row,acme,acme:data_store:store-00008~64869a06626c,wh,wh_fact_00018,row-000000185,2026-06-20T22:15:33Z,\N,2026-07-21T09:58:30Z,\N,1,assert
acme:data_row:acme-data-store-store-00045~7c440f5b7de0,data_row,acme,acme:data_store:store-00045~bcae1cb7a646,sales,sales_dim_00009,row-000000168,2026-06-23T18:50:47Z,\N,2026-07-29T23:52:48Z,\N,1,assert
acme:data_row:acme-data-store-store-00002~405bc8fa8b8e,data_row,acme,acme:data_store:store-00002~a544946a70d1,wh,wh_fact_00085,row-000000103,2026-06-21T08:14:24Z,\N,2026-08-03T08:24:09Z,\N,1,assert
acme:data_row:acme-data-store-store-00031~f90a4d5e7606,data_row,acme,acme:data_store:store-00031~e99ebf6bd5d4,crm,crm_fact_00027,row-000000192,2026-06-27T03:01:47Z,\N,2026-08-04T05:38:37Z,\N,1,assert
acme:data_row:acme-data-store-store-00003~442fcb296f1a,data_row,acme,acme:data_store:store-00003~355a60161960,finance,finance_fact_00025,row-000000299,2026-07-19T20:58:54Z,\N,2026-08-08T15:16:21Z,\N,1,assert
acme:data_row:acme-data-store-store-00030~43fb466efdd8,data_row,acme,acme:data_store:store-00030~7cf56a2d81dd,wh,wh_fact_00088,row-000000082,2026-07-29T20:15:10Z,\N,2026-08-10T10:26:49Z,\N,1,assert
acme:data_row:acme-data-store-store-00030~b091fee58cb4,data_row,acme,acme:data_store:store-00030~7cf56a2d81dd,sales,sales_dim_00047,row-000000317,2026-07-27T13:38:07Z,\N,2026-08-11T17:39:48Z,\N,1,assert
acme:data_row:acme-data-store-store-00008~8ac8a1867564,data_row,acme,acme:data_store:store-00008~64869a06626c,wh,wh_fact_00018,row-000000325,2026-07-17T10:42:14Z,\N,2026-08-17T09:52:16Z,\N,1,assert
acme:data_row:acme-data-store-store-00030~0083af58f1dd,data_row,acme,acme:data_store:store-00030~7cf56a2d81dd,finance,finance_dim_00097,row-000000332,2026-07-10T03:56:45Z,\N,2026-08-18T18:42:10Z,\N,1,assert
acme:data_row:acme-data-store-store-00013~919112205390,data_row,acme,acme:data_store:store-00013~0b1d9d7b4c9f,sales,sales_dim_00069,row-000000091,2026-07-31T12:01:50Z,\N,2026-08-27T02:38:10Z,\N,1,assert
acme:data_row:acme-data-store-store-00036~d5862e16c1df,data_row,acme,acme:data_store:store-00036~a649203d56ee,hr,hr_dim_00078,row-000000207,2026-08-14T14:23:14Z,\N,2026-08-29T18:38:16Z,\N,1,assert
acme:data_row:acme-data-store-store-00030~28d55b468c23,data_row,acme,acme:data_store:store-00030~7cf56a2d81dd,iam,iam_fact_00074,row-000000223,2026-07-27T08:57:30Z,\N,2026-09-03T00:18:04Z,\N,1,assert
acme:data_row:acme-data-store-store-00003~35e8bf521ea2,data_row,acme,acme:data_store:store-00003~355a60161960,sales,sales_fact_00107,row-000000173,2026-07-31T05:58:25Z,\N,2026-09-04T17:42:57Z,\N,1,assert
acme:data_row:acme-data-store-store-00058~467c2523e71d,data_row,acme,acme:data_store:store-00058~c06e3715c28a,wh,wh_fact_00118,row-000000226,2026-09-03T05:38:02Z,\N,2026-09-06T16:15:06Z,\N,1,assert
acme:data_row:acme-data-store-store-00028~ae103404f540,data_row,acme,acme:data_store:store-00028~16ccdbcd0364,crm,crm_fact_00065,row-000000355,2026-08-27T11:58:32Z,\N,2026-09-18T12:30:11Z,\N,1,assert
acme:data_row:acme-data-store-store-00002~eb4398d3e681,data_row,acme,acme:data_store:store-00002~a544946a70d1,hr,hr_fact_00004,row-000000243,2026-09-10T17:26:25Z,\N,2026-09-21T20:30:38Z,\N,1,assert
acme:data_row:acme-data-store-store-00017~dc30422b7112,data_row,acme,acme:data_store:store-00017~0335de594a0b,crm,crm_fact_00042,row-000000221,2026-09-20T17:46:27Z,\N,2026-09-24T17:21:16Z,\N,1,assert
acme:data_row:acme-data-store-store-00006~49c6b5d20311,data_row,acme,acme:data_store:store-00006~cefd6d6f83c8,finance,finance_fact_00102,row-000000072,2026-09-19T12:36:28Z,\N,2026-09-25T20:09:39Z,\N,1,assert
acme:data_row:acme-data-store-store-00001~026e7692a3c3,data_row,acme,acme:data_store:store-00001~f3e021452766,sales,sales_fact_00019,row-000000244,2026-09-23T10:51:55Z,\N,2026-10-03T02:23:42Z,\N,1,assert
acme:data_row:acme-data-store-store-00050~f0995de62cd7,data_row,acme,acme:data_store:store-00050~5048ce7cff7d,hr,hr_fact_00090,row-000000106,2026-09-04T20:39:56Z,\N,2026-10-04T07:44:16Z,\N,1,assert
acme:data_row:acme-data-store-store-00012~039b26d871d2,data_row,acme,acme:data_store:store-00012~3e059b31b745,crm,crm_fact_00061,row-000000066,2026-09-22T18:46:13Z,\N,2026-10-08T13:20:26Z,\N,1,assert
acme:data_row:acme-data-store-store-00053~3aa991ebcf9b,data_row,acme,acme:data_store:store-00053~cfc974814be8,crm,crm_fact_00121,row-000000361,2026-10-07T04:47:45Z,\N,2026-10-08T04:17:50Z,\N,1,assert
acme:data_row:acme-data-store-store-00030~36af804c3264,data_row,acme,acme:data_store:store-00030~7cf56a2d81dd,hr,hr_fact_00103,row-000000126,2026-10-09T20:05:34Z,\N,2026-10-09T20:05:34Z,\N,1,assert
acme:data_row:acme-data-store-store-00053~a30a36f42dcc,data_row,acme,acme:data_store:store-00053~cfc974814be8,crm,crm_fact_00121,row-000000290,2026-09-06T03:52:13Z,\N,2026-10-11T02:06:34Z,\N,1,assert
acme:data_row:acme-data-store-store-00047~da25bb9b36bc,data_row,acme,acme:data_store:store-00047~393f06fbb078,iam,iam_fact_00116,row-000000351,2026-08-29T04:55:34Z,\N,2026-10-11T05:08:58Z,\N,1,assert
acme:data_row:acme-data-store-store-00001~da8e45ab07be,data_row,acme,acme:data_store:store-00001~f3e021452766,crm,crm_fact_00096,row-000000324,2026-10-08T07:55:46Z,\N,2026-10-12T15:40:04Z,\N,1,assert
acme:data_row:acme-data-store-store-00005~ebcb29028260,data_row,acme,acme:data_store:store-00005~d9cb14e88d51,finance,finance_dim_00075,row-000000013,2026-09-03T11:13:29Z,\N,2026-10-13T04:29:23Z,\N,1,assert
acme:data_row:acme-data-store-store-00008~3a02e8329bba,data_row,acme,acme:data_store:store-00008~64869a06626c,wh,wh_fact_00018,row-000000338,2026-09-28T03:02:55Z,\N,2026-10-21T23:50:32Z,\N,1,assert
acme:data_row:acme-data-store-store-00047~b81d30e9836a,data_row,acme,acme:data_store:store-00047~393f06fbb078,wh,wh_fact_00017,row-000000148,2026-10-05T23:54:50Z,\N,2026-10-22T16:48:40Z,\N,1,assert
acme:data_row:acme-data-store-store-00021~e1e993be6471,data_row,acme,acme:data_store:store-00021~d27ae2ef09dd,finance,finance_fact_00083,row-000000018,2026-09-10T11:55:52Z,\N,2026-10-24T07:27:03Z,\N,1,assert
acme:data_row:acme-data-store-store-00003~bd74a7bd4f33,data_row,acme,acme:data_store:store-00003~355a60161960,sales,sales_fact_00053,row-000000136,2026-09-14T06:18:14Z,\N,2026-10-26T16:23:16Z,\N,1,assert
acme:data_row:acme-data-store-store-00005~8e36fc5cb00f,data_row,acme,acme:data_store:store-00005~d9cb14e88d51,iam,iam_fact_00073,row-000000358,2026-10-13T01:54:01Z,\N,2026-10-30T03:57:44Z,\N,1,assert
acme:data_row:acme-data-store-store-00002~25045bdd640d,data_row,acme,acme:data_store:store-00002~a544946a70d1,sales,sales_dim_00095,row-000000056,2026-10-23T18:57:56Z,\N,2026-11-04T20:58:14Z,\N,1,assert
acme:data_row:acme-data-store-store-00053~c427cd1ba6c6,data_row,acme,acme:data_store:store-00053~cfc974814be8,hr,hr_fact_00045,row-000000096,2026-10-08T16:43:38Z,\N,2026-11-08T20:24:57Z,\N,1,assert
acme:data_row:acme-data-store-store-00017~d7a7f0d063d2,data_row,acme,acme:data_store:store-00017~0335de594a0b,crm,crm_fact_00042,row-000000166,2026-10-11T03:06:47Z,\N,2026-11-12T02:57:14Z,\N,1,assert
acme:data_row:acme-data-store-store-00003~718ed500c675,data_row,acme,acme:data_store:store-00003~355a60161960,finance,finance_fact_00025,row-000000195,2026-10-19T09:43:04Z,\N,2026-11-16T15:43:12Z,\N,1,assert
acme:data_row:acme-data-store-store-00058~55244c4b596a,data_row,acme,acme:data_store:store-00058~c06e3715c28a,wh,wh_fact_00118,row-000000095,2026-10-16T06:47:06Z,\N,2026-11-18T12:34:55Z,\N,1,assert
acme:data_row:acme-data-store-store-00006~1d5c35d9a8fe,data_row,acme,acme:data_store:store-00006~cefd6d6f83c8,crm,crm_fact_00038,row-000000115,2026-10-13T00:18:52Z,\N,2026-11-26T14:36:39Z,\N,1,assert
acme:data_row:acme-data-store-store-00035~077062d8a7a7,data_row,acme,acme:data_store:store-00035~61a4f2d1a91f,sales,sales_fact_00051,row-000000301,2026-11-29T12:44:53Z,\N,2026-11-30T21:56:54Z,\N,1,assert
acme:data_row:acme-data-store-store-00034~127d9463c387,data_row,acme,acme:data_store:store-00034~a13ca0592528,iam,iam_fact_00092,row-000000128,2026-11-21T09:34:28Z,\N,2026-12-01T19:27:05Z,\N,1,assert
acme:data_row:acme-data-store-store-00030~364017cb4d73,data_row,acme,acme:data_store:store-00030~7cf56a2d81dd,wh,wh_fact_00088,row-000000017,2026-11-15T14:13:34Z,\N,2026-12-04T03:53:04Z,\N,1,assert
acme:data_row:acme-data-store-store-00005~49983c7fbcac,data_row,acme,acme:data_store:store-00005~d9cb14e88d51,crm,crm_fact_00070,row-000000378,2026-11-23T11:22:54Z,\N,2026-12-07T14:05:44Z,\N,1,assert
acme:data_row:acme-data-store-store-00004~edbac705dd03,data_row,acme,acme:data_store:store-00004~3f005a82b8d6,finance,finance_dim_00067,row-000000108,2026-12-05T13:15:57Z,\N,2026-12-08T23:59:37Z,\N,1,assert
acme:data_row:acme-data-store-store-00028~63fa8d213603,data_row,acme,acme:data_store:store-00028~16ccdbcd0364,crm,crm_fact_00065,row-000000252,2026-12-15T02:23:48Z,\N,2026-12-19T04:39:23Z,\N,1,assert
acme:data_row:acme-data-store-store-00045~8ee963b93f66,data_row,acme,acme:data_store:store-00045~bcae1cb7a646,sales,sales_dim_00009,row-000000265,2026-11-07T06:57:37Z,\N,2026-12-19T02:15:10Z,\N,1,assert
acme:data_row:acme-data-store-store-00000~e688e534ad6e,data_row,acme,acme:data_store:store-00000~199fa6b0c449,ops,ops_fact_00002,row-000000330,2026-11-15T12:15:59Z,\N,2026-12-20T21:49:16Z,\N,1,assert
acme:data_row:acme-data-store-store-00050~52a9a3db71f5,data_row,acme,acme:data_store:store-00050~5048ce7cff7d,hr,hr_fact_00090,row-000000086,2026-12-20T07:49:05Z,\N,2026-12-21T02:30:20Z,\N,1,assert
acme:data_row:acme-data-store-store-00057~6063a70548c5,data_row,acme,acme:data_store:store-00057~7169e9cd0ce8,iam,iam_fact_00126,row-000000249,2026-12-07T08:42:39Z,\N,2026-12-24T20:51:52Z,\N,1,assert
acme:data_row:acme-data-store-store-00035~6bf32c7c21b0,data_row,acme,acme:data_store:store-00035~61a4f2d1a91f,wh,wh_fact_00011,row-000000071,2026-12-10T17:56:12Z,\N,2026-12-31T02:00:49Z,\N,1,assert
acme:data_row:acme-data-store-store-00024~306ca872be0e,data_row,acme,acme:data_store:store-00024~330676ebc276,iam,iam_dim_00129,row-000000234,2026-12-01T11:45:05Z,\N,2027-01-02T16:29:18Z,\N,1,assert
acme:data_row:acme-data-store-store-00027~3c1360478704,data_row,acme,acme:data_store:store-00027~0c9d272f0960,wh,wh_fact_00101,row-000000319,2026-12-10T02:11:57Z,\N,2027-01-07T01:38:20Z,\N,1,assert
acme:data_row:acme-data-store-store-00053~b7370043bc99,data_row,acme,acme:data_store:store-00053~cfc974814be8,crm,crm_fact_00121,row-000000132,2027-01-06T00:38:41Z,\N,2027-01-10T19:45:53Z,\N,1,assert
acme:data_row:acme-data-store-store-00042~0505bce2784c,data_row,acme,acme:data_store:store-00042~20df4870412d,crm,crm_fact_00064,row-000000122,2026-12-01T16:46:41Z,\N,2027-01-11T15:14:58Z,\N,1,assert
acme:data_row:acme-data-store-store-00033~8f699c76c069,data_row,acme,acme:data_store:store-00033~736c89011dd7,ops,ops_fact_00031,row-000000189,2026-12-07T10:21:58Z,\N,2027-01-14T17:47:21Z,\N,1,assert
acme:data_row:acme-data-store-store-00005~9d09b9cf2399,data_row,acme,acme:data_store:store-00005~d9cb14e88d51,iam,iam_dim_00109,row-000000275,2026-12-15T22:21:36Z,\N,2027-01-26T15:44:12Z,\N,1,assert
acme:data_row:acme-data-store-store-00002~378103af55df,data_row,acme,acme:data_store:store-00002~a544946a70d1,ops,ops_dim_00117,row-000000339,2027-01-05T21:59:36Z,\N,2027-01-27T20:10:27Z,\N,1,assert
acme:data_row:acme-data-store-store-00024~882e34dcdbaa,data_row,acme,acme:data_store:store-00024~330676ebc276,iam,iam_dim_00129,row-000000104,2027-01-14T01:36:34Z,\N,2027-02-10T21:09:48Z,\N,1,assert
acme:data_row:acme-data-store-store-00003~f148289c3b0e,data_row,acme,acme:data_store:store-00003~355a60161960,iam,iam_fact_00120,row-000000051,2027-02-08T07:02:41Z,\N,2027-02-15T05:04:13Z,\N,1,assert
acme:data_row:acme-data-store-store-00032~85b7e4f67697,data_row,acme,acme:data_store:store-00032~3fb7e2e112a8,hr,hr_fact_00081,row-000000081,2027-01-05T20:09:08Z,\N,2027-02-15T02:32:30Z,\N,1,assert
acme:data_row:acme-data-store-store-00034~8cc3cb8ca506,data_row,acme,acme:data_store:store-00034~a13ca0592528,sales,sales_dim_00043,row-000000092,2027-01-16T17:24:54Z,\N,2027-02-19T04:27:02Z,\N,1,assert
acme:data_row:acme-data-store-store-00001~445ab9d8215d,data_row,acme,acme:data_store:store-00001~f3e021452766,sales,sales_fact_00019,row-000000204,2027-02-17T15:32:15Z,\N,2027-02-20T02:44:42Z,\N,1,assert
acme:data_row:acme-data-store-store-00000~3b16b1958a2e,data_row,acme,acme:data_store:store-00000~199fa6b0c449,sales,sales_dim_00076,row-000000022,2027-01-14T20:00:46Z,\N,2027-02-21T07:11:04Z,\N,1,assert
acme:data_row:acme-data-store-store-00000~63a337ea55d6,data_row,acme,acme:data_store:store-00000~199fa6b0c449,ops,ops_dim_00115,row-000000308,2027-01-30T13:01:59Z,\N,2027-02-22T06:51:36Z,\N,1,assert
acme:data_row:acme-data-store-store-00032~1e9700045393,data_row,acme,acme:data_store:store-00032~3fb7e2e112a8,wh,wh_dim_00015,row-000000150,2027-02-18T18:11:05Z,\N,2027-02-24T16:09:05Z,\N,1,assert
acme:data_row:acme-data-store-store-00054~8208685669f4,data_row,acme,acme:data_store:store-00054~87bb2b51b4fd,crm,crm_dim_00066,row-000000372,2027-02-18T12:07:56Z,\N,2027-02-25T09:55:13Z,\N,1,assert
acme:data_row:acme-data-store-store-00015~772a3c4aadd5,data_row,acme,acme:data_store:store-00015~b90744b8b425,sales,sales_fact_00022,row-000000130,2027-01-17T22:27:50Z,\N,2027-03-01T09:49:19Z,\N,1,assert
acme:data_row:acme-data-store-store-00003~4c251779d2df,data_row,acme,acme:data_store:store-00003~355a60161960,crm,crm_dim_00105,row-000000291,2027-02-13T01:16:52Z,\N,2027-03-05T11:12:44Z,\N,1,assert
acme:data_row:acme-data-store-store-00028~0e024de45a6e,data_row,acme,acme:data_store:store-00028~16ccdbcd0364,crm,crm_fact_00065,row-000000316,2027-02-01T21:02:03Z,\N,2027-03-06T18:02:36Z,\N,1,assert
acme:data_row:acme-data-store-store-00022~7ddff1d367d1,data_row,acme,acme:data_store:store-00022~73ab60793373,hr,hr_fact_00024,row-000000376,2027-02-04T02:12:10Z,\N,2027-03-07T00:47:56Z,\N,1,assert
acme:data_row:acme-data-store-store-00047~f22f423fb92b,data_row,acme,acme:data_store:store-00047~393f06fbb078,wh,wh_fact_00014,row-000000347,2027-02-01T12:57:51Z,\N,2027-03-17T10:05:58Z,\N,1,assert
acme:data_row:acme-data-store-store-00003~f621187043fc,data_row,acme,acme:data_store:store-00003~355a60161960,sales,sales_fact_00053,row-000000142,2027-02-23T15:55:36Z,\N,2027-03-22T13:26:32Z,\N,1,assert
acme:data_row:acme-data-store-store-00005~5df3c4b110a7,data_row,acme,acme:data_store:store-00005~d9cb14e88d51,iam,iam_fact_00122,row-000000201,2027-02-22T12:54:04Z,\N,2027-03-25T13:45:32Z,\N,1,assert
acme:data_row:acme-data-store-store-00041~c8972c4afefd,data_row,acme,acme:data_store:store-00041~3a94689d27db,ops,ops_fact_00123,row-000000182,2027-03-03T03:58:22Z,\N,2027-03-31T08:38:22Z,\N,1,assert
acme:data_row:acme-data-store-store-00003~39889bff672d,data_row,acme,acme:data_store:store-00003~355a60161960,crm,crm_fact_00003,row-000000047,2027-02-18T12:57:56Z,\N,2027-04-02T22:09:20Z,\N,1,assert
acme:data_row:acme-data-store-store-00004~6d6df9218c05,data_row,acme,acme:data_store:store-00004~3f005a82b8d6,hr,hr_dim_00071,row-000000374,2027-03-01T05:02:32Z,\N,2027-04-02T20:45:05Z,\N,1,assert
acme:data_row:acme-data-store-store-00045~54609d540cbb,data_row,acme,acme:data_store:store-00045~bcae1cb7a646,sales,sales_dim_00009,row-000000186,2027-03-02T17:05:43Z,\N,2027-04-04T11:05:15Z,\N,1,assert
