entity_id,entity_type,organization_id,flow_source,flow_destination,protocol,dst_port,data_classification,valid_from,valid_to,system_from,system_to,revision,operation
acme:data_flow:acme-service-svc-000005-5cf24c187690~d31cf4a53c5d,data_flow,acme,acme:service:svc-000005~5cf24c187690,acme:service:svc-000003~afa5dfe980e5,tcp/25,25,public,2021-01-14T06:19:41Z,\N,2021-01-14T06:19:41Z,\N,1,assert
acme:data_flow:acme-service-svc-000003-afa5dfe980e5~6535b4994ff6,data_flow,acme,acme:service:svc-000003~afa5dfe980e5,acme:service:svc-000001~014eea2e7ea7,icmp,389,internal,2021-01-15T07:29:47Z,2027-03-30T21:09:28Z,2021-01-15T07:29:47Z,\N,1,assert
acme:data_flow:acme-service-svc-000002-a580ebf86a44~98b77c1799b7,data_flow,acme,acme:service:svc-000002~a580ebf86a44,acme:service:svc-000000~8730c4e3ac92,tcp/80,80,confidential,2021-01-16T22:02:50Z,\N,2021-01-16T22:02:50Z,\N,1,assert
acme:data_flow:acme-service-svc-000002-a580ebf86a44~3f008f02d970,data_flow,acme,acme:service:svc-000002~a580ebf86a44,acme:service:svc-000004~8b82a9c39a2f,tcp/8443,8443,confidential,2021-01-18T04:11:06Z,\N,2021-01-18T04:11:06Z,\N,1,assert
acme:data_flow:acme-service-svc-000000-8730c4e3ac92~310415bdf219,data_flow,acme,acme:service:svc-000000~8730c4e3ac92,acme:service:svc-000005~5cf24c187690,tcp/25,25,confidential,2021-01-19T17:07:58Z,2027-03-30T14:39:26Z,2021-01-19T17:07:58Z,\N,1,assert
acme:data_flow:acme-service-svc-000004-8b82a9c39a2f~2970c07721e2,data_flow,acme,acme:service:svc-000004~8b82a9c39a2f,acme:service:svc-000003~afa5dfe980e5,tcp/3306,3306,internal,2021-01-24T02:52:57Z,2027-03-30T05:36:53Z,2021-01-24T02:52:57Z,\N,1,assert
acme:data_flow:acme-service-svc-000014-f897b684710c~81ce4355f985,data_flow,acme,acme:service:svc-000014~f897b684710c,acme:service:svc-000013~fbaf4ab7d1ca,tcp/80,80,restricted,2021-02-19T19:18:21Z,2027-03-30T08:35:23Z,2021-02-19T19:18:21Z,\N,1,assert
acme:data_flow:acme-service-svc-000014-f897b684710c~36696acd6aac,data_flow,acme,acme:service:svc-000014~f897b684710c,acme:service:svc-000147~ebdf86068801,tcp/25,25,internal,2021-03-25T03:09:34Z,2027-03-30T08:55:42Z,2021-03-25T03:09:34Z,\N,1,assert
acme:data_flow:acme-service-svc-000017-a29aa6d805e5~a89b6916e714,data_flow,acme,acme:service:svc-000017~a29aa6d805e5,acme:service:svc-000125~74cb06cd192e,tcp/8080,8080,internal,2021-09-07T18:45:43Z,\N,2021-09-07T18:45:43Z,\N,1,assert
acme:data_flow:acme-service-svc-000014-f897b684710c~18549839bc6b,data_flow,acme,acme:service:svc-000014~f897b684710c,acme:service:svc-000152~0d72ef533f26,tcp/389,389,confidential,2022-01-24T07:35:41Z,2027-03-30T08:28:00Z,2022-01-24T07:35:41Z,\N,1,assert
acme:data_flow:acme-service-svc-000014-f897b684710c~0da124f5f1ab,data_flow,acme,acme:service:svc-000014~f897b684710c,acme:service:svc-000026~b29aa4b4664e,tcp/8443,8443,pii,2022-06-10T07:45:50Z,2027-03-30T18:26:18Z,2022-06-10T07:45:50Z,\N,1,assert
acme:data_flow:acme-service-svc-000014-f897b684710c~2c3cbf24df08,data_flow,acme,acme:service:svc-000014~f897b684710c,acme:service:svc-000097~f64512468127,icmp,5432,restricted,2022-11-13T19:46:08Z,2027-03-30T16:52:48Z,2022-11-13T19:46:08Z,\N,1,assert
acme:data_flow:acme-service-svc-000042-ada79c207e63~365f28697781,data_flow,acme,acme:service:svc-000042~ada79c207e63,acme:service:svc-000151~be5868543628,tcp/636,636,internal,2022-11-28T23:26:42Z,2027-03-30T03:25:42Z,2022-11-28T23:26:42Z,\N,1,assert
acme:data_flow:acme-service-svc-000131-651217f42443~1145a2f72840,data_flow,acme,acme:service:svc-000131~651217f42443,acme:service:svc-000017~a29aa6d805e5,tcp/443,443,confidential,2022-12-01T08:54:48Z,2027-03-30T21:22:28Z,2022-12-01T08:54:48Z,\N,1,assert
acme:data_flow:acme-service-svc-000101-663f265c1517~5d7f9aa327d3,data_flow,acme,acme:service:svc-000101~663f265c1517,acme:service:svc-000125~74cb06cd192e,tcp/3306,3306,public,2023-03-12T00:27:04Z,\N,2023-03-12T00:27:04Z,\N,1,assert
acme:data_flow:acme-service-svc-000125-74cb06cd192e~bda10ce06132,data_flow,acme,acme:service:svc-000125~74cb06cd192e,acme:service:svc-000041~2f74c90943d7,tcp/8080,8080,public,2023-07-02T23:59:40Z,\N,2023-07-02T23:59:40Z,\N,1,assert
acme:data_flow:acme-service-svc-000084-296dfbe2ca7d~dd947b91b42a,data_flow,acme,acme:service:svc-000084~296dfbe2ca7d,acme:service:svc-000152~0d72ef533f26,tcp/1433,1433,public,2023-07-13T12:01:47Z,\N,2023-07-13T12:01:47Z,\N,1,assert
acme:data_flow:acme-service-svc-000033-1294bfae908d~cb66a0b9f574,data_flow,acme,acme:service:svc-000033~1294bfae908d,acme:service:svc-000014~f897b684710c,tcp/1433,1433,confidential,2023-07-30T17:07:26Z,\N,2023-07-30T17:07:26Z,\N,1,assert
acme:data_flow:acme-service-svc-000130-4345b7759f00~1191e18fdfff,data_flow,acme,acme:service:svc-000130~4345b7759f00,acme:service:svc-000120~e70e37631e44,tcp/1433,1433,public,2023-08-16T04:11:41Z,\N,2023-08-16T04:11:41Z,\N,1,assert
acme:data_flow:acme-service-svc-000073-d6f91ff4aeb4~31230b6505ff,data_flow,acme,acme:service:svc-000073~d6f91ff4aeb4,acme:service:svc-000004~8b82a9c39a2f,icmp,3306,internal,2023-08-27T01:47:07Z,\N,2023-08-27T01:47:07Z,\N,1,assert
acme:data_flow:acme-service-svc-000042-ada79c207e63~6137e7d8ab43,data_flow,acme,acme:service:svc-000042~ada79c207e63,acme:service:svc-000070~906acae576d5,tcp,389,public,2023-09-23T17:30:29Z,2027-03-30T03:28:40Z,2023-09-23T17:30:29Z,\N,1,assert
acme:data_flow:acme-service-svc-000036-1940951d046a~c22cb1caa328,data_flow,acme,acme:service:svc-000036~1940951d046a,acme:service:svc-000063~e24bc5c98602,tcp/636,636,internal,2024-05-17T14:41:10Z,2027-03-30T20:19:31Z,2024-05-17T14:41:10Z,\N,1,assert
acme:data_flow:acme-service-svc-000064-4bb22ec19cab~d3630b96ff6f,data_flow,acme,acme:service:svc-000064~4bb22ec19cab,acme:service:svc-000017~a29aa6d805e5,icmp,8080,pii,2024-12-01T18:23:06Z,2027-03-30T18:34:32Z,2024-12-01T18:23:06Z,\N,1,assert
acme:data_flow:acme-service-svc-000048-7346a1bbe0c7~2fe6039305c2,data_flow,acme,acme:service:svc-000048~7346a1bbe0c7,acme:service:svc-000162~717a6fbd4698,tcp/8080,8080,confidential,2025-03-28T13:14:41Z,2027-03-30T00:23:10Z,2025-03-28T13:14:41Z,\N,1,assert
acme:data_flow:acme-service-svc-000097-f64512468127~7dca3ab8e821,data_flow,acme,acme:service:svc-000097~f64512468127,acme:service:svc-000057~f6d5624c8fbc,tcp/3306,3306,internal,2025-07-05T09:02:07Z,2027-03-30T15:30:15Z,2025-07-05T09:02:07Z,\N,1,assert
acme:data_flow:acme-service-svc-000079-032b83972e3b~94526bc3b0eb,data_flow,acme,acme:service:svc-000079~032b83972e3b,acme:service:svc-000009~a5b6f771dc4f,udp,3306,restricted,2025-09-24T15:38:42Z,2027-03-30T15:56:49Z,2025-09-24T15:38:42Z,\N,1,assert
acme:data_flow:acme-service-svc-000001-014eea2e7ea7~1d3f3bf92051,data_flow,acme,acme:service:svc-000001~014eea2e7ea7,acme:service:svc-000004~8b82a9c39a2f,tcp/3306,3306,internal,2025-10-10T15:06:51Z,\N,2025-10-10T15:06:51Z,\N,1,assert
acme:data_flow:acme-service-svc-000158-4b2c3c10ae2b~3b1ea5f949ff,data_flow,acme,acme:service:svc-000158~4b2c3c10ae2b,acme:service:svc-000061~db6c461c33ee,tcp/1433,1433,internal,2025-12-25T14:29:54Z,\N,2025-12-25T14:29:54Z,\N,1,assert
acme:data_flow:acme-service-svc-000065-ecc0831c5e9d~071a63f0f8a5,data_flow,acme,acme:service:svc-000065~ecc0831c5e9d,acme:service:svc-000079~032b83972e3b,tcp/25,25,internal,2026-02-07T06:56:15Z,\N,2026-02-07T06:56:15Z,\N,1,assert
acme:data_flow:acme-service-svc-000101-663f265c1517~ffeaa365c247,data_flow,acme,acme:service:svc-000101~663f265c1517,acme:service:svc-000162~717a6fbd4698,tcp/3306,3306,pii,2026-03-01T12:35:47Z,2027-03-30T14:12:09Z,2026-03-01T12:35:47Z,\N,1,assert
acme:data_flow:acme-service-svc-000120-e70e37631e44~e9e5f297c607,data_flow,acme,acme:service:svc-000120~e70e37631e44,acme:service:svc-000116~3ab84069105a,tcp/443,443,internal,2026-03-17T19:32:13Z,\N,2026-03-17T19:32:13Z,\N,1,assert
acme:data_flow:acme-service-svc-000126-0fa23a6d521f~f1b975d2ded3,data_flow,acme,acme:service:svc-000126~0fa23a6d521f,acme:service:svc-000149~f5df170a8f4d,tcp/636,636,confidential,2026-03-23T03:09:19Z,\N,2026-03-23T03:09:19Z,\N,1,assert
acme:data_flow:acme-service-svc-000086-19076e04c1e6~a9ab7a688bc6,data_flow,acme,acme:service:svc-000086~19076e04c1e6,acme:service:svc-000080~49e12359e1b7,tcp/636,636,internal,2026-04-02T03:34:04Z,2027-03-30T20:42:04Z,2026-04-02T03:34:04Z,\N,1,assert
acme:data_flow:acme-service-svc-000127-73e44fb207dc~39864066a8ce,data_flow,acme,acme:service:svc-000127~73e44fb207dc,acme:service:svc-000086~19076e04c1e6,tcp/5432,5432,confidential,2026-04-16T03:22:31Z,\N,2026-04-16T03:22:31Z,\N,1,assert
acme:data_flow:acme-service-svc-000125-74cb06cd192e~1e6b90f156d5,data_flow,acme,acme:service:svc-000125~74cb06cd192e,acme:service:svc-000058~e87e1d58ac45,tcp/22,22,internal,2026-04-17T13:22:02Z,\N,2026-04-17T13:22:02Z,\N,1,assert
acme:data_flow:acme-service-svc-000110-411d41e89b33~4e8577f80021,data_flow,acme,acme:service:svc-000110~411d41e89b33,acme:service:svc-000137~294e7743b831,tcp/22,22,internal,2026-04-29T18:30:08Z,\N,2026-04-29T18:30:08Z,\N,1,assert
acme:data_flow:acme-service-svc-000110-411d41e89b33~501dbd6dd662,data_flow,acme,acme:service:svc-000110~411d41e89b33,acme:service:svc-000062~7e1401e84916,tcp/22,22,restricted,2026-05-03T03:21:13Z,2027-03-30T06:28:31Z,2026-05-03T03:21:13Z,\N,1,assert
acme:data_flow:acme-service-svc-000085-329f74bccac2~b3a8db1033ab,data_flow,acme,acme:service:svc-000085~329f74bccac2,acme:service:svc-000006~8c00f43c7b80,tcp/22,22,confidential,2026-07-26T22:22:45Z,2027-03-30T01:47:27Z,2026-07-26T22:22:45Z,\N,1,assert
acme:data_flow:acme-service-svc-000114-7b9ce461cf17~d6d3c71e35ae,data_flow,acme,acme:service:svc-000114~7b9ce461cf17,acme:service:svc-000072~2b924ed9bbba,tcp,5432,confidential,2026-08-19T14:35:17Z,\N,2026-08-19T14:35:17Z,\N,1,assert
acme:data_flow:acme-service-svc-000142-441144e79d15~b880d908a9fc,data_flow,acme,acme:service:svc-000142~441144e79d15,acme:service:svc-000018~7cb9950bfc22,tcp/1433,1433,confidential,2026-09-01T22:24:23Z,\N,2026-09-01T22:24:23Z,\N,1,assert
acme:data_flow:acme-service-svc-000042-ada79c207e63~b030d13f4d51,data_flow,acme,acme:service:svc-000042~ada79c207e63,acme:service:svc-000062~7e1401e84916,tcp/3306,3306,confidential,2026-09-25T02:06:58Z,2027-03-30T12:25:13Z,2026-09-25T02:06:58Z,\N,1,assert
acme:data_flow:acme-service-svc-000073-d6f91ff4aeb4~3fe6e9abbd27,data_flow,acme,acme:service:svc-000073~d6f91ff4aeb4,acme:service:svc-000089~be7d1ecb43ca,tcp/443,443,restricted,2026-10-08T07:59:36Z,\N,2026-10-08T07:59:36Z,\N,1,assert
acme:data_flow:acme-service-svc-000033-1294bfae908d~55390c538f73,data_flow,acme,acme:service:svc-000033~1294bfae908d,acme:service:svc-000035~0322e38878bb,icmp,636,public,2026-10-10T17:44:08Z,2027-03-30T09:12:56Z,2026-10-10T17:44:08Z,\N,1,assert
acme:data_flow:acme-service-svc-000082-819c7c2c3ed7~ad4bd8a99060,data_flow,acme,acme:service:svc-000082~819c7c2c3ed7,acme:service:svc-000166~4bbb603553f9,tcp/8080,8080,internal,2026-12-06T03:05:15Z,\N,2026-12-06T03:05:15Z,\N,1,assert
acme:data_flow:acme-service-svc-000165-e2c8a2197fa5~ed5e12136f9d,data_flow,acme,acme:service:svc-000165~e2c8a2197fa5,acme:service:svc-000167~f32d74bedc55,tcp/25,25,public,2026-12-12T13:36:58Z,2027-03-30T03:06:10Z,2026-12-12T13:36:58Z,\N,1,assert
acme:data_flow:acme-service-svc-000106-9a22880ba6ba~3afdd0fbb2a7,data_flow,acme,acme:service:svc-000106~9a22880ba6ba,acme:service:svc-000122~c5772aa9a5a2,tcp,3306,internal,2027-02-01T01:34:21Z,\N,2027-02-01T01:34:21Z,\N,1,assert
acme:data_flow:acme-service-svc-000058-e87e1d58ac45~4b164cc3db6d,data_flow,acme,acme:service:svc-000058~e87e1d58ac45,acme:service:svc-000042~ada79c207e63,tcp,8080,restricted,2027-02-09T04:18:48Z,\N,2027-02-09T04:18:48Z,\N,1,assert
acme:data_flow:acme-service-svc-000042-ada79c207e63~365f28697781,data_flow,acme,\N,\N,\N,\N,\N,2027-03-30T03:25:42Z,\N,2027-03-31T00:45:50Z,\N,2,retract
acme:data_flow:acme-service-svc-000004-8b82a9c39a2f~2970c07721e2,data_flow,acme,\N,\N,\N,\N,\N,2027-03-30T05:36:53Z,\N,2027-03-31T00:46:56Z,\N,2,retract
acme:data_flow:acme-service-svc-000110-411d41e89b33~501dbd6dd662,data_flow,acme,\N,\N,\N,\N,\N,2027-03-30T06:28:31Z,\N,2027-03-31T02:31:06Z,\N,2,retract
acme:data_flow:acme-service-svc-000097-f64512468127~7dca3ab8e821,data_flow,acme,\N,\N,\N,\N,\N,2027-03-30T15:30:15Z,\N,2027-03-31T05:41:38Z,\N,2,retract
acme:data_flow:acme-service-svc-000048-7346a1bbe0c7~2fe6039305c2,data_flow,acme,\N,\N,\N,\N,\N,2027-03-30T00:23:10Z,\N,2027-03-31T06:00:54Z,\N,2,retract
acme:data_flow:acme-service-svc-000165-e2c8a2197fa5~ed5e12136f9d,data_flow,acme,\N,\N,\N,\N,\N,2027-03-30T03:06:10Z,\N,2027-03-31T06:28:31Z,\N,2,retract
acme:data_flow:acme-service-svc-000003-afa5dfe980e5~6535b4994ff6,data_flow,acme,\N,\N,\N,\N,\N,2027-03-30T21:09:28Z,\N,2027-03-31T06:35:02Z,\N,2,retract
acme:data_flow:acme-service-svc-000036-1940951d046a~c22cb1caa328,data_flow,acme,\N,\N,\N,\N,\N,2027-03-30T20:19:31Z,\N,2027-03-31T09:57:02Z,\N,2,retract
acme:data_flow:acme-service-svc-000086-19076e04c1e6~a9ab7a688bc6,data_flow,acme,\N,\N,\N,\N,\N,2027-03-30T20:42:04Z,\N,2027-03-31T11:24:27Z,\N,2,retract
acme:data_flow:acme-service-svc-000085-329f74bccac2~b3a8db1033ab,data_flow,acme,\N,\N,\N,\N,\N,2027-03-30T01:47:27Z,\N,2027-03-31T11:56:35Z,\N,2,retract
acme:data_flow:acme-service-svc-000014-f897b684710c~81ce4355f985,data_flow,acme,\N,\N,\N,\N,\N,2027-03-30T08:35:23Z,\N,2027-03-31T13:01:09Z,\N,2,retract
acme:data_flow:acme-service-svc-000101-663f265c1517~ffeaa365c247,data_flow,acme,\N,\N,\N,\N,\N,2027-03-30T14:12:09Z,\N,2027-03-31T13:32:01Z,\N,2,retract
acme:data_flow:acme-service-svc-000131-651217f42443~1145a2f72840,data_flow,acme,\N,\N,\N,\N,\N,2027-03-30T21:22:28Z,\N,2027-03-31T15:59:25Z,\N,2,retract
acme:data_flow:acme-service-svc-000014-f897b684710c~18549839bc6b,data_flow,acme,\N,\N,\N,\N,\N,2027-03-30T08:28:00Z,\N,2027-03-31T16:38:24Z,\N,2,retract
acme:data_flow:acme-service-svc-000014-f897b684710c~2c3cbf24df08,data_flow,acme,\N,\N,\N,\N,\N,2027-03-30T16:52:48Z,\N,2027-03-31T17:05:32Z,\N,2,retract
acme:data_flow:acme-service-svc-000033-1294bfae908d~55390c538f73,data_flow,acme,\N,\N,\N,\N,\N,2027-03-30T09:12:56Z,\N,2027-03-31T19:25:22Z,\N,2,retract
acme:data_flow:acme-service-svc-000042-ada79c207e63~b030d13f4d51,data_flow,acme,\N,\N,\N,\N,\N,2027-03-30T12:25:13Z,\N,2027-03-31T20:13:26Z,\N,2,retract
acme:data_flow:acme-service-svc-000042-ada79c207e63~6137e7d8ab43,data_flow,acme,\N,\N,\N,\N,\N,2027-03-30T03:28:40Z,\N,2027-03-31T20:22:50Z,\N,2,retract
acme:data_flow:acme-service-svc-000079-032b83972e3b~94526bc3b0eb,data_flow,acme,\N,\N,\N,\N,\N,2027-03-30T15:56:49Z,\N,2027-03-31T21:33:58Z,\N,2,retract
acme:data_flow:acme-service-svc-000014-f897b684710c~36696acd6aac,data_flow,acme,\N,\N,\N,\N,\N,2027-03-30T08:55:42Z,\N,2027-03-31T21:46:51Z,\N,2,retract
acme:data_flow:acme-service-svc-000000-8730c4e3ac92~310415bdf219,data_flow,acme,\N,\N,\N,\N,\N,2027-03-30T14:39:26Z,\N,2027-03-31T22:08:19Z,\N,2,retract
acme:data_flow:acme-service-svc-000064-4bb22ec19cab~d3630b96ff6f,data_flow,acme,\N,\N,\N,\N,\N,2027-03-30T18:34:32Z,\N,2027-03-31T22:08:45Z,\N,2,retract
acme:data_flow:acme-service-svc-000014-f897b684710c~0da124f5f1ab,data_flow,acme,\N,\N,\N,\N,\N,2027-03-30T18:26:18Z,\N,2027-03-31T22:26:14Z,\N,2,retract
