entity_id,entity_type,organization_id,store_key,store_name,store_kind,stores_pii,lifecycle_stage,lifecycle_stage_status,valid_from,valid_to,system_from,system_to,revision,operation
acme:data_store:store-00000~199fa6b0c449,data_store,acme,store-00000,store-00000.object_store,object_store,false,operational,in_use,2021-01-07T17:42:12Z,\N,2021-01-07T17:42:12Z,\N,1,assert
acme:data_store:store-00001~f3e021452766,data_store,acme,store-00001,store-00001.queue,queue,false,operational,in_use,2021-01-08T00:49:40Z,\N,2021-01-08T00:49:40Z,\N,1,assert
acme:data_store:store-00002~a544946a70d1,data_store,acme,store-00002,store-00002.dbms,dbms,false,operational,in_use,2021-01-09T05:28:29Z,\N,2021-01-09T05:28:29Z,\N,1,assert
acme:data_store:store-00003~355a60161960,data_store,acme,store-00003,store-00003.dbms,dbms,true,operational,in_use,2021-01-10T10:58:54Z,\N,2021-01-10T10:58:54Z,\N,1,assert
acme:data_store:store-00004~3f005a82b8d6,data_store,acme,store-00004,store-00004.file_share,file_share,true,operational,in_use,2021-01-11T13:34:04Z,\N,2021-01-11T13:34:04Z,\N,1,assert
acme:data_store:store-00005~d9cb14e88d51,data_store,acme,store-00005,store-00005.dbms,dbms,false,operational,in_use,2021-01-12T06:34:58Z,\N,2021-01-12T06:34:58Z,\N,1,assert
acme:data_store:store-00042~20df4870412d,data_store,acme,store-00042,store-00042.dbms,dbms,false,operational,in_use,2021-04-01T10:34:06Z,\N,2021-05-07T22:36:16Z,\N,1,assert
acme:data_store:store-00030~7cf56a2d81dd,data_store,acme,store-00030,store-00030.dbms,dbms,true,operational,in_use,2021-06-27T14:03:21Z,\N,2021-08-10T13:30:50Z,\N,1,assert
acme:data_store:store-00032~3fb7e2e112a8,data_store,acme,store-00032,store-00032.dbms,dbms,false,operational,in_use,2021-09-06T21:46:14Z,\N,2021-09-10T12:54:35Z,\N,1,assert
acme:data_store:store-00045~bcae1cb7a646,data_store,acme,store-00045,store-00045.dbms,dbms,false,operational,in_use,2021-09-04T06:01:57Z,\N,2021-09-13T04:52:14Z,\N,1,assert
acme:data_store:store-00041~3a94689d27db,data_store,acme,store-00041,store-00041.dbms,dbms,false,operational,in_use,2021-09-23T11:55:51Z,\N,2021-10-04T22:50:05Z,\N,1,assert
acme:data_store:store-00053~cfc974814be8,data_store,acme,store-00053,store-00053.queue,queue,false,operational,in_use,2021-10-04T11:08:55Z,\N,2021-10-16T03:38:46Z,\N,1,assert
acme:data_store:store-00015~b90744b8b425,data_store,acme,store-00015,store-00015.dbms,dbms,false,operational,in_use,2021-11-12T06:18:41Z,\N,2021-12-09T09:41:01Z,\N,1,assert
acme:data_store:store-00054~87bb2b51b4fd,data_store,acme,store-00054,store-00054.file_share,file_share,false,operational,in_use,2022-01-23T23:44:19Z,\N,2022-02-21T05:01:54Z,\N,1,assert
acme:data_store:store-00028~16ccdbcd0364,data_store,acme,store-00028,store-00028.file_share,file_share,false,operational,in_use,2022-02-25T18:11:13Z,\N,2022-02-27T16:25:11Z,\N,1,assert
acme:data_store:store-00019~5a4a474c1de7,data_store,acme,store-00019,store-00019.dbms,dbms,false,operational,in_use,2022-03-24T02:13:02Z,\N,2022-04-01T10:15:37Z,\N,1,assert
acme:data_store:store-00035~61a4f2d1a91f,data_store,acme,store-00035,store-00035.dbms,dbms,false,operational,in_use,2022-08-11T07:09:47Z,\N,2022-08-14T01:35:22Z,\N,1,assert
acme:data_store:store-00006~cefd6d6f83c8,data_store,acme,store-00006,store-00006.dbms,dbms,false,operational,in_use,2022-08-18T08:35:26Z,\N,2022-08-28T02:32:55Z,\N,1,assert
acme:data_store:store-00050~5048ce7cff7d,data_store,acme,store-00050,store-00050.object_store,object_store,false,operational,in_use,2022-11-14T23:14:47Z,\N,2022-11-18T11:40:07Z,\N,1,assert
acme:data_store:store-00055~a2fd53abeb44,data_store,acme,store-00055,store-00055.file_share,file_share,true,operational,in_use,2022-11-11T11:48:07Z,\N,2022-12-10T18:31:07Z,\N,1,assert
acme:data_store:store-00034~a13ca0592528,data_store,acme,store-00034,store-00034.dbms,dbms,false,operational,in_use,2022-11-08T18:25:45Z,\N,2022-12-14T20:33:52Z,\N,1,assert
acme:data_store:store-00027~0c9d272f0960,data_store,acme,store-00027,store-00027.dbms,dbms,false,operational,in_use,2022-12-10T11:08:27Z,\N,2023-01-07T02:07:30Z,\N,1,assert
acme:data_store:store-00029~ad7fa07fc588,data_store,acme,store-00029,store-00029.file_share,file_share,false,operational,in_use,2023-02-12T16:12:20Z,\N,2023-03-01T10:37:31Z,\N,1,assert
acme:data_store:store-00020~af3e7db7838e,data_store,acme,store-00020,store-00020.dbms,dbms,false,operational,in_use,2023-01-27T12:39:10Z,\N,2023-03-04T15:28:02Z,\N,1,assert
acme:data_store:store-00017~0335de594a0b,data_store,acme,store-00017,store-00017.file_share,file_share,false,operational,in_use,2023-05-26T14:02:20Z,\N,2023-06-22T18:08:45Z,\N,1,assert
acme:data_store:store-00036~a649203d56ee,data_store,acme,store-00036,store-00036.file_share,file_share,true,operational,in_use,2023-07-12T01:19:03Z,\N,2023-08-07T15:00:34Z,\N,1,assert
acme:data_store:store-00043~068da03c7cc7,data_store,acme,store-00043,store-00043.dbms,dbms,false,operational,in_use,2023-08-21T02:36:49Z,\N,2023-09-17T00:16:29Z,\N,1,assert
acme:data_store:store-00026~a4fd7cb3cc14,data_store,acme,store-00026,store-00026.dbms,dbms,false,operational,in_use,2023-09-20T01:58:17Z,\N,2023-10-14T11:05:26Z,\N,1,assert
acme:data_store:store-00047~393f06fbb078,data_store,acme,store-00047,store-00047.dbms,dbms,false,operational,in_use,2023-11-20T01:27:20Z,\N,2023-11-21T00:31:26Z,\N,1,assert
acme:data_store:store-00038~ad708d8492b0,data_store,acme,store-00038,store-00038.dbms,dbms,true,operational,in_use,2023-11-21T08:47:39Z,\N,2023-11-22T01:55:09Z,\N,1,assert
acme:data_store:store-00014~1e3d49d78f98,data_store,acme,store-00014,store-00014.object_store,object_store,false,operational,in_use,2023-10-30T21:55:45Z,\N,2023-11-24T17:59:57Z,\N,1,assert
acme:data_store:store-00007~61b44d6166b5,data_store,acme,store-00007,store-00007.dbms,dbms,false,operational,in_use,2023-11-16T06:23:33Z,\N,2023-12-27T16:13:17Z,\N,1,assert
acme:data_store:store-00012~3e059b31b745,data_store,acme,store-00012,store-00012.object_store,object_store,false,operational,in_use,2024-03-29T04:43:46Z,\N,2024-04-11T18:15:15Z,\N,1,assert
acme:data_store:store-00057~7169e9cd0ce8,data_store,acme,store-00057,store-00057.dbms,dbms,false,operational,in_use,2024-03-19T00:39:51Z,\N,2024-04-17T14:52:19Z,\N,1,assert
acme:data_store:store-00058~c06e3715c28a,data_store,acme,store-00058,store-00058.warehouse,warehouse,false,operational,in_use,2024-05-18T16:16:36Z,\N,2024-06-18T23:47:26Z,\N,1,assert
acme:data_store:store-00056~6e84be45afe6,data_store,acme,store-00056,store-00056.dbms,dbms,false,operational,in_use,2024-06-12T23:09:56Z,\N,2024-06-24T20:54:47Z,\N,1,assert
acme:data_store:store-00008~64869a06626c,data_store,acme,store-00008,store-00008.warehouse,warehouse,true,operational,in_use,2024-07-17T11:27:37Z,\N,2024-07-28T04:35:19Z,\N,1,assert
acme:data_store:store-00010~c8a799f5f6ea,data_store,acme,store-00010,store-00010.object_store,object_store,false,operational,in_use,2024-09-03T21:27:48Z,\N,2024-09-20T00:37:24Z,2025-06-14T08:15:30Z,1,assert
acme:data_store:store-00033~736c89011dd7,data_store,acme,store-00033,store-00033.warehouse,warehouse,false,operational,in_use,2025-03-19T13:06:38Z,\N,2025-04-19T17:44:14Z,\N,1,assert
acme:data_store:store-00010~c8a799f5f6ea,data_store,acme,store-00010,store-00010.object_store,object_store,false,operational,in_maintenance,2024-09-03T21:27:48Z,\N,2025-06-14T08:15:30Z,\N,2,assert
acme:data_store:store-00024~330676ebc276,data_store,acme,store-00024,store-00024.warehouse,warehouse,false,operational,in_use,2025-06-06T05:01:33Z,\N,2025-07-18T11:56:06Z,\N,1,assert
acme:data_store:store-00059~73d4b91c0740,data_store,acme,store-00059,store-00059.warehouse,warehouse,false,operational,in_use,2025-07-16T07:17:08Z,2025-10-13T12:39:04Z,2025-08-18T10:00:38Z,\N,1,assert
acme:data_store:store-00052~26da29c2901e,data_store,acme,store-00052,store-00052.dbms,dbms,true,operational,in_use,2025-08-28T04:09:32Z,\N,2025-09-10T05:17:15Z,\N,1,assert
acme:data_store:store-00031~e99ebf6bd5d4,data_store,acme,store-00031,store-00031.dbms,dbms,false,operational,in_use,2025-09-30T02:21:08Z,\N,2025-11-10T08:10:17Z,\N,1,assert
acme:data_store:store-00013~0b1d9d7b4c9f,data_store,acme,store-00013,store-00013.dbms,dbms,false,operational,in_use,2025-12-03T17:11:29Z,\N,2025-12-08T23:39:04Z,\N,1,assert
acme:data_store:store-00021~d27ae2ef09dd,data_store,acme,store-00021,store-00021.warehouse,warehouse,false,operational,in_use,2025-12-27T13:18:16Z,\N,2026-01-07T10:34:05Z,\N,1,assert
acme:data_store:store-00049~da5824f76ac4,data_store,acme,store-00049,store-00049.dbms,dbms,false,operational,in_use,2026-01-29T08:19:38Z,\N,2026-02-02T21:43:37Z,\N,1,assert
acme:data_store:store-00018~43890fc48aba,data_store,acme,store-00018,store-00018.dbms,dbms,true,operational,in_use,2026-01-27T01:58:50Z,\N,2026-02-16T03:39:37Z,\N,1,assert
acme:data_store:store-00011~878216cf3359,data_store,acme,store-00011,store-00011.dbms,dbms,false,operational,in_use,2026-01-21T01:30:58Z,\N,2026-03-06T15:20:17Z,\N,1,assert
acme:data_store:store-00059~73d4b91c0740,data_store,acme,\N,\N,\N,\N,\N,\N,2025-10-13T12:39:04Z,\N,2026-03-10T14:29:42Z,\N,2,retract
acme:data_store:store-00022~73ab60793373,data_store,acme,store-00022,store-00022.dbms,dbms,false,operational,in_use,2026-03-22T09:31:22Z,2026-05-13T23:25:15Z,2026-03-23T17:18:10Z,\N,1,assert
acme:data_store:store-00023~cc4c05837897,data_store,acme,store-00023,store-00023.object_store,object_store,false,operational,in_use,2026-03-03T11:09:26Z,\N,2026-04-01T06:35:38Z,\N,1,assert
acme:data_store:store-00051~5b1bb96c3aa6,data_store,acme,store-00051,store-00051.dbms,dbms,true,operational,in_use,2026-03-18T11:56:05Z,\N,2026-04-10T00:43:22Z,\N,1,assert
acme:data_store:store-00009~7923e41f6dc3,data_store,acme,store-00009,store-00009.dbms,dbms,true,operational,in_use,2026-06-20T21:03:17Z,\N,2026-07-10T12:52:14Z,\N,1,assert
acme:data_store:store-00037~8127cffb5927,data_store,acme,store-00037,store-00037.dbms,dbms,false,operational,in_use,2026-06-26T20:25:23Z,\N,2026-07-25T22:02:22Z,\N,1,assert
acme:data_store:store-00048~373f9a3a1ebb,data_store,acme,store-00048,store-00048.warehouse,warehouse,false,operational,in_use,2026-08-08T08:31:14Z,\N,2026-08-08T08:31:14Z,\N,1,assert
acme:data_store:store-00046~978a8ee501ef,data_store,acme,store-00046,store-00046.warehouse,warehouse,false,operational,in_use,2026-08-16T01:40:09Z,\N,2026-08-18T19:54:46Z,\N,1,assert
acme:data_store:store-00025~2cb22659d4cb,data_store,acme,store-00025,store-00025.dbms,dbms,false,operational,in_use,2026-08-26T17:52:23Z,\N,2026-10-04T20:38:21Z,\N,1,assert
acme:data_store:store-00022~73ab60793373,data_store,acme,\N,\N,\N,\N,\N,\N,2026-05-13T23:25:15Z,\N,2026-11-10T10:16:07Z,\N,2,retract
acme:data_store:store-00039~c1346766e9e9,data_store,acme,store-00039,store-00039.warehouse,warehouse,false,operational,in_use,2026-10-09T02:54:25Z,\N,2026-11-10T18:08:53Z,\N,1,assert
acme:data_store:store-00044~ae95d2b86cd4,data_store,acme,store-00044,store-00044.object_store,object_store,true,operational,in_use,2026-10-29T18:07:38Z,\N,2026-11-20T12:35:21Z,\N,1,assert
acme:data_store:store-00040~7de541753555,data_store,acme,store-00040,store-00040.file_share,file_share,false,operational,in_use,2026-12-03T04:47:31Z,\N,2026-12-28T21:01:05Z,\N,1,assert
acme:data_store:store-00016~ed043789110b,data_store,acme,store-00016,store-00016.file_share,file_share,false,operational,in_use,2027-01-23T22:25:18Z,\N,2027-01-31T11:20:28Z,\N,1,assert
