entity_id,entity_type,organization_id,data_store_id,schema_name,table_name,estimated_rows,valid_from,valid_to,system_from,system_to,revision,operation
acme:database_table:acme-data-store-store-00000~bf688a615fcc,database_table,acme,acme:data_store:store-00000~199fa6b0c449,hr,employee,88865,2021-01-07T17:42:12Z,\N,2021-01-07T17:42:12Z,\N,1,assert
acme:database_table:acme-data-store-store-00000~9131409f761f,database_table,acme,acme:data_store:store-00000~199fa6b0c449,ops,ops_fact_00002,47067,2021-01-09T05:28:29Z,\N,2021-01-09T05:28:29Z,\N,1,assert
acme:database_table:acme-data-store-store-00003~0bdf83cf5bd6,database_table,acme,acme:data_store:store-00003~355a60161960,crm,crm_fact_00003,16479,2021-01-10T10:58:54Z,\N,2021-01-10T10:58:54Z,\N,1,assert
acme:database_table:acme-data-store-store-00002~4b000e168e1b,database_table,acme,acme:data_store:store-00002~a544946a70d1,hr,hr_fact_00004,73407,2021-01-11T13:34:04Z,\N,2021-01-11T13:34:04Z,\N,1,assert
acme:database_table:acme-data-store-store-00005~7dbac2aa6678,database_table,acme,acme:data_store:store-00005~d9cb14e88d51,ops,legacy_events,12763,2021-01-12T06:34:58Z,\N,2021-01-12T06:34:58Z,\N,1,assert
acme:database_table:acme-data-store-store-00002~f7f85a365e39,database_table,acme,acme:data_store:store-00002~a544946a70d1,wh,wh_fact_00007,60875,2021-01-07T13:56:49Z,\N,2021-01-28T08:42:30Z,\N,1,assert
acme:database_table:acme-data-store-store-00004~a566209af569,database_table,acme,acme:data_store:store-00004~3f005a82b8d6,sales,sales_dim_00113,58501,2021-02-07T02:38:17Z,\N,2021-03-05T03:51:28Z,\N,1,assert
acme:database_table:acme-data-store-store-00001~a714596cf302,database_table,acme,acme:data_store:store-00001~f3e021452766,sales,sales_fact_00019,30875,2021-02-18T19:47:17Z,\N,2021-03-22T07:45:47Z,\N,1,assert
acme:database_table:acme-data-store-store-00003~245d37b25f73,database_table,acme,acme:data_store:store-00003~355a60161960,finance,finance_fact_00025,22866,2021-03-25T02:48:30Z,\N,2021-03-29T17:23:01Z,\N,1,assert
acme:database_table:acme-data-store-store-00005~51f4382a117b,database_table,acme,acme:data_store:store-00005~d9cb14e88d51,crm,crm_fact_00070,48365,2021-03-14T05:30:52Z,\N,2021-04-18T17:40:40Z,\N,1,assert
acme:database_table:acme-data-store-store-00000~8b23db9f3619,database_table,acme,acme:data_store:store-00000~199fa6b0c449,wh,wh_dim_00119,7182,2021-03-31T11:16:47Z,\N,2021-05-09T23:29:52Z,\N,1,assert
acme:database_table:acme-data-store-store-00001~5c759b0ae47b,database_table,acme,acme:data_store:store-00001~f3e021452766,crm,crm_fact_00096,64791,2021-06-12T18:26:23Z,\N,2021-06-21T00:55:47Z,\N,1,assert
acme:database_table:acme-data-store-store-00001~e2afb98ca12a,database_table,acme,acme:data_store:store-00001~f3e021452766,ops,ops_fact_00008,48906,2021-05-28T08:03:44Z,\N,2021-06-22T05:01:49Z,\N,1,assert
acme:database_table:acme-data-store-store-00004~590a3837af89,database_table,acme,acme:data_store:store-00004~3f005a82b8d6,wh,wh_dim_00023,79838,2021-05-31T20:01:51Z,\N,2021-06-26T12:25:18Z,\N,1,assert
acme:database_table:acme-data-store-store-00001~fbb4f329e964,database_table,acme,acme:data_store:store-00001~f3e021452766,finance,finance_fact_00112,88501,2021-07-16T12:29:03Z,\N,2021-07-17T17:41:09Z,\N,1,assert
acme:database_table:acme-data-store-store-00003~9961b9215792,database_table,acme,acme:data_store:store-00003~355a60161960,crm,crm_dim_00105,29725,2021-07-30T09:11:00Z,\N,2021-08-31T20:22:26Z,\N,1,assert
acme:database_table:acme-data-store-store-00003~a425ce6a8d77,database_table,acme,acme:data_store:store-00003~355a60161960,sales,sales_fact_00107,30855,2021-08-20T15:18:38Z,\N,2021-09-06T21:54:12Z,\N,1,assert
acme:database_table:acme-data-store-store-00005~1988362e738a,database_table,acme,acme:data_store:store-00005~d9cb14e88d51,iam,iam_fact_00073,89615,2021-09-09T19:52:37Z,\N,2021-09-11T06:02:14Z,\N,1,assert
acme:database_table:acme-data-store-store-00004~57bbe24224d1,database_table,acme,acme:data_store:store-00004~3f005a82b8d6,finance,finance_dim_00067,51414,2021-09-10T11:44:53Z,\N,2021-09-16T09:53:08Z,\N,1,assert
acme:database_table:acme-data-store-store-00041~ac42b115bd78,database_table,acme,acme:data_store:store-00041~3a94689d27db,crm,crm_fact_00041,26507,2021-10-13T01:26:38Z,\N,2021-10-17T06:46:14Z,\N,1,assert
acme:database_table:acme-data-store-store-00030~288b01a7cbb5,database_table,acme,acme:data_store:store-00030~7cf56a2d81dd,finance,finance_dim_00097,44934,2021-10-02T16:34:56Z,\N,2021-10-17T08:13:32Z,\N,1,assert
acme:database_table:acme-data-store-store-00053~e44388db59c2,database_table,acme,acme:data_store:store-00053~cfc974814be8,hr,hr_fact_00033,25302,2021-11-14T13:19:31Z,\N,2021-11-18T15:56:00Z,\N,1,assert
acme:database_table:acme-data-store-store-00005~ff0290f0487b,database_table,acme,acme:data_store:store-00005~d9cb14e88d51,finance,finance_dim_00075,85757,2021-10-25T17:58:15Z,\N,2021-11-23T11:19:05Z,\N,1,assert
acme:database_table:acme-data-store-store-00004~0f00d2b21f2a,database_table,acme,acme:data_store:store-00004~3f005a82b8d6,hr,hr_dim_00071,40445,2021-10-31T06:01:16Z,\N,2021-11-26T04:21:25Z,\N,1,assert
acme:database_table:acme-data-store-store-00041~eb89fb348c17,database_table,acme,acme:data_store:store-00041~3a94689d27db,finance,finance_dim_00079,56664,2021-12-12T17:49:51Z,\N,2021-12-14T22:24:48Z,\N,1,assert
acme:database_table:acme-data-store-store-00000~78151f257b4f,database_table,acme,acme:data_store:store-00000~199fa6b0c449,sales,sales_dim_00076,33862,2021-12-14T15:21:20Z,\N,2022-01-21T22:20:19Z,\N,1,assert
acme:database_table:acme-data-store-store-00005~826e16be8f7a,database_table,acme,acme:data_store:store-00005~d9cb14e88d51,iam,iam_fact_00122,46549,2022-02-10T16:24:45Z,\N,2022-02-13T14:34:47Z,\N,1,assert
acme:database_table:acme-data-store-store-00045~2768f056d300,database_table,acme,acme:data_store:store-00045~bcae1cb7a646,sales,sales_dim_00009,22473,2022-02-11T11:19:47Z,\N,2022-02-22T03:33:51Z,\N,1,assert
acme:database_table:acme-data-store-store-00042~53dec56fce62,database_table,acme,acme:data_store:store-00042~20df4870412d,crm,crm_fact_00064,35465,2022-02-18T15:38:12Z,\N,2022-03-07T18:40:43Z,\N,1,assert
acme:database_table:acme-data-store-store-00030~b23236c61887,database_table,acme,acme:data_store:store-00030~7cf56a2d81dd,wh,wh_fact_00088,27277,2022-05-01T05:45:25Z,\N,2022-06-08T13:19:34Z,\N,1,assert
acme:database_table:acme-data-store-store-00000~e620a4ee645a,database_table,acme,acme:data_store:store-00000~199fa6b0c449,ops,ops_dim_00115,65689,2022-06-18T07:44:23Z,\N,2022-07-12T17:08:53Z,\N,1,assert
acme:database_table:acme-data-store-store-00005~cc03b017c3b1,database_table,acme,acme:data_store:store-00005~d9cb14e88d51,sales,sales_fact_00058,19681,2022-06-08T22:44:41Z,\N,2022-07-17T16:06:01Z,\N,1,assert
acme:database_table:acme-data-store-store-00019~ae57688bff4c,database_table,acme,acme:data_store:store-00019~5a4a474c1de7,iam,iam_fact_00054,21183,2022-06-23T09:21:23Z,\N,2022-07-23T13:06:13Z,\N,1,assert
acme:database_table:acme-data-store-store-00015~0c9f4627f003,database_table,acme,acme:data_store:store-00015~b90744b8b425,sales,sales_fact_00022,25329,2022-07-09T21:40:37Z,\N,2022-07-25T13:32:49Z,\N,1,assert
acme:database_table:acme-data-store-store-00002~b8b4ca4ab3ea,database_table,acme,acme:data_store:store-00002~a544946a70d1,finance,finance_fact_00049,5616,2022-07-19T12:54:42Z,\N,2022-08-22T01:56:44Z,\N,1,assert
acme:database_table:acme-data-store-store-00002~4f158bf4a5d1,database_table,acme,acme:data_store:store-00002~a544946a70d1,wh,wh_fact_00030,89276,2022-09-26T12:11:45Z,\N,2022-10-03T02:54:53Z,\N,1,assert
acme:database_table:acme-data-store-store-00035~e582cd0732a0,database_table,acme,acme:data_store:store-00035~61a4f2d1a91f,wh,wh_fact_00011,43003,2022-09-25T13:32:47Z,\N,2022-10-28T21:31:49Z,\N,1,assert
acme:database_table:acme-data-store-store-00003~5a56e0ffba36,database_table,acme,acme:data_store:store-00003~355a60161960,sales,sales_dim_00127,86849,2022-10-26T16:33:28Z,\N,2022-10-30T14:25:57Z,\N,1,assert
acme:database_table:acme-data-store-store-00002~df30da49d36e,database_table,acme,acme:data_store:store-00002~a544946a70d1,sales,sales_dim_00095,14887,2022-10-12T10:32:59Z,\N,2022-11-13T18:32:38Z,\N,1,assert
acme:database_table:acme-data-store-store-00035~d2f54a4b58b1,database_table,acme,acme:data_store:store-00035~61a4f2d1a91f,iam,iam_fact_00086,11213,2022-11-05T21:15:12Z,\N,2022-11-28T20:00:02Z,\N,1,assert
acme:database_table:acme-data-store-store-00042~13766231d832,database_table,acme,acme:data_store:store-00042~20df4870412d,finance,finance_fact_00039,50310,2022-11-08T12:51:55Z,\N,2022-11-29T20:03:05Z,\N,1,assert
acme:database_table:acme-data-store-store-00032~14e36dd161e4,database_table,acme,acme:data_store:store-00032~3fb7e2e112a8,wh,wh_dim_00015,64697,2022-12-27T18:50:35Z,\N,2023-02-09T04:11:01Z,\N,1,assert
acme:database_table:acme-data-store-store-00006~c4079246e1b3,database_table,acme,acme:data_store:store-00006~cefd6d6f83c8,crm,crm_fact_00038,38498,2023-02-07T14:32:19Z,\N,2023-03-05T06:02:37Z,\N,1,assert
acme:database_table:acme-data-store-store-00003~f66fa18b7856,database_table,acme,acme:data_store:store-00003~355a60161960,iam,iam_fact_00120,44094,2023-03-07T01:23:47Z,\N,2023-04-01T02:53:15Z,\N,1,assert
acme:database_table:acme-data-store-store-00006~6b2fb234c679,database_table,acme,acme:data_store:store-00006~cefd6d6f83c8,ops,ops_fact_00032,5512,2023-05-01T23:55:01Z,\N,2023-05-29T10:26:43Z,\N,1,assert
acme:database_table:acme-data-store-store-00027~ec6a8c32f748,database_table,acme,acme:data_store:store-00027~0c9d272f0960,wh,wh_fact_00101,1625,2023-06-30T20:37:52Z,\N,2023-07-22T14:30:40Z,\N,1,assert
acme:database_table:acme-data-store-store-00015~72ebba10c612,database_table,acme,acme:data_store:store-00015~b90744b8b425,iam,iam_dim_00057,74613,2023-06-26T18:30:02Z,\N,2023-08-07T17:24:05Z,\N,1,assert
acme:database_table:acme-data-store-store-00017~6c34a0221ab3,database_table,acme,acme:data_store:store-00017~0335de594a0b,sales,sales_fact_00028,42169,2023-10-19T00:16:15Z,\N,2023-10-19T00:16:15Z,\N,1,assert
acme:database_table:acme-data-store-store-00026~6bb78151e307,database_table,acme,acme:data_store:store-00026~a4fd7cb3cc14,ops,ops_dim_00094,66305,2023-11-21T12:41:27Z,\N,2023-11-24T09:04:51Z,\N,1,assert
acme:database_table:acme-data-store-store-00050~472fc28e8134,database_table,acme,acme:data_store:store-00050~5048ce7cff7d,hr,hr_fact_00090,51989,2023-10-31T00:37:41Z,\N,2023-11-27T01:25:45Z,\N,1,assert
acme:database_table:acme-data-store-store-00047~931e7bac19ac,database_table,acme,acme:data_store:store-00047~393f06fbb078,wh,wh_fact_00014,58307,2023-11-06T20:48:49Z,\N,2023-12-20T13:10:20Z,\N,1,assert
acme:database_table:acme-data-store-store-00050~774621ae8d8f,database_table,acme,acme:data_store:store-00050~5048ce7cff7d,sales,sales_dim_00063,89472,2023-11-28T10:22:19Z,\N,2023-12-28T12:06:19Z,\N,1,assert
acme:database_table:acme-data-store-store-00030~42ab79bc3d7a,database_table,acme,acme:data_store:store-00030~7cf56a2d81dd,sales,sales_dim_00047,85868,2023-12-27T07:22:15Z,\N,2024-01-07T10:02:44Z,\N,1,assert
acme:database_table:acme-data-store-store-00002~54b07be61700,database_table,acme,acme:data_store:store-00002~a544946a70d1,ops,ops_dim_00117,72708,2024-01-10T11:53:57Z,\N,2024-01-17T02:23:07Z,\N,1,assert
acme:database_table:acme-data-store-store-00030~53755d4e872b,database_table,acme,acme:data_store:store-00030~7cf56a2d81dd,ops,ops_fact_00035,41238,2024-02-06T05:32:35Z,\N,2024-02-11T04:59:05Z,\N,1,assert
acme:database_table:acme-data-store-store-00005~d2260c16aa83,database_table,acme,acme:data_store:store-00005~d9cb14e88d51,iam,iam_dim_00109,85378,2024-03-22T16:42:05Z,\N,2024-03-31T07:49:01Z,\N,1,assert
acme:database_table:acme-data-store-store-00035~ea0c8d9f0619,database_table,acme,acme:data_store:store-00035~61a4f2d1a91f,ops,ops_fact_00013,23185,2024-04-21T17:47:33Z,\N,2024-05-23T13:48:14Z,\N,1,assert
acme:database_table:acme-data-store-store-00027~a89e337f534d,database_table,acme,acme:data_store:store-00027~0c9d272f0960,hr,hr_fact_00068,69600,2024-04-23T00:47:42Z,\N,2024-06-01T10:51:14Z,\N,1,assert
acme:database_table:acme-data-store-store-00034~8c56943b6bb3,database_table,acme,acme:data_store:store-00034~a13ca0592528,hr,hr_fact_00106,7515,2024-05-05T03:50:01Z,\N,2024-06-05T03:37:27Z,\N,1,assert
acme:database_table:acme-data-store-store-00053~4cc0f343d062,database_table,acme,acme:data_store:store-00053~cfc974814be8,crm,crm_fact_00121,74862,2024-06-04T09:25:08Z,\N,2024-06-09T12:20:51Z,\N,1,assert
acme:database_table:acme-data-store-store-00035~41cf712ef558,database_table,acme,acme:data_store:store-00035~61a4f2d1a91f,sales,sales_fact_00051,51613,2024-06-07T22:38:53Z,\N,2024-06-23T11:30:48Z,\N,1,assert
acme:database_table:acme-data-store-store-00028~9473c3bb0b80,database_table,acme,acme:data_store:store-00028~16ccdbcd0364,crm,crm_fact_00065,59837,2024-07-02T21:37:05Z,\N,2024-08-13T13:40:56Z,\N,1,assert
acme:database_table:acme-data-store-store-00028~b7281d72ba96,database_table,acme,acme:data_store:store-00028~16ccdbcd0364,finance,finance_dim_00021,4635,2024-08-09T21:19:51Z,\N,2024-08-20T19:44:41Z,\N,1,assert
acme:database_table:acme-data-store-store-00012~67f9d04b74f2,database_table,acme,acme:data_store:store-00012~3e059b31b745,sales,sales_fact_00016,73810,2024-08-07T21:36:27Z,\N,2024-09-15T19:03:31Z,\N,1,assert
acme:database_table:acme-data-store-store-00054~40f5e29ad0e6,database_table,acme,acme:data_store:store-00054~87bb2b51b4fd,crm,crm_dim_00066,82748,2024-09-10T14:27:19Z,\N,2024-10-07T17:35:28Z,\N,1,assert
acme:database_table:acme-data-store-store-00058~c99787b4470b,database_table,acme,acme:data_store:store-00058~c06e3715c28a,ops,ops_dim_00055,44004,2024-10-14T07:59:38Z,\N,2024-10-15T19:51:02Z,\N,1,assert
acme:database_table:acme-data-store-store-00002~35e3cd29a30b,database_table,acme,acme:data_store:store-00002~a544946a70d1,wh,wh_fact_00085,8800,2024-09-22T23:49:30Z,\N,2024-10-19T00:31:32Z,\N,1,assert
acme:database_table:acme-data-store-store-00007~cb2368020134,database_table,acme,acme:data_store:store-00007~61b44d6166b5,iam,iam_dim_00029,67346,2024-11-15T05:37:45Z,\N,2024-12-21T13:18:13Z,\N,1,assert
acme:database_table:acme-data-store-store-00010~04c48467a3c8,database_table,acme,acme:data_store:store-00010~c8a799f5f6ea,crm,crm_dim_00093,1496,2025-01-18T08:27:24Z,\N,2025-01-22T18:36:37Z,\N,1,assert
acme:database_table:acme-data-store-store-00032~917989332530,database_table,acme,acme:data_store:store-00032~3fb7e2e112a8,hr,hr_fact_00081,82760,2025-01-13T11:58:41Z,\N,2025-02-10T01:20:41Z,\N,1,assert
acme:database_table:acme-data-store-store-00058~689f4627bfe3,database_table,acme,acme:data_store:store-00058~c06e3715c28a,wh,wh_fact_00118,38480,2025-01-07T21:36:50Z,\N,2025-02-16T19:16:16Z,\N,1,assert
acme:database_table:acme-data-store-store-00010~be4ef5e60885,database_table,acme,acme:data_store:store-00010~c8a799f5f6ea,sales,sales_dim_00087,11706,2025-04-18T06:10:36Z,\N,2025-05-03T09:47:49Z,\N,1,assert
acme:database_table:acme-data-store-store-00038~919964b99a0e,database_table,acme,acme:data_store:store-00038~ad708d8492b0,finance,finance_fact_00091,74619,2025-05-08T19:03:56Z,\N,2025-05-20T18:36:46Z,\N,1,assert
acme:database_table:acme-data-store-store-00034~1ef61b94cd53,database_table,acme,acme:data_store:store-00034~a13ca0592528,sales,sales_dim_00043,79336,2025-06-26T16:04:12Z,\N,2025-08-04T04:27:04Z,\N,1,assert
acme:database_table:acme-data-store-store-00006~2c191eb4abb0,database_table,acme,acme:data_store:store-00006~cefd6d6f83c8,finance,finance_fact_00102,80698,2025-08-03T00:46:52Z,\N,2025-08-07T16:59:12Z,\N,1,assert
acme:database_table:acme-data-store-store-00030~71551ea0db77,database_table,acme,acme:data_store:store-00030~7cf56a2d81dd,iam,iam_fact_00074,74587,2025-08-02T02:50:10Z,\N,2025-08-14T18:18:19Z,\N,1,assert
acme:database_table:acme-data-store-store-00033~07e78d85b926,database_table,acme,acme:data_store:store-00033~736c89011dd7,hr,hr_fact_00044,46545,2025-08-04T15:49:55Z,\N,2025-09-03T14:27:47Z,\N,1,assert
acme:database_table:acme-data-store-store-00017~0a1bfcdc9ed9,database_table,acme,acme:data_store:store-00017~0335de594a0b,crm,crm_fact_00042,25006,2025-10-04T11:56:46Z,\N,2025-10-23T22:17:36Z,\N,1,assert
acme:database_table:acme-data-store-store-00053~655375753041,database_table,acme,acme:data_store:store-00053~cfc974814be8,hr,hr_fact_00045,89030,2025-11-18T07:29:02Z,\N,2025-12-06T05:02:57Z,\N,1,assert
acme:database_table:acme-data-store-store-00012~4fd3e0d20b13,database_table,acme,acme:data_store:store-00012~3e059b31b745,crm,crm_fact_00061,39418,2025-10-27T10:34:02Z,\N,2025-12-06T17:52:17Z,\N,1,assert
acme:database_table:acme-data-store-store-00008~b906d7c8400b,database_table,acme,acme:data_store:store-00008~64869a06626c,wh,wh_fact_00026,44519,2025-12-10T04:00:43Z,\N,2025-12-16T18:16:23Z,\N,1,assert
acme:database_table:acme-data-store-store-00034~11489807d941,database_table,acme,acme:data_store:store-00034~a13ca0592528,iam,iam_fact_00092,22374,2026-01-01T08:22:04Z,\N,2026-01-02T17:14:25Z,\N,1,assert
acme:database_table:acme-data-store-store-00008~3bec4a0d16be,database_table,acme,acme:data_store:store-00008~64869a06626c,wh,wh_fact_00018,33824,2026-01-15T14:12:51Z,\N,2026-01-26T05:13:07Z,\N,1,assert
acme:database_table:acme-data-store-store-00041~248bfe6023c4,database_table,acme,acme:data_store:store-00041~3a94689d27db,finance,finance_dim_00114,23887,2026-01-16T08:20:32Z,\N,2026-02-04T05:15:45Z,\N,1,assert
acme:database_table:acme-data-store-store-00036~bcc320c249db,database_table,acme,acme:data_store:store-00036~a649203d56ee,hr,hr_dim_00078,49195,2026-03-01T14:52:18Z,\N,2026-03-20T08:15:11Z,\N,1,assert
acme:database_table:acme-data-store-store-00022~2355d74c6b54,database_table,acme,acme:data_store:store-00022~73ab60793373,hr,hr_fact_00024,34055,2026-03-09T09:45:37Z,\N,2026-04-03T04:03:01Z,\N,1,assert
acme:database_table:acme-data-store-store-00003~9a8f018f2385,database_table,acme,acme:data_store:store-00003~355a60161960,wh,wh_dim_00056,45006,2026-03-20T16:28:10Z,\N,2026-04-05T01:33:35Z,\N,1,assert
acme:database_table:acme-data-store-store-00057~c1e377ca24f3,database_table,acme,acme:data_store:store-00057~7169e9cd0ce8,iam,iam_fact_00126,24829,2026-02-28T09:04:22Z,\N,2026-04-05T10:34:56Z,\N,1,assert
acme:database_table:acme-data-store-store-00047~93e25e14c373,database_table,acme,acme:data_store:store-00047~393f06fbb078,iam,iam_fact_00116,60551,2026-04-10T19:04:45Z,\N,2026-04-15T02:59:10Z,\N,1,assert
acme:database_table:acme-data-store-store-00021~40e76da5c036,database_table,acme,acme:data_store:store-00021~d27ae2ef09dd,hr,staff,32275,2026-05-01T11:54:35Z,\N,2026-05-01T11:54:35Z,\N,1,assert
acme:database_table:acme-data-store-store-00015~8ff84a7d5fee,database_table,acme,acme:data_store:store-00015~b90744b8b425,iam,iam_dim_00040,53428,2026-04-28T09:07:41Z,\N,2026-05-01T16:21:02Z,\N,1,assert
acme:database_table:acme-data-store-store-00012~633e63e7054d,database_table,acme,acme:data_store:store-00012~3e059b31b745,wh,wh_dim_00059,67663,2026-04-11T20:53:00Z,\N,2026-05-04T15:23:24Z,\N,1,assert
acme:database_table:acme-data-store-store-00005~dcb170032c12,database_table,acme,acme:data_store:store-00005~d9cb14e88d51,wh,wh_fact_00006,25832,2026-06-01T09:36:25Z,\N,2026-06-10T03:58:04Z,\N,1,assert
acme:database_table:acme-data-store-store-00047~45146a46c3bc,database_table,acme,acme:data_store:store-00047~393f06fbb078,wh,wh_fact_00017,34010,2026-06-19T05:45:43Z,\N,2026-07-04T22:42:59Z,\N,1,assert
acme:database_table:acme-data-store-store-00031~a8040adeeac5,database_table,acme,acme:data_store:store-00031~e99ebf6bd5d4,crm,crm_fact_00027,52557,2026-07-11T13:51:01Z,\N,2026-07-16T20:56:15Z,\N,1,assert
acme:database_table:acme-data-store-store-00035~ec75567fd424,database_table,acme,acme:data_store:store-00035~61a4f2d1a91f,finance,finance_fact_00050,12541,2026-07-18T19:02:18Z,\N,2026-07-18T19:02:18Z,\N,1,assert
acme:database_table:acme-data-store-store-00030~dddad24db11d,database_table,acme,acme:data_store:store-00030~7cf56a2d81dd,hr,hr_fact_00103,7963,2026-06-28T15:29:54Z,\N,2026-07-29T21:55:52Z,\N,1,assert
acme:database_table:acme-data-store-store-00054~504f22e0b009,database_table,acme,acme:data_store:store-00054~87bb2b51b4fd,iam,iam_fact_00125,33612,2026-06-28T18:40:14Z,\N,2026-08-03T17:23:38Z,\N,1,assert
acme:database_table:acme-data-store-store-00047~cd6f735d2963,database_table,acme,acme:data_store:store-00047~393f06fbb078,crm,crm_fact_00036,77392,2026-07-27T21:51:30Z,\N,2026-08-05T07:26:46Z,\N,1,assert
acme:database_table:acme-data-store-store-00024~f077e65464d1,database_table,acme,acme:data_store:store-00024~330676ebc276,iam,iam_dim_00129,77767,2026-07-30T20:01:51Z,\N,2026-08-05T03:18:43Z,\N,1,assert
acme:database_table:acme-data-store-store-00021~eae2bfc75f10,database_table,acme,acme:data_store:store-00021~d27ae2ef09dd,finance,finance_fact_00083,81733,2026-07-27T07:19:45Z,\N,2026-08-18T18:41:31Z,\N,1,assert
acme:database_table:acme-data-store-store-00003~16040b57eaae,database_table,acme,acme:data_store:store-00003~355a60161960,sales,sales_fact_00053,26072,2026-08-13T19:03:43Z,\N,2026-08-21T02:42:32Z,\N,1,assert
acme:database_table:acme-data-store-store-00028~7281f0f988f9,database_table,acme,acme:data_store:store-00028~16ccdbcd0364,wh,wh_fact_00124,88812,2026-08-18T16:18:30Z,\N,2026-08-26T15:41:37Z,\N,1,assert
acme:database_table:acme-data-store-store-00013~345b9a43079f,database_table,acme,acme:data_store:store-00013~0b1d9d7b4c9f,sales,sales_dim_00069,2031,2026-07-24T14:39:54Z,\N,2026-08-27T04:45:52Z,\N,1,assert
acme:database_table:acme-data-store-store-00026~3fa33dd63609,database_table,acme,acme:data_store:store-00026~a4fd7cb3cc14,wh,wh_fact_00052,62662,2026-08-26T22:23:30Z,\N,2026-09-01T03:33:06Z,\N,1,assert
acme:database_table:acme-data-store-store-00042~c430b00990f0,database_table,acme,acme:data_store:store-00042~20df4870412d,crm,crm_dim_00084,62280,2026-08-06T00:52:10Z,\N,2026-09-07T04:00:38Z,\N,1,assert
acme:database_table:acme-data-store-store-00037~11cc5a24ac42,database_table,acme,acme:data_store:store-00037~8127cffb5927,iam,iam_fact_00062,33534,2026-08-26T12:14:12Z,\N,2026-09-20T18:25:58Z,\N,1,assert
acme:database_table:acme-data-store-store-00017~5b71d3021d09,database_table,acme,acme:data_store:store-00017~0335de594a0b,hr,hr_fact_00100,51448,2026-08-25T03:07:03Z,\N,2026-09-24T04:45:26Z,\N,1,assert
acme:database_table:acme-data-store-store-00051~ff92aab2817b,database_table,acme,acme:data_store:store-00051~5b1bb96c3aa6,ops,ops_dim_00010,16009,2026-09-19T22:39:59Z,\N,2026-10-21T23:37:46Z,\N,1,assert
acme:database_table:acme-data-store-store-00025~3c2b428d8a28,database_table,acme,acme:data_store:store-00025~2cb22659d4cb,wh,wh_fact_00082,46100,2026-09-28T13:19:57Z,\N,2026-11-06T14:54:01Z,\N,1,assert
acme:database_table:acme-data-store-store-00033~04a8d241f7f2,database_table,acme,acme:data_store:store-00033~736c89011dd7,wh,wh_fact_00110,38277,2026-10-11T18:01:07Z,\N,2026-11-12T22:04:34Z,\N,1,assert
acme:database_table:acme-data-store-store-00013~8f6e8494db8f,database_table,acme,acme:data_store:store-00013~0b1d9d7b4c9f,iam,iam_dim_00108,42484,2026-11-02T20:44:07Z,\N,2026-11-18T17:18:49Z,\N,1,assert
acme:database_table:acme-data-store-store-00050~57c69de78550,database_table,acme,acme:data_store:store-00050~5048ce7cff7d,sales,sales_fact_00048,9648,2026-10-24T06:31:24Z,\N,2026-11-25T14:26:31Z,\N,1,assert
acme:database_table:acme-data-store-store-00053~5279c79ca00a,database_table,acme,acme:data_store:store-00053~cfc974814be8,finance,finance_dim_00077,50647,2026-11-01T05:07:56Z,\N,2026-12-08T08:11:13Z,\N,1,assert
acme:database_table:acme-data-store-store-00009~ddb8606ac207,database_table,acme,acme:data_store:store-00009~7923e41f6dc3,wh,wh_fact_00060,17998,2026-12-07T03:38:24Z,\N,2026-12-19T17:55:43Z,\N,1,assert
acme:database_table:acme-data-store-store-00033~8e95b56ae351,database_table,acme,acme:data_store:store-00033~736c89011dd7,ops,ops_fact_00031,12413,2026-11-20T17:28:11Z,\N,2026-12-20T09:59:12Z,\N,1,assert
acme:database_table:acme-data-store-store-00014~d0bb4600919c,database_table,acme,acme:data_store:store-00014~1e3d49d78f98,crm,crm_fact_00104,49133,2026-11-17T13:21:12Z,\N,2026-12-30T23:00:12Z,\N,1,assert
acme:database_table:acme-data-store-store-00032~8a4e5ac33982,database_table,acme,acme:data_store:store-00032~3fb7e2e112a8,finance,finance_dim_00046,86622,2026-12-26T21:39:33Z,\N,2026-12-31T01:59:42Z,\N,1,assert
acme:database_table:acme-data-store-store-00000~e05b904d672b,database_table,acme,acme:data_store:store-00000~199fa6b0c449,ops,ops_fact_00034,54060,2027-01-04T10:28:41Z,\N,2027-01-07T14:20:10Z,\N,1,assert
acme:database_table:acme-data-store-store-00043~75f0addd932e,database_table,acme,acme:data_store:store-00043~068da03c7cc7,crm,crm_fact_00012,73197,2026-12-30T21:19:02Z,\N,2027-01-19T23:27:45Z,\N,1,assert
acme:database_table:acme-data-store-store-00044~a689b22a58b8,database_table,acme,acme:data_store:store-00044~ae95d2b86cd4,iam,iam_fact_00072,85992,2026-12-15T08:44:38Z,\N,2027-01-23T12:53:07Z,\N,1,assert
acme:database_table:acme-data-store-store-00011~fb381b11c0df,database_table,acme,acme:data_store:store-00011~878216cf3359,wh,wh_dim_00111,81450,2026-12-18T14:58:30Z,\N,2027-01-31T16:25:07Z,\N,1,assert
acme:database_table:acme-data-store-store-00007~3f81077244d4,database_table,acme,acme:data_store:store-00007~61b44d6166b5,crm,crm_fact_00020,12875,2027-02-02T04:19:30Z,\N,2027-02-06T07:35:29Z,\N,1,assert
acme:database_table:acme-data-store-store-00028~cc73d97e713e,database_table,acme,acme:data_store:store-00028~16ccdbcd0364,sales,sales_dim_00098,57302,2027-01-18T03:39:52Z,\N,2027-02-08T08:58:07Z,\N,1,assert
acme:database_table:acme-data-store-store-00041~b1ef87589f71,database_table,acme,acme:data_store:store-00041~3a94689d27db,ops,ops_fact_00123,25943,2027-02-06T08:43:04Z,\N,2027-02-10T17:48:55Z,\N,1,assert
acme:database_table:acme-data-store-store-00032~52031dec6706,database_table,acme,acme:data_store:store-00032~3fb7e2e112a8,finance,finance_fact_00037,32779,2027-01-28T04:58:16Z,\N,2027-02-19T23:36:33Z,\N,1,assert
acme:database_table:acme-data-store-store-00052~b9e5da8d4ca7,database_table,acme,acme:data_store:store-00052~26da29c2901e,ops,ops_fact_00128,66899,2027-01-22T23:43:43Z,\N,2027-02-19T03:26:50Z,\N,1,assert
acme:database_table:acme-data-store-store-00042~a971cafa40c5,database_table,acme,acme:data_store:store-00042~20df4870412d,finance,finance_fact_00089,57882,2027-02-03T19:23:03Z,\N,2027-02-21T04:59:35Z,\N,1,assert
acme:database_table:acme-data-store-store-00057~0c2b13da3e8d,database_table,acme,acme:data_store:store-00057~7169e9cd0ce8,sales,sales_fact_00099,25375,2027-02-09T18:34:47Z,\N,2027-02-28T23:27:39Z,\N,1,assert
acme:database_table:acme-data-store-store-00057~2a73657b76e4,database_table,acme,acme:data_store:store-00057~7169e9cd0ce8,sales,sales_fact_00080,62934,2027-01-22T18:42:46Z,\N,2027-03-05T10:29:55Z,\N,1,assert
