entity_id,entity_type,organization_id,run_key,source_system,observation_method,region_kind,region_ref,attribute_classes,started_at,finished_at,coverage_outcome,entities_seen,valid_from,valid_to,system_from,system_to,revision,operation
acme:discovery_run:run-iam-corp-dir-corp-2021-01~028c33954cc8,discovery_run,acme,run_iam_corp_dir_corp_2021_01,iam_corp,authoritative_declaration,directory,dir_corp,"[""inventory"",""membership""]",2021-01-07T17:42:12Z,2021-01-07T18:38:12Z,completed,64,2021-01-07T17:42:12Z,\N,2021-01-07T17:42:12Z,\N,1,assert
acme:discovery_run:run-scanner-vuln-seg-core-user-2021-01~369cb0290b4e,discovery_run,acme,run_scanner_vuln_seg_core_user_2021_01,scanner_vuln,active_discovery,network_segment,seg_core_user,"[""inventory"",""patch_state"",""encryption""]",2021-01-08T00:49:40Z,2021-01-08T02:11:40Z,completed,312,2021-01-08T00:49:40Z,\N,2021-01-08T00:49:40Z,\N,1,assert
acme:discovery_run:run-scanner-vuln-seg-dmz-ext-2021-01~86bb2f617274,discovery_run,acme,run_scanner_vuln_seg_dmz_ext_2021_01,scanner_vuln,active_discovery,network_segment,seg_dmz_ext,"[""inventory"",""patch_state"",""encryption""]",2021-01-09T05:28:29Z,2021-01-09T06:44:29Z,completed,35,2021-01-09T05:28:29Z,\N,2021-01-09T05:28:29Z,\N,1,assert
acme:discovery_run:run-sweep-active-seg-mgmt-2021-01~c6daa9a63610,discovery_run,acme,run_sweep_active_seg_mgmt_2021_01,sweep_active,active_discovery,network_segment,seg_mgmt,"[""inventory"",""patch_state"",""encryption""]",2021-01-10T10:58:54Z,2021-01-10T11:11:54Z,completed,92,2021-01-10T10:58:54Z,\N,2021-01-10T10:58:54Z,\N,1,assert
acme:discovery_run:run-flow-netflow-seg-plant-ot-2021-01~368bfccb8646,discovery_run,acme,run_flow_netflow_seg_plant_ot_2021_01,flow_netflow,passive_observation,network_segment,seg_plant_ot,"[""inventory"",""membership""]",2021-01-11T13:34:04Z,2021-01-11T13:39:04Z,completed,256,2021-01-11T13:34:04Z,\N,2021-01-11T13:34:04Z,\N,1,assert
acme:discovery_run:run-sweep-active-seg-server-farm-2021-01~859be1389b51,discovery_run,acme,run_sweep_active_seg_server_farm_2021_01,sweep_active,active_discovery,network_segment,seg_server_farm,"[""inventory"",""patch_state"",""encryption""]",2021-01-12T06:34:58Z,2021-01-12T08:01:58Z,completed,10,2021-01-12T06:34:58Z,\N,2021-01-12T06:34:58Z,\N,1,assert
acme:discovery_run:run-sweep-active-seg-server-farm-2025-04~9d45a50f87c8,discovery_run,acme,run_sweep_active_seg_server_farm_2025_04,sweep_active,active_discovery,network_segment,seg_server_farm,"[""inventory"",""patch_state"",""encryption""]",2025-04-29T16:17:33Z,2025-04-29T17:20:33Z,completed,151,2025-04-29T16:17:33Z,\N,2025-04-29T16:17:33Z,\N,1,assert
acme:discovery_run:run-scanner-vuln-seg-core-user-2026-02~4cf4669b601f,discovery_run,acme,run_scanner_vuln_seg_core_user_2026_02,scanner_vuln,active_discovery,network_segment,seg_core_user,"[""inventory"",""patch_state"",""encryption""]",2026-02-26T15:33:48Z,2026-02-26T16:55:48Z,partial,151,2026-02-26T15:33:48Z,\N,2026-02-26T15:33:48Z,\N,1,assert
acme:discovery_run:run-ticket-bridge-src-ticket-bridge~dd3943d391a7,discovery_run,acme,run_ticket_bridge_src_ticket_bridge_2026_03,ticket_bridge,third_party_attestation,source_system,src_ticket_bridge,"[""inventory"",""membership""]",2026-03-05T10:40:07Z,2026-03-05T10:56:07Z,completed,208,2026-03-05T10:40:07Z,\N,2026-03-06T12:40:16Z,\N,1,assert
acme:discovery_run:run-sweep-active-seg-mgmt-2026-05~06a177dd2ad8,discovery_run,acme,run_sweep_active_seg_mgmt_2026_05,sweep_active,active_discovery,network_segment,seg_mgmt,"[""inventory"",""patch_state"",""encryption""]",2026-05-01T15:20:08Z,2026-05-01T15:28:08Z,failed,0,2026-05-01T15:20:08Z,\N,2026-05-01T15:20:08Z,\N,1,assert
acme:discovery_run:run-cmdb-contractor-site-hq-2026-07~938c43c23d96,discovery_run,acme,run_cmdb_contractor_site_hq_2026_07,cmdb_contractor,third_party_attestation,site,site_hq,"[""inventory"",""membership""]",2026-07-02T13:49:29Z,2026-07-02T15:10:29Z,timed_out,0,2026-07-02T13:49:29Z,\N,2026-07-02T13:49:29Z,\N,1,assert
acme:discovery_run:run-cmdb-primary-attribute-class~15fe338cca15,discovery_run,acme,run_cmdb_primary_attribute_class_ownership_2026_07,cmdb_primary,authoritative_declaration,attribute_class,\N,"[""ownership""]",2026-07-22T09:14:31Z,2026-07-22T10:08:31Z,completed,289,2026-07-22T09:14:31Z,\N,2026-07-22T09:14:31Z,\N,1,assert
acme:discovery_run:run-cmdb-primary-attribute-class~2d3592894f48,discovery_run,acme,run_cmdb_primary_attribute_class_sensitivity_2026_09,cmdb_primary,authoritative_declaration,attribute_class,\N,"[""sensitivity""]",2026-09-05T08:53:10Z,2026-09-05T10:23:10Z,completed,279,2026-09-05T08:53:10Z,\N,2026-09-05T08:53:10Z,\N,1,assert
acme:discovery_run:run-iam-corp-dir-corp-2026-09~c397267fc369,discovery_run,acme,run_iam_corp_dir_corp_2026_09,iam_corp,authoritative_declaration,directory,dir_corp,"[""inventory"",""membership""]",2026-09-18T08:28:24Z,2026-09-18T09:46:24Z,completed,133,2026-09-18T08:28:24Z,\N,2026-09-19T12:31:55Z,\N,1,assert
acme:discovery_run:run-cmdb-dc2-legacy-site-dc2-2026-09~e5da3024aa9b,discovery_run,acme,run_cmdb_dc2_legacy_site_dc2_2026_09,cmdb_dc2_legacy,none,site,site_dc2,"[""inventory"",""membership""]",2026-09-18T02:54:04Z,2026-09-18T04:00:04Z,failed,0,2026-09-18T02:54:04Z,\N,2026-09-20T01:15:53Z,\N,1,assert
acme:discovery_run:run-iam-corp-attribute-class-membership~f18fb8eae4ae,discovery_run,acme,run_iam_corp_attribute_class_membership_2026_11,iam_corp,authoritative_declaration,attribute_class,\N,"[""membership""]",2026-11-15T16:46:59Z,2026-11-15T17:52:59Z,completed,179,2026-11-15T16:46:59Z,\N,2026-11-17T14:04:28Z,\N,1,assert
acme:discovery_run:run-sweep-active-attribute-class~6c0cef713855,discovery_run,acme,run_sweep_active_attribute_class_lifecycle_2026_12,sweep_active,active_discovery,attribute_class,\N,"[""lifecycle""]",2026-12-02T07:00:10Z,2026-12-02T08:28:10Z,failed,0,2026-12-02T07:00:10Z,\N,2026-12-03T16:22:08Z,\N,1,assert
acme:discovery_run:run-flow-netflow-seg-plant-ot-2026-12~7c5f3d616078,discovery_run,acme,run_flow_netflow_seg_plant_ot_2026_12,flow_netflow,passive_observation,network_segment,seg_plant_ot,"[""inventory"",""membership""]",2026-12-27T20:42:52Z,2026-12-27T22:11:52Z,partial,56,2026-12-27T20:42:52Z,\N,2026-12-27T20:42:52Z,\N,1,assert
acme:discovery_run:run-scanner-vuln-attribute-class-patch~6e508e480b71,discovery_run,acme,run_scanner_vuln_attribute_class_patch_state_2027_02,scanner_vuln,active_discovery,attribute_class,\N,"[""patch_state""]",2027-02-25T10:19:19Z,2027-02-25T10:37:19Z,completed,84,2027-02-25T10:19:19Z,\N,2027-02-25T10:19:19Z,\N,1,assert
acme:discovery_run:run-cmdb-primary-attribute-class~9f20f147a822,discovery_run,acme,run_cmdb_primary_attribute_class_classification_2027_03,cmdb_primary,authoritative_declaration,attribute_class,\N,"[""classification""]",2027-03-12T23:39:28Z,2027-03-13T00:51:28Z,completed,84,2027-03-12T23:39:28Z,\N,2027-03-12T23:39:28Z,\N,1,assert
acme:discovery_run:run-flow-netflow-seg-dmz-ext-2027-03~c887a8ac127f,discovery_run,acme,run_flow_netflow_seg_dmz_ext_2027_03,flow_netflow,passive_observation,network_segment,seg_dmz_ext,"[""inventory"",""membership""]",2027-03-16T05:32:14Z,2027-03-16T06:28:14Z,failed,0,2027-03-16T05:32:14Z,\N,2027-03-16T05:32:14Z,\N,1,assert
acme:discovery_run:run-scanner-vuln-attribute-class~0f5782a6955f,discovery_run,acme,run_scanner_vuln_attribute_class_encryption_2027_03,scanner_vuln,active_discovery,attribute_class,\N,"[""encryption""]",2027-03-25T21:19:35Z,2027-03-25T22:16:35Z,completed,144,2027-03-25T21:19:35Z,\N,2027-03-25T21:19:35Z,\N,1,assert
acme:discovery_run:run-cmdb-primary-attribute-class~03f8a6e30c5b,discovery_run,acme,run_cmdb_primary_attribute_class_reachability_2027_03,cmdb_primary,authoritative_declaration,attribute_class,\N,"[""reachability""]",2027-03-28T01:52:45Z,2027-03-28T02:24:45Z,completed,132,2027-03-28T01:52:45Z,\N,2027-03-28T01:52:45Z,\N,1,assert
acme:discovery_run:run-sweep-active-attribute-class~897ce64187f0,discovery_run,acme,run_sweep_active_attribute_class_inventory_2027_03,sweep_active,active_discovery,attribute_class,\N,"[""inventory""]",2027-03-31T02:31:06Z,2027-03-31T03:11:06Z,partial,316,2027-03-31T02:31:06Z,\N,2027-03-31T02:31:06Z,\N,1,assert
