entity_id,entity_type,organization_id,group_key,group_name,valid_from,valid_to,system_from,system_to,revision,operation
acme:identity_group:grp-00000~1be91a7ab3d5,identity_group,acme,grp-00000,grp-00000-owns,2021-01-07T17:42:12Z,\N,2021-01-07T17:42:12Z,\N,1,assert
acme:identity_group:grp-00001~ae5e9ab93134,identity_group,acme,grp-00001,grp-00001-operates,2021-01-08T00:49:40Z,\N,2021-01-08T00:49:40Z,\N,1,assert
acme:identity_group:grp-00002~d2b31ba5c660,identity_group,acme,grp-00002,grp-00002-identity,2021-01-09T05:28:29Z,\N,2021-01-09T05:28:29Z,\N,1,assert
acme:identity_group:grp-00003~25f6dcfcfc29,identity_group,acme,grp-00003,grp-00003-operates,2021-01-10T10:58:54Z,\N,2021-01-10T10:58:54Z,\N,1,assert
acme:identity_group:grp-00004~199aa9d80060,identity_group,acme,grp-00004,grp-00004-security,2021-01-11T13:34:04Z,\N,2021-01-11T13:34:04Z,\N,1,assert
acme:identity_group:grp-00005~8eaa9cd76850,identity_group,acme,grp-00005,grp-00005-owns,2021-01-12T06:34:58Z,\N,2021-01-12T06:34:58Z,\N,1,assert
acme:identity_group:grp-00032~c48597bf2ee4,identity_group,acme,grp-00032,grp-00032-identity,2021-01-07T06:36:35Z,\N,2021-02-17T18:27:42Z,\N,1,assert
acme:identity_group:grp-00046~200a55bff5ef,identity_group,acme,grp-00046,grp-00046-owns,2021-01-22T21:37:27Z,\N,2021-02-21T07:31:41Z,\N,1,assert
acme:identity_group:grp-00018~27022c91c029,identity_group,acme,grp-00018,grp-00018-security,2021-05-05T04:43:18Z,\N,2021-05-22T13:03:52Z,\N,1,assert
acme:identity_group:grp-00056~d210a0b1f820,identity_group,acme,grp-00056,grp-00056-operates,2021-08-01T11:40:00Z,\N,2021-09-13T20:28:21Z,\N,1,assert
acme:identity_group:grp-00072~3d5d820309d2,identity_group,acme,grp-00072,grp-00072-operates,2021-11-01T17:52:41Z,\N,2021-11-20T13:51:56Z,\N,1,assert
acme:identity_group:grp-00008~a22459283c46,identity_group,acme,grp-00008,grp-00008-operates,2021-11-23T06:49:31Z,\N,2021-11-27T16:12:00Z,\N,1,assert
acme:identity_group:grp-00014~520779edd843,identity_group,acme,grp-00014,grp-00014-security,2021-11-15T03:03:57Z,\N,2021-12-13T01:49:48Z,\N,1,assert
acme:identity_group:grp-00068~2d0c6f467cab,identity_group,acme,grp-00068,grp-00068-identity,2021-11-19T18:01:21Z,\N,2021-12-26T01:22:23Z,\N,1,assert
acme:identity_group:grp-00038~c76dfecaa31f,identity_group,acme,grp-00038,grp-00038-operates,2021-12-29T05:46:09Z,\N,2021-12-30T10:45:39Z,\N,1,assert
acme:identity_group:grp-00057~5adecbf1c2d7,identity_group,acme,grp-00057,grp-00057-operates,2021-12-14T17:30:05Z,\N,2022-01-16T00:01:32Z,\N,1,assert
acme:identity_group:grp-00009~1a7d63a393f8,identity_group,acme,grp-00009,grp-00009-identity,2022-01-01T08:59:38Z,\N,2022-01-21T14:22:50Z,\N,1,assert
acme:identity_group:grp-00055~85a626f20671,identity_group,acme,grp-00055,grp-00055-security,2021-12-31T08:52:52Z,\N,2022-01-26T14:18:52Z,\N,1,assert
acme:identity_group:grp-00007~d42cf3be4352,identity_group,acme,grp-00007,grp-00007-operates,2022-01-29T08:04:48Z,\N,2022-02-05T14:17:59Z,\N,1,assert
acme:identity_group:grp-00073~d6e87de94160,identity_group,acme,grp-00073,grp-00073-owns,2022-02-22T08:01:38Z,\N,2022-02-23T18:08:01Z,\N,1,assert
acme:identity_group:grp-00020~5debd5a6f243,identity_group,acme,grp-00020,grp-00020-identity,2022-02-28T18:30:21Z,\N,2022-03-08T22:37:05Z,\N,1,assert
acme:identity_group:grp-00062~b4f506518760,identity_group,acme,grp-00062,grp-00062-security,2022-02-20T07:52:31Z,\N,2022-03-20T13:33:03Z,\N,1,assert
acme:identity_group:grp-00076~6682e8c26eb4,identity_group,acme,grp-00076,grp-00076-security,2022-03-25T08:08:44Z,\N,2022-03-27T01:34:48Z,\N,1,assert
acme:identity_group:grp-00079~5e07fafb8a33,identity_group,acme,grp-00079,grp-00079-security,2022-03-04T19:03:31Z,\N,2022-04-15T13:21:17Z,\N,1,assert
acme:identity_group:grp-00041~90ba81a3befa,identity_group,acme,grp-00041,grp-00041-identity,2022-03-29T06:03:35Z,\N,2022-05-09T02:17:38Z,\N,1,assert
acme:identity_group:grp-00045~0caa56c5c70d,identity_group,acme,grp-00045,grp-00045-security,2022-06-04T20:33:51Z,\N,2022-06-15T22:53:50Z,\N,1,assert
acme:identity_group:grp-00033~c9f9b7bbaa5d,identity_group,acme,grp-00033,grp-00033-operates,2022-07-01T00:55:50Z,\N,2022-07-04T11:52:43Z,\N,1,assert
acme:identity_group:grp-00078~adf9806d7234,identity_group,acme,grp-00078,grp-00078-identity,2022-07-02T18:18:59Z,\N,2022-07-11T19:42:02Z,\N,1,assert
acme:identity_group:grp-00024~a1eeb5855a86,identity_group,acme,grp-00024,grp-00024-identity,2022-06-06T19:10:51Z,\N,2022-07-15T15:59:58Z,\N,1,assert
acme:identity_group:grp-00036~fd75882b4d0a,identity_group,acme,grp-00036,grp-00036-security,2022-07-08T22:42:20Z,\N,2022-08-18T14:41:28Z,\N,1,assert
acme:identity_group:grp-00086~3bb47eb66dfc,identity_group,acme,grp-00086,grp-00086-identity,2022-11-16T14:38:19Z,\N,2022-11-27T15:53:56Z,\N,1,assert
acme:identity_group:grp-00042~a7f9d49886de,identity_group,acme,grp-00042,grp-00042-operates,2022-10-29T09:53:24Z,\N,2022-12-05T20:42:33Z,\N,1,assert
acme:identity_group:grp-00051~30767aa6931d,identity_group,acme,grp-00051,grp-00051-operates,2022-11-23T23:00:10Z,\N,2022-12-10T10:06:29Z,\N,1,assert
acme:identity_group:grp-00023~d141de50051f,identity_group,acme,grp-00023,grp-00023-owns,2023-01-24T03:13:33Z,\N,2023-02-11T14:20:47Z,\N,1,assert
acme:identity_group:grp-00044~611d38684416,identity_group,acme,grp-00044,grp-00044-owns,2023-02-03T23:52:31Z,\N,2023-02-17T05:46:03Z,\N,1,assert
acme:identity_group:grp-00070~26c0abdb703b,identity_group,acme,grp-00070,grp-00070-security,2023-01-15T16:47:50Z,\N,2023-02-18T04:33:36Z,\N,1,assert
acme:identity_group:grp-00025~8b6281c4fd63,identity_group,acme,grp-00025,grp-00025-identity,2023-04-15T14:51:59Z,\N,2023-04-28T10:52:54Z,\N,1,assert
acme:identity_group:grp-00061~ca6af80361ba,identity_group,acme,grp-00061,grp-00061-identity,2023-05-17T21:41:40Z,\N,2023-06-04T02:24:57Z,\N,1,assert
acme:identity_group:grp-00089~59fcb32c2581,identity_group,acme,grp-00089,grp-00089-identity,2023-05-25T17:58:00Z,\N,2023-06-16T01:45:35Z,\N,1,assert
acme:identity_group:grp-00040~74077ac21aa5,identity_group,acme,grp-00040,grp-00040-identity,2023-07-01T00:49:27Z,\N,2023-07-03T02:30:57Z,\N,1,assert
acme:identity_group:grp-00006~b1d927fa2598,identity_group,acme,grp-00006,grp-00006-identity,2023-07-08T11:21:01Z,\N,2023-07-08T11:21:01Z,\N,1,assert
acme:identity_group:grp-00012~cf990412fd75,identity_group,acme,grp-00012,grp-00012-owns,2023-08-11T10:22:45Z,\N,2023-09-01T01:27:03Z,\N,1,assert
acme:identity_group:grp-00082~b8de19d147d1,identity_group,acme,grp-00082,grp-00082-identity,2023-08-19T23:41:10Z,\N,2023-09-17T15:55:15Z,\N,1,assert
acme:identity_group:grp-00017~7e48bd8eaca8,identity_group,acme,grp-00017,grp-00017-operates,2023-09-29T13:38:47Z,\N,2023-10-07T02:57:58Z,\N,1,assert
acme:identity_group:grp-00048~7da7ddc01a11,identity_group,acme,grp-00048,grp-00048-identity,2023-09-08T20:26:11Z,\N,2023-10-09T20:47:33Z,\N,1,assert
acme:identity_group:grp-00028~1cc525b7e0c4,identity_group,acme,grp-00028,grp-00028-operates,2023-10-12T03:22:49Z,\N,2023-10-14T08:23:17Z,\N,1,assert
acme:identity_group:grp-00015~9f6e0a76e21f,identity_group,acme,grp-00015,grp-00015-security,2023-10-09T13:06:40Z,\N,2023-11-21T07:42:26Z,\N,1,assert
acme:identity_group:grp-00080~cb47d3ad4e45,identity_group,acme,grp-00080,grp-00080-owns,2023-10-28T06:55:59Z,\N,2023-12-09T00:16:41Z,\N,1,assert
acme:identity_group:grp-00058~b05d60359e93,identity_group,acme,grp-00058,grp-00058-operates,2023-12-07T11:37:18Z,\N,2023-12-20T20:45:17Z,\N,1,assert
acme:identity_group:grp-00029~392b666ca260,identity_group,acme,grp-00029,grp-00029-security,2024-02-13T06:21:51Z,\N,2024-02-28T01:39:52Z,\N,1,assert
acme:identity_group:grp-00050~a42b6f01115e,identity_group,acme,grp-00050,grp-00050-owns,2024-03-12T01:05:36Z,\N,2024-04-24T01:34:23Z,\N,1,assert
acme:identity_group:grp-00034~2ef8c1895ae5,identity_group,acme,grp-00034,grp-00034-identity,2024-04-10T04:10:48Z,\N,2024-04-29T07:55:54Z,\N,1,assert
acme:identity_group:grp-00063~194e618b6efa,identity_group,acme,grp-00063,grp-00063-security,2024-05-31T01:20:06Z,\N,2024-07-02T18:30:09Z,\N,1,assert
acme:identity_group:grp-00035~1c03b6750d9d,identity_group,acme,grp-00035,grp-00035-operates,2024-07-31T15:24:47Z,\N,2024-08-28T08:49:20Z,\N,1,assert
acme:identity_group:grp-00022~9caa44ddac5c,identity_group,acme,grp-00022,grp-00022-identity,2024-10-05T15:54:21Z,\N,2024-10-17T09:29:33Z,\N,1,assert
acme:identity_group:grp-00060~ab3c5ad870a2,identity_group,acme,grp-00060,grp-00060-operates,2024-10-15T20:47:32Z,\N,2024-10-28T13:46:48Z,\N,1,assert
acme:identity_group:grp-00083~a4262af92210,identity_group,acme,grp-00083,grp-00083-security,2024-11-14T03:31:35Z,\N,2024-12-02T07:56:27Z,\N,1,assert
acme:identity_group:grp-00026~81e170fcee56,identity_group,acme,grp-00026,grp-00026-security,2024-11-06T02:24:30Z,\N,2024-12-19T17:03:27Z,\N,1,assert
acme:identity_group:grp-00054~1cdcc5ebf78c,identity_group,acme,grp-00054,grp-00054-owns,2025-01-14T15:49:30Z,\N,2025-01-29T07:32:43Z,\N,1,assert
acme:identity_group:grp-00066~82ecf0684e89,identity_group,acme,grp-00066,grp-00066-operates,2025-01-19T03:50:38Z,\N,2025-02-24T21:20:04Z,\N,1,assert
acme:identity_group:grp-00067~571764d17a4d,identity_group,acme,grp-00067,grp-00067-identity,2025-02-01T23:18:06Z,\N,2025-02-25T05:24:31Z,\N,1,assert
acme:identity_group:grp-00085~9c623eab5e4a,identity_group,acme,grp-00085,grp-00085-identity,2025-02-14T09:53:16Z,\N,2025-03-01T13:12:27Z,\N,1,assert
acme:identity_group:grp-00053~3cc123320e30,identity_group,acme,grp-00053,grp-00053-owns,2025-02-05T00:47:47Z,\N,2025-03-19T00:00:24Z,\N,1,assert
acme:identity_group:grp-00077~7ffb165e86f7,identity_group,acme,grp-00077,grp-00077-identity,2025-02-20T11:38:03Z,\N,2025-03-23T17:56:38Z,\N,1,assert
acme:identity_group:grp-00030~44d862e3bfb0,identity_group,acme,grp-00030,grp-00030-operates,2025-04-15T05:18:51Z,\N,2025-04-29T18:57:25Z,\N,1,assert
acme:identity_group:grp-00049~9c54cc629017,identity_group,acme,grp-00049,grp-00049-owns,2025-05-05T02:37:22Z,\N,2025-05-16T22:27:05Z,\N,1,assert
acme:identity_group:grp-00052~310a5b05b075,identity_group,acme,grp-00052,grp-00052-identity,2025-05-16T05:30:44Z,\N,2025-05-29T09:32:59Z,\N,1,assert
acme:identity_group:grp-00069~1cf9849210df,identity_group,acme,grp-00069,grp-00069-security,2025-05-15T01:50:18Z,\N,2025-06-17T04:20:02Z,\N,1,assert
acme:identity_group:grp-00084~a0f70af4c236,identity_group,acme,grp-00084,grp-00084-security,2025-05-21T20:59:19Z,\N,2025-06-17T10:20:02Z,\N,1,assert
acme:identity_group:grp-00043~2cb7da2e71e7,identity_group,acme,grp-00043,grp-00043-owns,2025-06-12T04:02:40Z,\N,2025-06-22T14:20:20Z,\N,1,assert
acme:identity_group:grp-00047~7fb869cfb328,identity_group,acme,grp-00047,grp-00047-owns,2025-06-22T04:15:27Z,\N,2025-07-12T11:36:07Z,\N,1,assert
acme:identity_group:grp-00088~b99efa6057ee,identity_group,acme,grp-00088,grp-00088-identity,2025-11-02T10:08:40Z,\N,2025-11-07T01:42:22Z,\N,1,assert
acme:identity_group:grp-00064~facc16edb1fd,identity_group,acme,grp-00064,grp-00064-security,2026-02-15T18:00:54Z,\N,2026-03-11T21:02:36Z,\N,1,assert
acme:identity_group:grp-00071~d5e163d55228,identity_group,acme,grp-00071,grp-00071-identity,2026-03-02T05:44:02Z,\N,2026-04-12T08:35:32Z,\N,1,assert
acme:identity_group:grp-00031~a3ead5cb33de,identity_group,acme,grp-00031,grp-00031-owns,2026-04-12T03:37:50Z,\N,2026-04-14T01:22:19Z,\N,1,assert
acme:identity_group:grp-00027~a96956fefa96,identity_group,acme,grp-00027,grp-00027-identity,2026-05-15T17:39:19Z,\N,2026-05-27T11:25:15Z,\N,1,assert
acme:identity_group:grp-00016~e0ba7e15eb4e,identity_group,acme,grp-00016,grp-00016-operates,2026-05-08T12:51:06Z,\N,2026-06-18T15:36:20Z,\N,1,assert
acme:identity_group:grp-00081~d363ccc749ed,identity_group,acme,grp-00081,grp-00081-operates,2026-07-12T05:17:19Z,\N,2026-07-15T11:20:57Z,\N,1,assert
acme:identity_group:grp-00011~2d3f14a6963f,identity_group,acme,grp-00011,grp-00011-operates,2026-07-10T01:20:12Z,\N,2026-07-22T02:04:24Z,\N,1,assert
acme:identity_group:grp-00039~e6d9ad44efe2,identity_group,acme,grp-00039,grp-00039-owns,2026-07-15T05:03:53Z,\N,2026-08-04T11:52:22Z,\N,1,assert
acme:identity_group:grp-00065~1d07f5071b08,identity_group,acme,grp-00065,grp-00065-security,2026-09-12T09:52:59Z,\N,2026-09-15T06:12:19Z,\N,1,assert
acme:identity_group:grp-00019~5cc1e0f9a01a,identity_group,acme,grp-00019,grp-00019-owns,2026-09-25T09:46:40Z,\N,2026-09-25T09:46:40Z,\N,1,assert
acme:identity_group:grp-00021~d88779cd462a,identity_group,acme,grp-00021,grp-00021-security,2026-09-19T12:09:27Z,\N,2026-09-27T20:50:47Z,\N,1,assert
acme:identity_group:grp-00074~c85726838f88,identity_group,acme,grp-00074,grp-00074-owns,2026-09-10T21:13:04Z,\N,2026-09-30T21:09:26Z,\N,1,assert
acme:identity_group:grp-00075~f03ba92508b6,identity_group,acme,grp-00075,grp-00075-owns,2026-10-28T12:23:35Z,\N,2026-11-06T01:23:25Z,\N,1,assert
acme:identity_group:grp-00087~b968b1d79242,identity_group,acme,grp-00087,grp-00087-identity,2026-12-01T19:47:35Z,\N,2026-12-16T17:29:09Z,\N,1,assert
acme:identity_group:grp-00059~6fd678d26d10,identity_group,acme,grp-00059,grp-00059-owns,2026-12-29T21:24:20Z,\N,2027-01-17T19:24:31Z,\N,1,assert
acme:identity_group:grp-00013~42a1cf22ec84,identity_group,acme,grp-00013,grp-00013-identity,2027-01-07T12:44:10Z,\N,2027-02-06T17:43:27Z,\N,1,assert
acme:identity_group:grp-00037~bb7b7e311f02,identity_group,acme,grp-00037,grp-00037-owns,2027-01-27T11:20:29Z,\N,2027-02-20T18:17:12Z,\N,1,assert
acme:identity_group:grp-00010~b1ee1d4c2b2f,identity_group,acme,grp-00010,grp-00010-security,2027-03-01T08:36:30Z,\N,2027-03-20T23:43:42Z,\N,1,assert
