entity_id,entity_type,organization_id,owning_node,port_name,port_speed_mbps,valid_from,valid_to,system_from,system_to,revision,operation
acme:network_port:acme-compute-node-phy-0000000~be1bda31c633,network_port,acme,acme:compute_node:phy-0000000~0e09674a1941,eth4,1000,2021-01-07T17:42:12Z,\N,2021-01-07T17:42:12Z,\N,1,assert
acme:network_port:acme-compute-node-phy-0000001~01a41e7f6e2f,network_port,acme,acme:compute_node:phy-0000001~331ac2cb8862,eth11,1000,2021-01-08T00:49:40Z,\N,2021-01-08T00:49:40Z,\N,1,assert
acme:network_port:acme-compute-node-phy-0000001~1ea4a78a6a7c,network_port,acme,acme:compute_node:phy-0000001~331ac2cb8862,eth72,10000,2021-01-09T05:28:29Z,\N,2021-01-09T05:28:29Z,\N,1,assert
acme:network_port:acme-compute-node-vir-0000003~39356aa1e7e5,network_port,acme,acme:compute_node:vir-0000003~09c563b6bd8f,eth03,10000,2021-01-10T10:58:54Z,\N,2021-01-10T10:58:54Z,\N,1,assert
acme:network_port:acme-compute-node-phy-0000000~97b66854616f,network_port,acme,acme:compute_node:phy-0000000~0e09674a1941,eth04,10000,2021-01-11T13:34:04Z,\N,2021-01-11T13:34:04Z,\N,1,assert
acme:network_port:acme-compute-node-vir-0000004~8ba2cc57843e,network_port,acme,acme:compute_node:vir-0000004~4d8d56ada3b5,eth75,1000,2021-01-12T06:34:58Z,\N,2021-01-12T06:34:58Z,\N,1,assert
acme:network_port:acme-compute-node-vir-0000005~2d88f8be216f,network_port,acme,acme:compute_node:vir-0000005~ce048ebb62ef,eth1129,10000,2021-01-07T20:50:58Z,\N,2021-01-30T03:59:58Z,\N,1,assert
acme:network_port:acme-compute-node-vir-0000004~cbfbb8e974d0,network_port,acme,acme:compute_node:vir-0000004~4d8d56ada3b5,eth5106,1000,2021-02-09T15:09:26Z,\N,2021-02-13T16:59:41Z,\N,1,assert
acme:network_port:acme-compute-node-end-0000154~f289a4d964d4,network_port,acme,acme:compute_node:end-0000154~5b82527c4c0b,eth651,1000,2021-03-01T10:32:05Z,\N,2021-03-24T09:55:28Z,\N,1,assert
acme:network_port:acme-compute-node-end-0000093~a5d3a35c1ad3,network_port,acme,acme:compute_node:end-0000093~25d794bdb09b,eth0101,10000,2021-04-14T11:09:28Z,\N,2021-05-08T19:13:52Z,\N,1,assert
acme:network_port:acme-compute-node-vir-0000004~a7d505eabe83,network_port,acme,acme:compute_node:vir-0000004~4d8d56ada3b5,eth271,10000,2021-06-05T09:00:40Z,\N,2021-06-08T17:51:57Z,\N,1,assert
acme:network_port:acme-compute-node-end-0000235~a2b3129501d7,network_port,acme,acme:compute_node:end-0000235~8635a5086d78,eth145,1000,2021-07-07T01:19:50Z,\N,2021-07-17T05:46:53Z,\N,1,assert
acme:network_port:acme-compute-node-phy-0000000~ddea5ce5051b,network_port,acme,acme:compute_node:phy-0000000~0e09674a1941,eth548,1000,2021-06-17T22:45:08Z,\N,2021-07-26T23:27:03Z,\N,1,assert
acme:network_port:acme-compute-node-end-0000581~fc7384504096,network_port,acme,acme:compute_node:end-0000581~e08f5ba4025f,eth6,1000,2021-07-26T14:28:11Z,\N,2021-08-15T14:18:22Z,\N,1,assert
acme:network_port:acme-compute-node-end-0000534~5c03765e64ac,network_port,acme,acme:compute_node:end-0000534~bc192703189e,eth179,1000,2021-07-11T12:04:24Z,\N,2021-08-16T06:22:53Z,\N,1,assert
acme:network_port:acme-compute-node-vir-0000004~1628b81bb37c,network_port,acme,acme:compute_node:vir-0000004~4d8d56ada3b5,eth5,1000,2021-07-15T03:31:29Z,\N,2021-08-17T13:31:32Z,\N,1,assert
acme:network_port:acme-compute-node-end-0000042~7829dac48224,network_port,acme,acme:compute_node:end-0000042~5944e5c72f86,eth3,10000,2021-10-07T03:41:35Z,\N,2021-11-01T13:49:09Z,\N,1,assert
acme:network_port:acme-compute-node-end-0000156~1217cc922fcf,network_port,acme,acme:compute_node:end-0000156~b2ebd851620a,eth416,1000,2021-11-19T08:31:21Z,\N,2021-11-23T10:10:10Z,\N,1,assert
acme:network_port:acme-compute-node-end-0000215~7cecf203527d,network_port,acme,acme:compute_node:end-0000215~c2eac71bb216,eth723,10000,2021-11-22T09:25:37Z,\N,2021-11-24T19:47:58Z,\N,1,assert
acme:network_port:acme-compute-node-end-0000528~d4e80b1d2792,network_port,acme,acme:compute_node:end-0000528~ecbfbb0b3415,eth631,1000,2021-12-07T17:41:37Z,\N,2021-12-07T17:41:37Z,\N,1,assert
acme:network_port:acme-compute-node-end-0000328~223e7ff3cb25,network_port,acme,acme:compute_node:end-0000328~2db715b87332,eth334,1000,2021-11-06T07:00:53Z,\N,2021-12-09T15:27:44Z,\N,1,assert
acme:network_port:acme-compute-node-end-0000328~cf209ff0a1a6,network_port,acme,acme:compute_node:end-0000328~2db715b87332,eth7104,10000,2021-11-26T06:35:49Z,\N,2021-12-09T04:29:28Z,\N,1,assert
acme:network_port:acme-compute-node-end-0000172~493e15cff548,network_port,acme,acme:compute_node:end-0000172~059694a6bc79,eth138,10000,2021-12-09T06:52:25Z,\N,2021-12-20T09:01:09Z,\N,1,assert
acme:network_port:acme-compute-node-end-0000098~30b976fe52fb,network_port,acme,acme:compute_node:end-0000098~69f46552e395,eth09,10000,2022-01-02T01:40:17Z,\N,2022-02-04T14:56:43Z,\N,1,assert
acme:network_port:acme-compute-node-end-0000546~03baf767fa2a,network_port,acme,acme:compute_node:end-0000546~3b23ec851b7f,eth617,1000,2022-02-08T21:34:17Z,\N,2022-03-12T22:15:07Z,\N,1,assert
acme:network_port:acme-compute-node-vir-0000004~4d0db8db277d,network_port,acme,acme:compute_node:vir-0000004~4d8d56ada3b5,eth785,1000,2022-03-11T05:31:53Z,\N,2022-03-31T16:44:08Z,\N,1,assert
acme:network_port:acme-compute-node-con-0000126~40553da448ec,network_port,acme,acme:compute_node:con-0000126~78b9c331ce74,eth652,10000,2022-05-06T22:36:16Z,\N,2022-05-11T04:57:05Z,\N,1,assert
acme:network_port:acme-compute-node-end-0000259~ceadea487dfe,network_port,acme,acme:compute_node:end-0000259~d2b8675a0301,eth1125,10000,2022-07-16T21:29:50Z,\N,2022-08-03T22:39:07Z,\N,1,assert
acme:network_port:acme-compute-node-end-0000478~173fbd93d890,network_port,acme,acme:compute_node:end-0000478~b6b6969f7248,eth0120,1000,2022-07-26T06:17:24Z,\N,2022-08-18T14:22:20Z,\N,1,assert
acme:network_port:acme-compute-node-clu-0000133~c00871139403,network_port,acme,acme:compute_node:clu-0000133~9771032742c2,eth766,1000,2022-08-07T09:25:48Z,\N,2022-09-09T15:55:17Z,\N,1,assert
acme:network_port:acme-compute-node-end-0000042~b4617aaf9c27,network_port,acme,acme:compute_node:end-0000042~5944e5c72f86,eth662,1000,2022-08-25T22:43:19Z,\N,2022-09-21T09:45:26Z,\N,1,assert
acme:network_port:acme-compute-node-end-0000045~43e19d688598,network_port,acme,acme:compute_node:end-0000045~ec50513c607e,eth711,1000,2022-09-06T10:13:34Z,\N,2022-10-20T18:46:50Z,\N,1,assert
acme:network_port:acme-compute-node-end-0000492~daf5e3c3c267,network_port,acme,acme:compute_node:end-0000492~5b8187353ed6,eth3137,1000,2022-12-18T08:47:23Z,\N,2022-12-21T01:34:16Z,\N,1,assert
acme:network_port:acme-compute-node-end-0000142~71c8c2b8546d,network_port,acme,acme:compute_node:end-0000142~63ea35cce109,eth599,1000,2022-12-23T13:05:04Z,\N,2023-01-11T20:50:37Z,\N,1,assert
acme:network_port:acme-compute-node-end-0000181~584d64270e48,network_port,acme,acme:compute_node:end-0000181~fe7b7c10ee24,eth320,1000,2023-01-10T17:49:07Z,\N,2023-01-15T03:33:41Z,\N,1,assert
acme:network_port:acme-compute-node-end-0000319~21f0e31674c0,network_port,acme,acme:compute_node:end-0000319~4294e0c602e5,eth767,1000,2023-01-06T19:03:22Z,\N,2023-02-03T09:09:35Z,\N,1,assert
acme:network_port:acme-compute-node-end-0000105~8047ec702bc5,network_port,acme,acme:compute_node:end-0000105~da20da36c0bd,eth2,1000,2023-02-08T02:57:01Z,\N,2023-02-21T08:22:38Z,\N,1,assert
acme:network_port:acme-compute-node-end-0000296~32ba0668741d,network_port,acme,acme:compute_node:end-0000296~6b9691f91e28,eth753,10000,2023-02-23T07:42:08Z,\N,2023-03-05T09:00:20Z,\N,1,assert
acme:network_port:acme-compute-node-vir-0000004~8f45db868930,network_port,acme,acme:compute_node:vir-0000004~4d8d56ada3b5,eth481,1000,2023-02-10T16:05:46Z,\N,2023-03-05T05:58:58Z,\N,1,assert
acme:network_port:acme-compute-node-end-0000590~296f2649219e,network_port,acme,acme:compute_node:end-0000590~d75cb953f27d,eth3,1000,2023-02-23T20:17:40Z,\N,2023-04-03T13:00:43Z,\N,1,assert
acme:network_port:acme-compute-node-end-0000563~b1751725e151,network_port,acme,acme:compute_node:end-0000563~3079827e68f5,eth7111,1000,2023-03-23T19:05:45Z,\N,2023-04-30T07:23:35Z,\N,1,assert
acme:network_port:acme-compute-node-end-0000215~431f4dde3779,network_port,acme,acme:compute_node:end-0000215~c2eac71bb216,eth2,1000,2023-03-25T12:03:25Z,\N,2023-05-07T05:27:25Z,\N,1,assert
acme:network_port:acme-compute-node-end-0000273~228de4f87707,network_port,acme,acme:compute_node:end-0000273~4a39515dcf92,eth0110,1000,2023-07-12T22:45:59Z,\N,2023-07-18T11:35:06Z,\N,1,assert
acme:network_port:acme-compute-node-end-0000012~4518f139da95,network_port,acme,acme:compute_node:end-0000012~d131545ac9a8,eth025,1000,2023-07-16T11:26:30Z,\N,2023-07-20T21:25:18Z,\N,1,assert
acme:network_port:acme-compute-node-end-0000419~5ef76422c8bc,network_port,acme,acme:compute_node:end-0000419~313b1b1e75d4,eth5127,1000,2023-07-08T02:54:24Z,\N,2023-08-10T12:14:46Z,\N,1,assert
acme:network_port:acme-compute-node-end-0000563~3bca7411b4db,network_port,acme,acme:compute_node:end-0000563~3079827e68f5,eth6139,1000,2023-08-26T20:05:09Z,\N,2023-08-27T21:21:02Z,\N,1,assert
acme:network_port:acme-compute-node-end-0000527~05ca004dde0a,network_port,acme,acme:compute_node:end-0000527~39c09c8fa4c8,eth276,1000,2023-09-05T05:20:19Z,\N,2023-09-12T16:06:11Z,\N,1,assert
acme:network_port:acme-compute-node-end-0000496~0242d6ad7905,network_port,acme,acme:compute_node:end-0000496~c3255676ec16,eth394,1000,2023-08-04T19:12:56Z,\N,2023-09-15T17:39:29Z,\N,1,assert
acme:network_port:acme-compute-node-end-0000552~14f8d5ba4019,network_port,acme,acme:compute_node:end-0000552~3975e23802d1,eth390,1000,2023-10-02T06:17:35Z,\N,2023-11-10T12:45:32Z,\N,1,assert
acme:network_port:acme-compute-node-end-0000453~58cfdca1ced7,network_port,acme,acme:compute_node:end-0000453~e80c6401a912,eth126,1000,2023-11-17T02:39:52Z,\N,2023-12-07T08:46:39Z,\N,1,assert
acme:network_port:acme-compute-node-end-0000574~36f93ac8122a,network_port,acme,acme:compute_node:end-0000574~7e6de27a6289,eth460,1000,2023-11-24T23:18:40Z,\N,2023-12-18T14:30:52Z,\N,1,assert
acme:network_port:acme-compute-node-end-0000295~4e28aa82d938,network_port,acme,acme:compute_node:end-0000295~b6a6b2ed8954,eth255,1000,2023-11-24T03:56:54Z,\N,2023-12-31T22:03:32Z,\N,1,assert
acme:network_port:acme-compute-node-end-0000507~12edf2e86f53,network_port,acme,acme:compute_node:end-0000507~bcf6001c3ee7,eth1124,10000,2024-01-05T03:18:53Z,\N,2024-01-19T16:43:54Z,\N,1,assert
acme:network_port:acme-compute-node-end-0000273~4cd5e85f873c,network_port,acme,acme:compute_node:end-0000273~4a39515dcf92,eth229,10000,2024-01-15T13:26:16Z,\N,2024-02-07T06:49:33Z,\N,1,assert
acme:network_port:acme-compute-node-end-0000595~ee6e539f01b7,network_port,acme,acme:compute_node:end-0000595~c828def4c84b,eth3103,10000,2024-02-04T13:54:49Z,\N,2024-02-26T22:00:10Z,\N,1,assert
acme:network_port:acme-compute-node-end-0000103~70266c1a03ea,network_port,acme,acme:compute_node:end-0000103~410fc2e6adcf,eth282,40000,2024-04-27T08:34:56Z,\N,2024-05-04T16:24:21Z,\N,1,assert
acme:network_port:acme-compute-node-end-0000403~36efd12b6ae1,network_port,acme,acme:compute_node:end-0000403~f24f83f1a37b,eth4,1000,2024-04-11T10:05:51Z,\N,2024-05-11T19:14:47Z,\N,1,assert
acme:network_port:acme-compute-node-end-0000269~2d87aa570098,network_port,acme,acme:compute_node:end-0000269~331f6df4fbe9,eth719,1000,2024-05-06T02:04:36Z,\N,2024-05-31T12:49:23Z,\N,1,assert
acme:network_port:acme-compute-node-end-0000098~404cff40982d,network_port,acme,acme:compute_node:end-0000098~69f46552e395,eth4,10000,2024-05-18T18:07:05Z,\N,2024-06-25T19:37:09Z,\N,1,assert
acme:network_port:acme-compute-node-end-0000487~98a716463e8e,network_port,acme,acme:compute_node:end-0000487~459cb364417d,eth650,1000,2024-06-09T19:03:33Z,\N,2024-07-02T10:27:42Z,\N,1,assert
acme:network_port:acme-compute-node-end-0000186~eb0ea27d2b63,network_port,acme,acme:compute_node:end-0000186~afbc296b3386,eth3135,1000,2024-05-26T21:09:39Z,\N,2024-07-04T00:58:42Z,\N,1,assert
acme:network_port:acme-compute-node-end-0000360~f54fe1da1aeb,network_port,acme,acme:compute_node:end-0000360~8a87248625f3,eth087,1000,2024-06-23T16:58:26Z,\N,2024-07-31T14:49:24Z,\N,1,assert
acme:network_port:acme-compute-node-end-0000237~06ea1e920eb9,network_port,acme,acme:compute_node:end-0000237~ee52960bcce2,eth4130,1000,2024-08-08T12:13:56Z,\N,2024-09-09T00:55:41Z,\N,1,assert
acme:network_port:acme-compute-node-end-0000558~6e805895b77d,network_port,acme,acme:compute_node:end-0000558~cdaf4ea6d190,eth024,1000,2024-08-24T12:36:13Z,\N,2024-09-10T06:07:08Z,\N,1,assert
acme:network_port:acme-compute-node-end-0000217~4cd8e85dab0e,network_port,acme,acme:compute_node:end-0000217~9e350d02858e,eth497,10000,2024-10-30T22:15:04Z,\N,2024-11-29T05:39:58Z,\N,1,assert
acme:network_port:acme-compute-node-end-0000590~62c9ed6b6e7d,network_port,acme,acme:compute_node:end-0000590~d75cb953f27d,eth66,1000,2024-12-07T11:30:28Z,\N,2024-12-25T04:40:40Z,\N,1,assert
acme:network_port:acme-compute-node-clu-0000137~e824790d40a9,network_port,acme,acme:compute_node:clu-0000137~9351a0fe2316,eth441,40000,2025-01-15T19:28:40Z,\N,2025-01-16T19:18:01Z,\N,1,assert
acme:network_port:acme-compute-node-end-0000587~3966a7ae0c04,network_port,acme,acme:compute_node:end-0000587~2af903288fe1,eth2,1000,2025-01-17T03:52:51Z,\N,2025-02-05T15:52:11Z,\N,1,assert
acme:network_port:acme-compute-node-end-0000347~0d2db7bc8ca1,network_port,acme,acme:compute_node:end-0000347~ea4f3e0efe3c,eth4128,10000,2025-02-23T03:58:18Z,\N,2025-03-02T07:15:18Z,\N,1,assert
acme:network_port:acme-compute-node-end-0000546~4fd2910d227e,network_port,acme,acme:compute_node:end-0000546~3b23ec851b7f,eth0118,1000,2025-02-18T13:04:36Z,\N,2025-04-03T03:01:06Z,\N,1,assert
acme:network_port:acme-compute-node-end-0000568~1976064a8e22,network_port,acme,acme:compute_node:end-0000568~33a80cb24b2e,eth615,1000,2025-05-10T07:22:21Z,\N,2025-05-20T15:49:24Z,\N,1,assert
acme:network_port:acme-compute-node-end-0000571~d72186404b2b,network_port,acme,acme:compute_node:end-0000571~c7b91efb3c66,eth380,1000,2025-06-15T22:38:22Z,\N,2025-06-26T18:39:19Z,\N,1,assert
acme:network_port:acme-compute-node-end-0000176~65ef7357ce9c,network_port,acme,acme:compute_node:end-0000176~87d0a39625b7,eth759,1000,2025-07-19T20:27:06Z,\N,2025-07-19T20:27:06Z,\N,1,assert
acme:network_port:acme-compute-node-end-0000598~07f5eda0b986,network_port,acme,acme:compute_node:end-0000598~f97edea6e0c6,eth3122,1000,2025-08-06T23:54:30Z,\N,2025-09-17T13:42:40Z,\N,1,assert
acme:network_port:acme-compute-node-end-0000058~fa03b5873812,network_port,acme,acme:compute_node:end-0000058~1371b226a788,eth2138,1000,2025-08-21T00:47:27Z,\N,2025-09-19T16:42:55Z,\N,1,assert
acme:network_port:acme-compute-node-end-0000247~44df23cc2430,network_port,acme,acme:compute_node:end-0000247~b91b32775895,eth761,1000,2025-09-22T23:03:21Z,\N,2025-09-23T16:43:35Z,\N,1,assert
acme:network_port:acme-compute-node-end-0000489~b818a0014023,network_port,acme,acme:compute_node:end-0000489~8c7a57747639,eth5,1000,2025-10-03T17:53:40Z,\N,2025-10-16T09:47:43Z,\N,1,assert
acme:network_port:acme-compute-node-end-0000296~0994b1211006,network_port,acme,acme:compute_node:end-0000296~6b9691f91e28,eth7107,10000,2025-10-09T19:57:13Z,\N,2025-11-10T09:19:43Z,\N,1,assert
acme:network_port:acme-compute-node-end-0000449~b5ccebf6e948,network_port,acme,acme:compute_node:end-0000449~791f10e156eb,eth4115,1000,2025-10-24T13:20:54Z,\N,2025-11-21T20:20:54Z,\N,1,assert
acme:network_port:acme-compute-node-end-0000550~e2afb5a8d965,network_port,acme,acme:compute_node:end-0000550~6e028eeb0e6b,eth030,1000,2025-10-25T00:06:49Z,\N,2025-12-06T12:13:35Z,\N,1,assert
acme:network_port:acme-compute-node-end-0000215~52f578ec98b4,network_port,acme,acme:compute_node:end-0000215~c2eac71bb216,eth3117,1000,2025-12-04T13:32:34Z,\N,2025-12-09T10:26:51Z,\N,1,assert
acme:network_port:acme-compute-node-end-0000401~69c9aec39d7a,network_port,acme,acme:compute_node:end-0000401~33b8ec270d18,eth2,1000,2025-11-22T03:09:17Z,\N,2025-12-14T18:52:02Z,\N,1,assert
acme:network_port:acme-compute-node-end-0000085~3b71caa7beb2,network_port,acme,acme:compute_node:end-0000085~ffd40d9b8d11,eth7,1000,2025-12-16T20:30:02Z,\N,2025-12-24T20:37:26Z,\N,1,assert
acme:network_port:acme-compute-node-end-0000406~571c5ba634a3,network_port,acme,acme:compute_node:end-0000406~1e43b44170c4,eth046,1000,2025-12-09T10:39:05Z,\N,2026-01-01T17:57:04Z,\N,1,assert
acme:network_port:acme-compute-node-end-0000269~f010bf880b70,network_port,acme,acme:compute_node:end-0000269~331f6df4fbe9,eth258,1000,2026-01-01T00:53:30Z,\N,2026-01-19T15:26:44Z,\N,1,assert
acme:network_port:acme-compute-node-end-0000557~f9bb0f151aa2,network_port,acme,acme:compute_node:end-0000557~3c45410db1b0,eth333,10000,2025-12-26T15:56:49Z,\N,2026-02-06T09:38:15Z,\N,1,assert
acme:network_port:acme-compute-node-end-0000292~4d9c3ddb6366,network_port,acme,acme:compute_node:end-0000292~83ccd8c55c28,eth712,1000,2026-01-25T00:16:44Z,\N,2026-02-15T00:23:03Z,\N,1,assert
acme:network_port:acme-compute-node-end-0000321~f0842d28b85d,network_port,acme,acme:compute_node:end-0000321~06c1d7b1a5d8,eth495,10000,2026-02-19T14:07:51Z,\N,2026-02-20T22:20:39Z,\N,1,assert
acme:network_port:acme-compute-node-phy-0000000~609fb580c2fa,network_port,acme,acme:compute_node:phy-0000000~0e09674a1941,eth7123,1000,2026-01-30T10:23:46Z,\N,2026-02-26T14:05:42Z,\N,1,assert
acme:network_port:acme-compute-node-end-0000484~38d319bc248a,network_port,acme,acme:compute_node:end-0000484~fe96f276f9f1,eth264,1000,2026-03-16T17:21:25Z,\N,2026-03-19T00:46:48Z,\N,1,assert
acme:network_port:acme-compute-node-end-0000016~9e630b97a05b,network_port,acme,acme:compute_node:end-0000016~59b7a81cfa43,eth472,10000,2026-02-13T22:25:02Z,\N,2026-03-21T05:53:23Z,\N,1,assert
acme:network_port:acme-compute-node-vir-0000008~75ea529eea1f,network_port,acme,acme:compute_node:vir-0000008~17dc0df9a129,eth5,1000,2026-02-20T04:33:22Z,\N,2026-04-02T18:23:27Z,\N,1,assert
acme:network_port:acme-compute-node-end-0000187~d851d06bf28c,network_port,acme,acme:compute_node:end-0000187~d9cfde93df75,eth2132,1000,2026-04-05T16:53:38Z,\N,2026-04-10T05:33:18Z,\N,1,assert
acme:network_port:acme-compute-node-end-0000287~41b119931f3a,network_port,acme,acme:compute_node:end-0000287~bca29b0af581,eth393,1000,2026-03-29T15:53:29Z,\N,2026-04-12T19:54:49Z,\N,1,assert
acme:network_port:acme-compute-node-end-0000330~8e5042f54c71,network_port,acme,acme:compute_node:end-0000330~dae601ec2096,eth3,1000,2026-03-07T21:01:43Z,\N,2026-04-18T08:54:13Z,\N,1,assert
acme:network_port:acme-compute-node-phy-0000000~6db05b59923f,network_port,acme,acme:compute_node:phy-0000000~0e09674a1941,eth7136,1000,2026-03-27T01:19:15Z,\N,2026-04-22T11:53:04Z,\N,1,assert
acme:network_port:acme-compute-node-end-0000172~5a4ba14dd349,network_port,acme,acme:compute_node:end-0000172~059694a6bc79,eth475,1000,2026-03-12T01:10:34Z,\N,2026-04-23T03:39:42Z,\N,1,assert
acme:network_port:acme-compute-node-end-0000109~9f52ae11f225,network_port,acme,acme:compute_node:end-0000109~780e0aeef911,eth4114,1000,2026-04-12T05:15:20Z,\N,2026-04-30T18:15:36Z,\N,1,assert
acme:network_port:acme-compute-node-end-0000095~8f05e9b5a7d5,network_port,acme,acme:compute_node:end-0000095~d886b3f3f318,eth737,1000,2026-03-31T16:08:47Z,\N,2026-05-06T03:34:00Z,\N,1,assert
acme:network_port:acme-compute-node-end-0000379~fa977dff82a6,network_port,acme,acme:compute_node:end-0000379~a0bae3a494f1,eth296,1000,2026-05-07T06:17:14Z,\N,2026-05-10T09:37:42Z,\N,1,assert
acme:network_port:acme-compute-node-end-0000406~dcf0ea403f3f,network_port,acme,acme:compute_node:end-0000406~1e43b44170c4,eth522,1000,2026-05-04T23:54:47Z,\N,2026-05-14T08:58:31Z,\N,1,assert
acme:network_port:acme-compute-node-vir-0000003~3773c3fc49ba,network_port,acme,acme:compute_node:vir-0000003~09c563b6bd8f,eth68,1000,2026-04-08T04:13:51Z,\N,2026-05-17T03:24:40Z,\N,1,assert
acme:network_port:acme-compute-node-end-0000317~74d629bbaf00,network_port,acme,acme:compute_node:end-0000317~50c37c7ea389,eth3109,10000,2026-04-18T14:06:54Z,\N,2026-05-29T22:38:13Z,\N,1,assert
acme:network_port:acme-compute-node-end-0000378~9edbf704b106,network_port,acme,acme:compute_node:end-0000378~0fd2f090a1d2,eth3102,10000,2026-04-19T19:19:22Z,\N,2026-05-30T04:28:47Z,\N,1,assert
acme:network_port:acme-compute-node-end-0000067~0b91237a2552,network_port,acme,acme:compute_node:end-0000067~d97b704724f9,eth3108,1000,2026-04-21T17:13:57Z,\N,2026-06-03T10:03:16Z,\N,1,assert
acme:network_port:acme-compute-node-end-0000382~22a5ca2cc610,network_port,acme,acme:compute_node:end-0000382~a96391685561,eth5,1000,2026-06-02T12:50:44Z,\N,2026-06-04T10:48:14Z,\N,1,assert
acme:network_port:acme-compute-node-end-0000550~c365cf94ef44,network_port,acme,acme:compute_node:end-0000550~6e028eeb0e6b,eth043,1000,2026-06-14T17:21:01Z,\N,2026-06-15T12:58:51Z,\N,1,assert
acme:network_port:acme-compute-node-end-0000560~0fa09415686a,network_port,acme,acme:compute_node:end-0000560~a9f992870f57,eth740,1000,2026-06-15T20:58:45Z,\N,2026-06-26T01:52:03Z,\N,1,assert
acme:network_port:acme-compute-node-end-0000148~f95935a79d94,network_port,acme,acme:compute_node:end-0000148~5f364f513d0d,eth327,1000,2026-06-07T06:25:10Z,\N,2026-06-27T02:39:39Z,\N,1,assert
acme:network_port:acme-compute-node-end-0000211~293f73dbc9e1,network_port,acme,acme:compute_node:end-0000211~68c73bae58df,eth1,1000,2026-06-28T04:12:36Z,\N,2026-07-18T05:45:38Z,\N,1,assert
acme:network_port:acme-compute-node-end-0000551~2fdf3a7ecaf9,network_port,acme,acme:compute_node:end-0000551~211c4b3eea8a,eth513,1000,2026-06-24T09:04:15Z,\N,2026-07-23T18:40:49Z,\N,1,assert
acme:network_port:acme-compute-node-end-0000329~08303fea6022,network_port,acme,acme:compute_node:end-0000329~f89d432807bc,eth444,1000,2026-06-29T15:44:53Z,\N,2026-08-02T14:12:52Z,\N,1,assert
acme:network_port:acme-compute-node-end-0000014~a1d504a727e7,network_port,acme,acme:compute_node:end-0000014~e88676d87759,eth7,1000,2026-07-25T20:20:05Z,\N,2026-08-14T22:58:35Z,\N,1,assert
acme:network_port:acme-compute-node-end-0000571~16ea937c5567,network_port,acme,acme:compute_node:end-0000571~c7b91efb3c66,eth354,1000,2026-07-20T09:23:28Z,\N,2026-08-22T05:59:29Z,\N,1,assert
acme:network_port:acme-compute-node-end-0000414~c6718d7bf917,network_port,acme,acme:compute_node:end-0000414~3e6213af82ac,eth373,10000,2026-08-14T11:52:10Z,\N,2026-08-23T22:08:34Z,\N,1,assert
acme:network_port:acme-compute-node-end-0000099~36fb8c47612f,network_port,acme,acme:compute_node:end-0000099~95346411cd36,eth7100,10000,2026-08-27T01:01:18Z,\N,2026-09-04T01:04:56Z,\N,1,assert
acme:network_port:acme-compute-node-end-0000067~e454e1bfe531,network_port,acme,acme:compute_node:end-0000067~d97b704724f9,eth5121,1000,2026-08-20T10:34:17Z,\N,2026-09-04T21:33:39Z,\N,1,assert
acme:network_port:acme-compute-node-end-0000497~62701ada9ca3,network_port,acme,acme:compute_node:end-0000497~b6a2af906817,eth639,1000,2026-08-07T16:26:13Z,\N,2026-09-06T22:39:14Z,\N,1,assert
acme:network_port:acme-compute-node-end-0000200~ff5e16e873f1,network_port,acme,acme:compute_node:end-0000200~5795258f340f,eth792,1000,2026-08-08T07:17:39Z,\N,2026-09-12T18:21:37Z,\N,1,assert
acme:network_port:acme-compute-node-end-0000164~9646d33ce6fc,network_port,acme,acme:compute_node:end-0000164~84f93fe029cd,eth068,10000,2026-09-02T18:52:05Z,\N,2026-09-29T23:25:35Z,\N,1,assert
acme:network_port:acme-compute-node-end-0000064~6375a6e957a2,network_port,acme,acme:compute_node:end-0000064~9cad404d6577,eth632,40000,2026-08-23T05:56:35Z,\N,2026-09-30T04:18:54Z,\N,1,assert
acme:network_port:acme-compute-node-con-0000127~227dce2cc7de,network_port,acme,acme:compute_node:con-0000127~90d71ea5a3c5,eth4134,1000,2026-09-04T16:00:43Z,\N,2026-10-06T08:50:01Z,\N,1,assert
acme:network_port:acme-compute-node-clu-0000131~726079e4dab7,network_port,acme,acme:compute_node:clu-0000131~e410bc15cc35,eth610,1000,2026-10-05T12:20:05Z,\N,2026-10-20T21:53:33Z,\N,1,assert
acme:network_port:acme-compute-node-end-0000378~2c011ef97faf,network_port,acme,acme:compute_node:end-0000378~0fd2f090a1d2,eth389,1000,2026-09-09T20:35:51Z,\N,2026-10-22T10:01:22Z,\N,1,assert
acme:network_port:acme-compute-node-end-0000146~07aec4f9c326,network_port,acme,acme:compute_node:end-0000146~24438448b45a,eth0,1000,2026-09-15T18:19:21Z,\N,2026-10-25T09:36:47Z,\N,1,assert
acme:network_port:acme-compute-node-end-0000480~db593bf43a91,network_port,acme,acme:compute_node:end-0000480~48f8b101b18a,eth4116,1000,2026-09-20T21:54:56Z,\N,2026-10-27T05:20:45Z,\N,1,assert
acme:network_port:acme-compute-node-end-0000526~a769679a830b,network_port,acme,acme:compute_node:end-0000526~64b2a5c8add7,eth1,10000,2026-09-22T00:23:02Z,\N,2026-11-01T17:49:52Z,\N,1,assert
acme:network_port:acme-compute-node-end-0000590~834b3db4d7d2,network_port,acme,acme:compute_node:end-0000590~d75cb953f27d,eth374,1000,2026-10-12T13:17:36Z,\N,2026-11-19T22:57:38Z,\N,1,assert
acme:network_port:acme-compute-node-end-0000192~a71b33e882ad,network_port,acme,acme:compute_node:end-0000192~7b9424567354,eth288,10000,2026-11-20T06:22:04Z,\N,2026-12-20T13:31:22Z,\N,1,assert
acme:network_port:acme-compute-node-end-0000047~712b4baa41da,network_port,acme,acme:compute_node:end-0000047~65dfddc10136,eth418,10000,2027-01-03T23:11:40Z,\N,2027-01-08T09:18:52Z,\N,1,assert
acme:network_port:acme-compute-node-end-0000176~4030f3f146be,network_port,acme,acme:compute_node:end-0000176~87d0a39625b7,eth147,10000,2026-12-08T00:19:46Z,\N,2027-01-10T00:05:30Z,\N,1,assert
acme:network_port:acme-compute-node-end-0000092~0de3f70a4e02,network_port,acme,acme:compute_node:end-0000092~11f50499f65d,eth365,10000,2027-01-03T07:28:10Z,\N,2027-02-14T02:39:50Z,\N,1,assert
acme:network_port:acme-compute-node-end-0000513~6a9837a6c18f,network_port,acme,acme:compute_node:end-0000513~bfffbaee22dc,eth7113,10000,2027-02-05T09:16:36Z,\N,2027-02-26T11:18:00Z,\N,1,assert
acme:network_port:acme-compute-node-end-0000379~155d525d7bb3,network_port,acme,acme:compute_node:end-0000379~a0bae3a494f1,eth357,1000,2027-02-17T20:31:51Z,\N,2027-02-27T20:17:10Z,\N,1,assert
acme:network_port:acme-compute-node-end-0000540~757c4fcaf97d,network_port,acme,acme:compute_node:end-0000540~78cca3f725bc,eth778,1000,2027-03-07T21:44:51Z,\N,2027-03-13T22:10:19Z,\N,1,assert
acme:network_port:acme-compute-node-end-0000313~4ee58563140b,network_port,acme,acme:compute_node:end-0000313~7efc3288fe30,eth169,1000,2027-02-19T10:48:32Z,\N,2027-03-23T05:13:25Z,\N,1,assert
acme:network_port:acme-compute-node-end-0000182~9478f34d7d93,network_port,acme,acme:compute_node:end-0000182~f955a1afbb30,eth136,1000,2027-03-08T20:55:36Z,\N,2027-03-24T12:57:12Z,\N,1,assert
acme:network_port:acme-compute-node-end-0000438~d577881c78aa,network_port,acme,acme:compute_node:end-0000438~f1311fdf48d0,eth286,1000,2027-02-24T01:17:58Z,\N,2027-04-02T08:19:05Z,\N,1,assert
acme:network_port:acme-compute-node-end-0000202~774a930a02b7,network_port,acme,acme:compute_node:end-0000202~958f999e2b10,eth683,1000,2027-03-08T20:29:45Z,\N,2027-04-05T04:40:06Z,\N,1,assert
acme:network_port:acme-compute-node-end-0000524~bf05e3f44409,network_port,acme,acme:compute_node:end-0000524~3156b77d589e,eth1131,1000,2027-02-26T22:22:18Z,\N,2027-04-07T20:15:38Z,\N,1,assert
