entity_id,entity_type,organization_id,device_key,device_name,device_kind,lifecycle_stage,lifecycle_stage_status,valid_from,valid_to,system_from,system_to,revision,operation
acme:network_device:dev-00000~f39bb8e3a7f8,network_device,acme,dev-00000,dev-00000.switch,switch,operational,in_use,2021-01-07T17:42:12Z,\N,2021-01-07T17:42:12Z,\N,1,assert
acme:network_device:dev-00001~7d82aa477eb2,network_device,acme,dev-00001,dev-00001.switch,switch,operational,in_use,2021-01-08T00:49:40Z,\N,2021-01-08T00:49:40Z,2025-08-31T13:08:59Z,1,assert
acme:network_device:dev-00002~c28488c0afd7,network_device,acme,dev-00002,dev-00002.router,router,operational,in_use,2021-01-09T05:28:29Z,\N,2021-01-09T05:28:29Z,\N,1,assert
acme:network_device:dev-00003~2f3458fc8772,network_device,acme,dev-00003,dev-00003.load_balancer,load_balancer,operational,in_use,2021-01-10T10:58:54Z,\N,2021-01-10T10:58:54Z,\N,1,assert
acme:network_device:dev-00004~0ab4b6dd6e8f,network_device,acme,dev-00004,dev-00004.router,router,operational,in_use,2021-01-11T13:34:04Z,\N,2021-01-11T13:34:04Z,\N,1,assert
acme:network_device:dev-00005~372c0d600db8,network_device,acme,dev-00005,dev-00005.switch,switch,operational,in_use,2021-01-12T06:34:58Z,\N,2021-01-12T06:34:58Z,\N,1,assert
acme:network_device:dev-00014~40b64a646723,network_device,acme,dev-00014,dev-00014.switch,switch,operational,in_use,2021-03-23T07:07:07Z,\N,2021-04-23T12:45:08Z,\N,1,assert
acme:network_device:dev-00025~198d35317d9a,network_device,acme,dev-00025,dev-00025.switch,switch,operational,in_use,2021-05-11T18:36:00Z,\N,2021-06-13T02:57:58Z,\N,1,assert
acme:network_device:dev-00012~53086e68d6b7,network_device,acme,dev-00012,dev-00012.switch,switch,operational,in_use,2021-08-24T17:39:42Z,\N,2021-08-30T18:18:53Z,\N,1,assert
acme:network_device:dev-00017~59a112140683,network_device,acme,dev-00017,dev-00017.load_balancer,load_balancer,operational,in_use,2021-12-04T18:32:40Z,\N,2022-01-10T04:13:52Z,\N,1,assert
acme:network_device:dev-00022~bb0481797022,network_device,acme,dev-00022,dev-00022.firewall,firewall,operational,in_maintenance,2022-01-21T18:01:32Z,\N,2022-01-22T08:21:38Z,\N,1,assert
acme:network_device:dev-00013~c3c1be7d06d3,network_device,acme,dev-00013,dev-00013.switch,switch,operational,in_use,2022-01-19T02:49:30Z,\N,2022-01-28T07:57:27Z,\N,1,assert
acme:network_device:dev-00016~e8c4972d6614,network_device,acme,dev-00016,dev-00016.load_balancer,load_balancer,operational,in_use,2022-05-10T13:37:08Z,\N,2022-06-08T08:42:38Z,\N,1,assert
acme:network_device:dev-00007~38c1876eef69,network_device,acme,dev-00007,dev-00007.switch,switch,operational,in_use,2022-08-24T12:15:25Z,\N,2022-08-31T02:28:05Z,\N,1,assert
acme:network_device:dev-00021~7648cbc1df82,network_device,acme,dev-00021,dev-00021.firewall,firewall,operational,in_use,2022-09-06T12:16:30Z,\N,2022-10-11T19:00:35Z,\N,1,assert
acme:network_device:dev-00020~dcb3b2296946,network_device,acme,dev-00020,dev-00020.switch,switch,operational,in_use,2022-12-11T18:12:19Z,\N,2023-01-16T20:21:38Z,\N,1,assert
acme:network_device:dev-00011~85bff6fa18be,network_device,acme,dev-00011,dev-00011.firewall,firewall,operational,in_use,2023-01-13T22:24:10Z,\N,2023-02-26T17:42:32Z,\N,1,assert
acme:network_device:dev-00006~4445d66ec898,network_device,acme,dev-00006,dev-00006.switch,switch,operational,in_use,2023-08-05T14:45:38Z,\N,2023-08-30T16:32:38Z,\N,1,assert
acme:network_device:dev-00009~9e5497c3c8e1,network_device,acme,dev-00009,dev-00009.switch,switch,operational,in_use,2023-10-23T01:48:04Z,\N,2023-11-17T01:13:14Z,\N,1,assert
acme:network_device:dev-00024~84a3c0209d02,network_device,acme,dev-00024,dev-00024.switch,switch,operational,in_maintenance,2023-12-22T09:33:02Z,\N,2024-01-13T10:00:36Z,\N,1,assert
acme:network_device:dev-00019~ba376d486c9d,network_device,acme,dev-00019,dev-00019.proxy,proxy,operational,in_use,2024-01-09T03:35:52Z,\N,2024-02-12T02:44:49Z,\N,1,assert
acme:network_device:dev-00018~566dba1442c9,network_device,acme,dev-00018,dev-00018.load_balancer,load_balancer,operational,in_maintenance,2024-07-10T11:47:05Z,\N,2024-08-10T15:49:01Z,\N,1,assert
acme:network_device:dev-00010~b116171592b3,network_device,acme,dev-00010,dev-00010.switch,switch,operational,in_maintenance,2024-08-11T07:18:52Z,\N,2024-09-07T09:56:26Z,\N,1,assert
acme:network_device:dev-00001~7d82aa477eb2,network_device,acme,dev-00001,dev-00001.switch,switch,operational,in_maintenance,2021-01-08T00:49:40Z,\N,2025-08-31T13:08:59Z,\N,2,assert
acme:network_device:dev-00008~5d806508a6b8,network_device,acme,dev-00008,dev-00008.load_balancer,load_balancer,operational,in_maintenance,2025-11-04T05:24:48Z,\N,2025-12-03T15:06:38Z,\N,1,assert
acme:network_device:dev-00015~bde32f3d0f92,network_device,acme,dev-00015,dev-00015.proxy,proxy,operational,in_use,2025-12-09T00:01:13Z,2026-01-23T04:29:38Z,2025-12-09T00:01:13Z,\N,1,assert
acme:network_device:dev-00015~bde32f3d0f92,network_device,acme,\N,\N,\N,\N,\N,2026-01-23T04:29:38Z,\N,2026-05-30T02:23:25Z,\N,2,retract
acme:network_device:dev-00023~d0e46050f26f,network_device,acme,dev-00023,dev-00023.load_balancer,load_balancer,operational,in_maintenance,2026-07-28T20:23:11Z,\N,2026-07-31T13:04:38Z,\N,1,assert
