entity_id,entity_type,organization_id,parent_org_unit,unit_code,unit_name,unit_kind,valid_from,valid_to,system_from,system_to,revision,operation
acme:org_unit:none-div-corp~ad3df9f21c07,org_unit,acme,none,DIV-CORP,DIV-CORP division,division,2021-01-02T02:35:13Z,\N,2021-01-02T02:35:13Z,\N,1,assert
acme:org_unit:div-corp-dept-02~992b87af91c3,org_unit,acme,DIV-CORP,DEPT-02,DEPT-02 department,department,2021-01-02T03:13:03Z,\N,2021-01-02T03:13:03Z,\N,1,assert
acme:org_unit:div-corp-dept-10~baf50a29571d,org_unit,acme,DIV-CORP,DEPT-10,DEPT-10 department,department,2021-01-02T02:10:20Z,\N,2021-01-02T02:10:20Z,\N,1,assert
acme:org_unit:div-corp-dept-16~885825c1392d,org_unit,acme,DIV-CORP,DEPT-16,DEPT-16 department,department,2021-01-02T23:37:17Z,\N,2021-01-02T23:37:17Z,\N,1,assert
acme:org_unit:div-corp-dept-17~fed943d05e02,org_unit,acme,DIV-CORP,DEPT-17,DEPT-17 department,department,2021-01-02T04:02:32Z,\N,2021-01-02T04:02:32Z,\N,1,assert
acme:org_unit:dept-01-cc-0001~097652de727d,org_unit,acme,DEPT-01,CC-0001,CC-0001 cost_centre,cost_centre,2021-01-02T14:11:35Z,\N,2021-01-02T14:11:35Z,\N,1,assert
acme:org_unit:dept-05-cc-0005~8ea046587d54,org_unit,acme,DEPT-05,CC-0005,CC-0005 cost_centre,cost_centre,2021-01-02T07:54:03Z,\N,2021-01-02T07:54:03Z,\N,1,assert
acme:org_unit:dept-06-cc-0006~c99f6e4bb554,org_unit,acme,DEPT-06,CC-0006,CC-0006 cost_centre,cost_centre,2021-01-02T15:13:47Z,\N,2021-01-02T15:13:47Z,\N,1,assert
acme:org_unit:dept-14-cc-0014~82099a0b2348,org_unit,acme,DEPT-14,CC-0014,CC-0014 cost_centre,cost_centre,2021-01-02T12:04:30Z,\N,2021-01-02T12:04:30Z,\N,1,assert
acme:org_unit:div-corp-dept-01~f59ead0a0fab,org_unit,acme,DIV-CORP,DEPT-01,DEPT-01 department,department,2021-01-03T22:31:42Z,\N,2021-01-03T22:31:42Z,\N,1,assert
acme:org_unit:div-corp-dept-04~14e931a75c09,org_unit,acme,DIV-CORP,DEPT-04,DEPT-04 department,department,2021-01-03T08:29:05Z,\N,2021-01-03T08:29:05Z,\N,1,assert
acme:org_unit:div-corp-dept-05~7f97af2636a2,org_unit,acme,DIV-CORP,DEPT-05,DEPT-05 department,department,2021-01-03T12:20:59Z,\N,2021-01-03T12:20:59Z,\N,1,assert
acme:org_unit:div-corp-dept-20~f760ad578886,org_unit,acme,DIV-CORP,DEPT-20,DEPT-20 department,department,2021-01-03T22:19:42Z,\N,2021-01-03T22:19:42Z,\N,1,assert
acme:org_unit:div-corp-dept-06~7609c41d88ef,org_unit,acme,DIV-CORP,DEPT-06,DEPT-06 department,department,2021-01-04T00:28:57Z,\N,2021-01-04T00:28:57Z,\N,1,assert
acme:org_unit:div-corp-dept-13~a9a9bf3fc2f2,org_unit,acme,DIV-CORP,DEPT-13,DEPT-13 department,department,2021-01-04T09:36:06Z,\N,2021-01-04T09:36:06Z,\N,1,assert
acme:org_unit:div-corp-dept-14~453dc3465d00,org_unit,acme,DIV-CORP,DEPT-14,DEPT-14 department,department,2021-01-04T12:26:49Z,\N,2021-01-04T12:26:49Z,\N,1,assert
acme:org_unit:div-corp-dept-15~e1da8622bd0c,org_unit,acme,DIV-CORP,DEPT-15,DEPT-15 department,department,2021-01-04T13:55:53Z,\N,2021-01-04T13:55:53Z,\N,1,assert
acme:org_unit:div-corp-dept-18~90c75028c506,org_unit,acme,DIV-CORP,DEPT-18,DEPT-18 department,department,2021-01-04T00:38:29Z,\N,2021-01-04T00:38:29Z,\N,1,assert
acme:org_unit:div-corp-dept-23~b59605e2f75b,org_unit,acme,DIV-CORP,DEPT-23,DEPT-23 department,department,2021-01-04T08:44:20Z,\N,2021-01-04T08:44:20Z,\N,1,assert
acme:org_unit:div-corp-dept-24~70e3a06c8499,org_unit,acme,DIV-CORP,DEPT-24,DEPT-24 department,department,2021-01-04T09:25:27Z,\N,2021-01-04T09:25:27Z,\N,1,assert
acme:org_unit:dept-03-cc-0003~a81309ae63b2,org_unit,acme,DEPT-03,CC-0003,CC-0003 cost_centre,cost_centre,2021-01-04T05:34:03Z,\N,2021-01-04T05:34:03Z,\N,1,assert
acme:org_unit:dept-09-cc-0009~c773f95c8f31,org_unit,acme,DEPT-09,CC-0009,CC-0009 cost_centre,cost_centre,2021-01-04T23:01:38Z,\N,2021-01-04T23:01:38Z,\N,1,assert
acme:org_unit:dept-10-cc-0010~21f4fb8ebf1b,org_unit,acme,DEPT-10,CC-0010,CC-0010 cost_centre,cost_centre,2021-01-04T08:47:08Z,\N,2021-01-04T08:47:08Z,\N,1,assert
acme:org_unit:div-corp-dept-03~fc7c077c7513,org_unit,acme,DIV-CORP,DEPT-03,DEPT-03 department,department,2021-01-05T09:04:12Z,\N,2021-01-05T09:04:12Z,\N,1,assert
acme:org_unit:div-corp-dept-07~419c85f26aed,org_unit,acme,DIV-CORP,DEPT-07,DEPT-07 department,department,2021-01-05T21:07:53Z,\N,2021-01-05T21:07:53Z,\N,1,assert
acme:org_unit:div-corp-dept-08~8e9a008c6828,org_unit,acme,DIV-CORP,DEPT-08,DEPT-08 department,department,2021-01-05T02:30:31Z,\N,2021-01-05T02:30:31Z,\N,1,assert
acme:org_unit:div-corp-dept-09~452902e94b9f,org_unit,acme,DIV-CORP,DEPT-09,DEPT-09 department,department,2021-01-05T21:52:13Z,\N,2021-01-05T21:52:13Z,\N,1,assert
acme:org_unit:div-corp-dept-11~96ce79cc3979,org_unit,acme,DIV-CORP,DEPT-11,DEPT-11 department,department,2021-01-05T15:46:59Z,\N,2021-01-05T15:46:59Z,\N,1,assert
acme:org_unit:div-corp-dept-21~08f2c568df6c,org_unit,acme,DIV-CORP,DEPT-21,DEPT-21 department,department,2021-01-05T08:14:52Z,\N,2021-01-05T08:14:52Z,\N,1,assert
acme:org_unit:dept-02-cc-0002~67d85748a2ac,org_unit,acme,DEPT-02,CC-0002,CC-0002 cost_centre,cost_centre,2021-01-05T05:58:20Z,\N,2021-01-05T05:58:20Z,\N,1,assert
acme:org_unit:dept-04-cc-0004~461330c44538,org_unit,acme,DEPT-04,CC-0004,CC-0004 cost_centre,cost_centre,2021-01-05T03:11:21Z,\N,2021-01-05T03:11:21Z,\N,1,assert
acme:org_unit:dept-08-cc-0008~59dab3932f00,org_unit,acme,DEPT-08,CC-0008,CC-0008 cost_centre,cost_centre,2021-01-05T17:20:29Z,\N,2021-01-05T17:20:29Z,\N,1,assert
acme:org_unit:dept-13-cc-0013~7330bdf7089d,org_unit,acme,DEPT-13,CC-0013,CC-0013 cost_centre,cost_centre,2021-01-05T10:30:53Z,\N,2021-01-05T10:30:53Z,\N,1,assert
acme:org_unit:div-corp-dept-12~22f323702f65,org_unit,acme,DIV-CORP,DEPT-12,DEPT-12 department,department,2021-01-06T13:07:36Z,\N,2021-01-06T13:07:36Z,\N,1,assert
acme:org_unit:div-corp-dept-19~a6682e1e21ba,org_unit,acme,DIV-CORP,DEPT-19,DEPT-19 department,department,2021-01-06T00:44:09Z,\N,2021-01-06T00:44:09Z,\N,1,assert
acme:org_unit:div-corp-dept-22~ac4143e306d3,org_unit,acme,DIV-CORP,DEPT-22,DEPT-22 department,department,2021-01-06T05:52:38Z,\N,2021-01-06T05:52:38Z,\N,1,assert
acme:org_unit:dept-07-cc-0007~06f02b4cc3a1,org_unit,acme,DEPT-07,CC-0007,CC-0007 cost_centre,cost_centre,2021-01-06T09:53:47Z,\N,2021-01-06T09:53:47Z,\N,1,assert
acme:org_unit:dept-11-cc-0011~ca4d2c13edfe,org_unit,acme,DEPT-11,CC-0011,CC-0011 cost_centre,cost_centre,2021-01-06T23:39:04Z,\N,2021-01-06T23:39:04Z,\N,1,assert
acme:org_unit:dept-12-cc-0012~e9302c3f8b2e,org_unit,acme,DEPT-12,CC-0012,CC-0012 cost_centre,cost_centre,2021-01-06T08:40:15Z,\N,2021-01-06T08:40:15Z,\N,1,assert
acme:org_unit:dept-15-cc-0015~8d9e7ce35ed3,org_unit,acme,DEPT-15,CC-0015,CC-0015 cost_centre,cost_centre,2026-12-31T12:47:41Z,\N,2026-12-31T12:47:41Z,\N,1,assert
