entity_id,entity_type,organization_id,employee_ref,full_name,job_title,department_code,is_departed,valid_from,valid_to,system_from,system_to,revision,operation
acme:person:e000000~35cb9b53e1e8,person,acme,E000000,Tomas Thorsen,Architect,CC-0001,false,2021-01-07T17:42:12Z,\N,2021-01-07T17:42:12Z,\N,1,assert
acme:person:e000001~5796efe72eb7,person,acme,E000001,Tomas Gallagher,Technician,DEPT-17,true,2021-01-08T00:49:40Z,2021-02-08T10:00:51Z,2021-01-08T00:49:40Z,\N,1,assert
acme:person:e000002~fe765433a949,person,acme,E000002,Lars Quintero,Auditor,CC-0008,false,2021-01-09T05:28:29Z,\N,2021-01-09T05:28:29Z,\N,1,assert
acme:person:e000003~83735a7e8e57,person,acme,E000003,Lars Jablonski,Auditor,DEPT-21,true,2021-01-10T10:58:54Z,2021-02-12T18:43:11Z,2021-01-10T10:58:54Z,\N,1,assert
acme:person:e000004~ad436d630df3,person,acme,E000004,Leila Oyelaran,Buyer,DEPT-23,false,2021-01-11T13:34:04Z,\N,2021-01-11T13:34:04Z,\N,1,assert
acme:person:e000005~18f5810cc064,person,acme,E000005,Bruno Fontaine,Analyst,CC-0003,false,2021-01-12T06:34:58Z,\N,2021-01-12T06:34:58Z,\N,1,assert
acme:person:e000011~968736616a61,person,acme,E000011,Hugo Ueda,Manager,DEPT-08,false,2022-09-23T17:11:02Z,\N,2022-11-13T19:04:02Z,\N,1,assert
acme:person:e000018~dbbf4cc2e0b1,person,acme,E000018,Leila Castellanos,Auditor,DEPT-02,false,2023-05-13T03:27:30Z,\N,2023-06-22T07:59:23Z,\N,1,assert
acme:person:e000007~56dfe2528105,person,acme,E000007,Chidi Nakamura,Auditor,DEPT-12,false,2023-06-16T07:22:48Z,\N,2023-06-29T20:26:33Z,\N,1,assert
acme:person:e000013~2451476ebaa4,person,acme,E000013,Fatima Haddad,Buyer,CC-0011,false,2023-09-19T07:12:36Z,\N,2023-09-25T01:47:36Z,\N,1,assert
acme:person:e000015~ac2e8d89aa1a,person,acme,E000015,Ibrahim Ueda,Manager,CC-0006,true,2023-11-13T07:48:35Z,2023-12-28T22:45:41Z,2023-12-15T23:27:38Z,\N,1,assert
acme:person:e000008~222f6021d9c0,person,acme,E000008,Renata Marchetti,Manager,DEPT-05,false,2024-04-13T06:51:25Z,\N,2024-05-13T02:31:38Z,\N,1,assert
acme:person:e000016~6293a233323a,person,acme,E000016,Bruno Schneider,Architect,CC-0002,false,2024-12-16T17:04:24Z,\N,2025-01-03T22:20:45Z,\N,1,assert
acme:person:e000006~15896c713aca,person,acme,E000006,Clara Bergstrom,Analyst,CC-0003,false,2025-01-12T20:40:27Z,\N,2025-02-26T12:37:44Z,\N,1,assert
acme:person:e000012~50355e7fd639,person,acme,E000012,Noor Tanaka,Analyst,CC-0010,false,2025-08-18T03:27:22Z,\N,2025-08-28T07:00:41Z,\N,1,assert
acme:person:e000014~6f39fd8c9de7,person,acme,E000014,Ada Jablonski,Manager,CC-0003,true,2025-07-02T21:02:05Z,2025-08-15T07:38:17Z,2025-08-31T19:07:51Z,\N,1,assert
acme:person:e000003~83735a7e8e57,person,acme,\N,\N,\N,\N,\N,2021-02-12T18:43:11Z,\N,2026-04-10T20:52:29Z,\N,2,retract
acme:person:e000014~6f39fd8c9de7,person,acme,\N,\N,\N,\N,\N,2025-08-15T07:38:17Z,\N,2026-05-14T21:16:00Z,\N,2,retract
acme:person:e000001~5796efe72eb7,person,acme,\N,\N,\N,\N,\N,2021-02-08T10:00:51Z,\N,2026-06-18T10:06:23Z,\N,2,retract
acme:person:e000017~25326c208671,person,acme,E000017,Oliver Mbatha,Engineer,DEPT-13,false,2026-06-25T07:46:50Z,\N,2026-08-01T01:33:29Z,\N,1,assert
acme:person:e000010~733fa0583c5f,person,acme,E000010,Tomas Kovac,Buyer,DEPT-02,false,2026-08-27T02:00:12Z,\N,2026-10-04T19:47:36Z,\N,1,assert
acme:person:e000020~e376796eb665,person,acme,E000020,Anders Gundersen,Architect,DEPT-18,true,2026-10-28T19:24:23Z,2026-12-17T08:03:20Z,2026-10-28T19:24:23Z,\N,1,assert
acme:person:e000019~04dcb690b8d3,person,acme,E000019,Alan Silvestri,Analyst,DEPT-19,false,2026-10-14T08:07:04Z,\N,2026-10-30T11:47:57Z,\N,1,assert
acme:person:e000009~87b1e14bfdc3,person,acme,E000009,Ursula Ueda,Analyst,CC-0007,false,2026-10-18T20:21:13Z,\N,2026-11-09T05:05:12Z,\N,1,assert
acme:person:e000020~e376796eb665,person,acme,\N,\N,\N,\N,\N,2026-12-17T08:03:20Z,\N,2026-12-07T16:25:00Z,\N,2,retract
acme:person:e000015~ac2e8d89aa1a,person,acme,\N,\N,\N,\N,\N,2023-12-28T22:45:41Z,\N,2026-12-10T17:43:12Z,\N,2,retract
acme:person:e000218~8a2737c34dbb,person,acme,E000218,Bruno Mbatha,Architect,DEPT-06,false,2027-01-01T04:42:09Z,\N,2027-01-01T04:42:09Z,\N,1,assert
acme:person:e000074~59ad8f107ff8,person,acme,E000074,Ursula Thorsen,Analyst,CC-0014,false,2027-01-01T13:20:23Z,\N,2027-01-01T13:20:23Z,\N,1,assert
acme:person:e000144~6d97c982febb,person,acme,E000144,Zara Eberhardt,Architect,DEPT-17,false,2027-01-01T09:20:31Z,\N,2027-01-01T09:20:31Z,\N,1,assert
acme:person:e000196~46b6bf095c9b,person,acme,E000196,Tomas Yilmaz,Manager,DEPT-14,false,2027-01-01T10:31:33Z,\N,2027-01-02T19:08:25Z,\N,1,assert
acme:person:e000219~6c0e4f45c700,person,acme,E000219,Gita Delacroix,Engineer,DEPT-02,false,2027-01-01T02:14:15Z,\N,2027-01-02T15:27:12Z,\N,1,assert
acme:person:e000238~9c924906bd49,person,acme,E000238,Yara Ivanova,Buyer,DEPT-21,false,2027-01-01T14:04:06Z,\N,2027-01-02T01:25:11Z,\N,1,assert
acme:person:e000048~ffde958ee147,person,acme,E000048,Amara Lindqvist,Architect,CC-0003,false,2027-01-01T17:29:18Z,\N,2027-01-03T13:58:03Z,\N,1,assert
acme:person:e000107~0bc2291a95f5,person,acme,E000107,Yara Quintero,Manager,DEPT-05,false,2027-01-01T13:11:27Z,\N,2027-01-03T00:40:25Z,\N,1,assert
acme:person:e000149~e4b01e0b5313,person,acme,E000149,Hugo Delacroix,Analyst,DEPT-22,false,2027-01-01T12:57:01Z,\N,2027-01-03T18:25:06Z,\N,1,assert
acme:person:e000163~2d4af25eedbe,person,acme,E000163,Liam Oyelaran,Engineer,DEPT-13,false,2027-01-01T01:40:03Z,\N,2027-01-03T04:11:53Z,\N,1,assert
acme:person:e000187~217c410f6f39,person,acme,E000187,Amara Rasmussen,Architect,CC-0012,false,2027-01-01T09:05:30Z,\N,2027-01-03T05:08:29Z,\N,1,assert
acme:person:e000040~a87faca467f2,person,acme,E000040,Hugo Marchetti,Architect,CC-0001,false,2027-01-01T21:19:57Z,\N,2027-01-04T17:15:37Z,\N,1,assert
acme:person:e000060~82fae150e1e6,person,acme,E000060,Dmitri Bergstrom,Auditor,CC-0003,false,2027-01-01T13:08:06Z,\N,2027-01-04T15:36:23Z,\N,1,assert
acme:person:e000197~2d8bded976c4,person,acme,E000197,Quinn Weiss,Engineer,DEPT-22,false,2027-01-01T16:39:37Z,\N,2027-01-04T07:14:48Z,\N,1,assert
acme:person:e000069~49f57d89dfe0,person,acme,E000069,Bruno Kovac,Auditor,CC-0011,false,2027-01-01T23:53:17Z,\N,2027-01-05T16:14:36Z,\N,1,assert
acme:person:e000120~1990de6db03f,person,acme,E000120,Anika Wagner,Analyst,DEPT-01,false,2027-01-01T20:25:17Z,\N,2027-01-05T05:00:19Z,\N,1,assert
acme:person:e000122~43ecf58aabef,person,acme,E000122,Liam Eberhardt,Engineer,DEPT-04,false,2027-01-01T14:44:39Z,\N,2027-01-05T14:49:57Z,\N,1,assert
acme:person:e000153~5860a2f55544,person,acme,E000153,Anika Silvestri,Analyst,CC-0012,false,2027-01-01T15:05:24Z,\N,2027-01-05T13:24:43Z,\N,1,assert
acme:person:e000191~2543c3033ffe,person,acme,E000191,Carla Zhang,Analyst,CC-0010,false,2027-01-01T20:50:57Z,\N,2027-01-05T14:51:04Z,\N,1,assert
acme:person:e000228~2c60b67fef4b,person,acme,E000228,Felix Thorsen,Manager,DEPT-20,false,2027-01-01T17:32:30Z,\N,2027-01-05T18:40:44Z,\N,1,assert
acme:person:e000025~6e0ecbaf9cf3,person,acme,E000025,Xenia Ueda,Engineer,CC-0011,false,2027-01-01T18:51:07Z,\N,2027-01-06T05:21:06Z,\N,1,assert
acme:person:e000198~8b563bdfa450,person,acme,E000198,Carla Chowdhury,Technician,DEPT-11,false,2027-01-01T09:04:33Z,\N,2027-01-06T15:53:48Z,\N,1,assert
acme:person:e000223~43fc14d34891,person,acme,E000223,Wen Jablonski,Engineer,CC-0002,false,2027-01-01T21:21:54Z,\N,2027-01-06T07:06:54Z,\N,1,assert
acme:person:e000106~d59028a013ed,person,acme,E000106,Ada Oyelaran,Architect,DEPT-07,false,2027-01-01T05:07:16Z,\N,2027-01-07T03:48:59Z,\N,1,assert
acme:person:e000061~a6c30402826a,person,acme,E000061,Hugo Gallagher,Manager,DEPT-04,false,2027-01-01T18:46:19Z,\N,2027-01-07T06:41:38Z,\N,1,assert
acme:person:e000090~fca066e45757,person,acme,E000090,Hugo Okonkwo,Engineer,DEPT-13,false,2027-01-01T12:05:11Z,\N,2027-01-07T04:33:21Z,\N,1,assert
acme:person:e000118~e22a0a980e4d,person,acme,E000118,Ursula Gallagher,Buyer,DEPT-13,false,2027-01-01T09:18:25Z,\N,2027-01-07T04:18:28Z,\N,1,assert
acme:person:e000178~172325ef36ab,person,acme,E000178,Ibrahim Wagner,Technician,CC-0004,false,2027-01-01T23:38:15Z,\N,2027-01-07T07:24:52Z,\N,1,assert
acme:person:e000023~98535d865ff5,person,acme,E000023,Carla Tanaka,Manager,CC-0011,false,2027-01-01T01:54:56Z,\N,2027-01-08T18:22:04Z,\N,1,assert
acme:person:e000024~c68dbf376e97,person,acme,E000024,Quinn Mbatha,Auditor,DEPT-14,false,2027-01-01T05:23:36Z,\N,2027-01-08T19:25:42Z,\N,1,assert
acme:person:e000147~8424320e7845,person,acme,E000147,Carla Gallagher,Technician,DEPT-01,false,2027-01-01T07:40:05Z,\N,2027-01-08T06:47:28Z,\N,1,assert
acme:person:e000235~02a09a73f09b,person,acme,E000235,Renata Wagner,Auditor,DEPT-06,false,2027-01-01T06:59:33Z,\N,2027-01-08T17:11:40Z,\N,1,assert
acme:person:e000046~713d49dae747,person,acme,E000046,Liam Thorsen,Technician,CC-0013,false,2027-01-01T09:24:06Z,\N,2027-01-09T08:55:03Z,\N,1,assert
acme:person:e000055~ad306ee4563c,person,acme,E000055,Elena Pereira,Architect,DEPT-04,false,2027-01-01T20:47:48Z,\N,2027-01-09T00:25:50Z,\N,1,assert
acme:person:e000078~edbc50c4f071,person,acme,E000078,Ingrid Gundersen,Auditor,DEPT-19,false,2027-01-01T05:36:06Z,\N,2027-01-09T04:54:20Z,\N,1,assert
acme:person:e000148~982ee862b233,person,acme,E000148,Zara Zhang,Architect,DEPT-04,false,2027-01-01T14:42:47Z,\N,2027-01-09T21:11:22Z,\N,1,assert
acme:person:e000171~4be62c623093,person,acme,E000171,Quinn Wagner,Auditor,CC-0012,false,2027-01-01T04:38:18Z,\N,2027-01-09T13:14:58Z,\N,1,assert
acme:person:e000031~7d6e6882bb0d,person,acme,E000031,Fatima Ueda,Engineer,CC-0005,false,2027-01-01T16:18:06Z,\N,2027-01-10T05:45:19Z,\N,1,assert
acme:person:e000127~186745c6f58f,person,acme,E000127,Paola Yilmaz,Auditor,DEPT-13,false,2027-01-01T07:08:48Z,\N,2027-01-10T08:31:41Z,\N,1,assert
acme:person:e000160~01a77ab1111b,person,acme,E000160,Paola Kaminski,Analyst,CC-0003,false,2027-01-01T06:42:20Z,\N,2027-01-10T09:51:54Z,\N,1,assert
acme:person:e000021~cbd775ecaa94,person,acme,E000021,Ursula Ueda,Analyst,DEPT-08,false,2027-01-01T03:21:41Z,\N,2027-01-11T07:32:45Z,\N,1,assert
acme:person:e000035~4cc58f1e3461,person,acme,E000035,Oliver Rasmussen,Buyer,CC-0003,false,2027-01-01T10:05:00Z,\N,2027-01-11T18:25:58Z,\N,1,assert
acme:person:e000038~3e3897412696,person,acme,E000038,Ibrahim Kaminski,Engineer,DEPT-18,false,2027-01-01T22:04:28Z,\N,2027-01-11T11:29:19Z,\N,1,assert
acme:person:e000058~b403c432ba49,person,acme,E000058,Carla Quintero,Analyst,DEPT-18,false,2027-01-01T00:15:21Z,\N,2027-01-11T09:00:57Z,\N,1,assert
acme:person:e000100~116c490f9e74,person,acme,E000100,Dmitri Schneider,Architect,CC-0004,true,2027-01-01T22:34:37Z,\N,2027-01-11T19:20:01Z,\N,1,assert
acme:person:e000081~de8d0d18fe38,person,acme,E000081,Yusuf Castellanos,Technician,CC-0007,false,2027-01-01T00:57:51Z,\N,2027-01-11T22:29:25Z,\N,1,assert
acme:person:e000117~1f9c07189d1d,person,acme,E000117,Zara Baptiste,Technician,CC-0010,false,2027-01-01T10:39:53Z,\N,2027-01-11T06:32:06Z,\N,1,assert
acme:person:e000239~9db04b1c1175,person,acme,E000239,Chidi Eberhardt,Analyst,DEPT-12,false,2027-01-01T22:02:35Z,\N,2027-01-11T08:52:30Z,\N,1,assert
acme:person:e000073~f19fdf21c6df,person,acme,E000073,Quinn Ivanova,Analyst,DEPT-12,false,2027-01-01T16:32:17Z,\N,2027-01-12T12:00:37Z,\N,1,assert
acme:person:e000166~27d337732f0f,person,acme,E000166,Rafael Schneider,Engineer,DEPT-21,false,2027-01-01T06:22:47Z,\N,2027-01-12T04:58:20Z,\N,1,assert
acme:person:e000224~3c862d57a7e7,person,acme,E000224,Rafael Weiss,Engineer,CC-0005,false,2027-01-01T16:17:54Z,\N,2027-01-13T11:01:11Z,\N,1,assert
acme:person:e000026~e8fc054ec7d4,person,acme,E000026,Samir Vaughan,Architect,CC-0013,false,2027-01-01T10:36:42Z,\N,2027-01-14T06:39:55Z,\N,1,assert
acme:person:e000154~7768de99407b,person,acme,E000154,Xenia Silvestri,Architect,DEPT-02,false,2027-01-01T18:27:27Z,\N,2027-01-14T02:47:30Z,\N,1,assert
acme:person:e000170~fafeed2036f9,person,acme,E000170,Xenia Schneider,Architect,DEPT-03,false,2027-01-01T07:48:52Z,\N,2027-01-14T04:15:37Z,\N,1,assert
acme:person:e000179~960c4f4f15ce,person,acme,E000179,Nadia Gundersen,Manager,CC-0005,false,2027-01-01T22:12:23Z,\N,2027-01-14T03:52:44Z,\N,1,assert
acme:person:e000200~3f7a0ac78f6f,person,acme,E000200,Gita Lindqvist,Analyst,DEPT-09,false,2027-01-01T02:13:07Z,\N,2027-01-14T14:26:02Z,\N,1,assert
acme:person:e000072~0a2619f0d3f9,person,acme,E000072,Ingrid Kovac,Auditor,DEPT-16,false,2027-01-01T18:02:55Z,\N,2027-01-15T19:28:59Z,\N,1,assert
acme:person:e000138~f3dd283f22b1,person,acme,E000138,Chidi Pereira,Buyer,DEPT-23,false,2027-01-01T04:55:37Z,\N,2027-01-15T11:38:10Z,\N,1,assert
acme:person:e000205~15585020401a,person,acme,E000205,Zoltan Quintero,Analyst,DEPT-04,false,2027-01-01T19:57:46Z,\N,2027-01-15T17:21:14Z,\N,1,assert
acme:person:e000221~79a4b09f1911,person,acme,E000221,Leila Castellanos,Technician,DEPT-08,false,2027-01-01T10:28:50Z,\N,2027-01-15T20:05:45Z,\N,1,assert
acme:person:e000177~93b03c5e8bd5,person,acme,E000177,Yara Gundersen,Engineer,DEPT-22,false,2027-01-01T06:12:52Z,\N,2027-01-16T04:47:37Z,\N,1,assert
acme:person:e000022~ce20502b2abd,person,acme,E000022,Alan Tanaka,Analyst,DEPT-04,false,2027-01-01T07:56:08Z,\N,2027-01-16T11:18:34Z,\N,1,assert
acme:person:e000032~454883dcd024,person,acme,E000032,Jonas Wagner,Technician,CC-0010,false,2027-01-01T00:17:12Z,\N,2027-01-16T02:55:41Z,\N,1,assert
acme:person:e000094~d0d47ab21f41,person,acme,E000094,Kwame Silvestri,Manager,CC-0001,false,2027-01-01T06:07:08Z,\N,2027-01-16T00:59:36Z,\N,1,assert
acme:person:e000213~4bbc6ab4317b,person,acme,E000213,Priya Haddad,Technician,DEPT-13,false,2027-01-01T19:01:59Z,\N,2027-01-16T04:08:05Z,\N,1,assert
acme:person:e000047~8d27cb13a65a,person,acme,E000047,Lars Haddad,Auditor,DEPT-11,false,2027-01-01T19:44:34Z,\N,2027-01-17T18:54:34Z,\N,1,assert
acme:person:e000059~e0a97fb30c92,person,acme,E000059,Ursula Santos,Technician,CC-0009,false,2027-01-01T13:15:21Z,\N,2027-01-18T11:32:10Z,\N,1,assert
acme:person:e000136~e8cbd5cf1fbf,person,acme,E000136,Felix Lindqvist,Architect,CC-0001,false,2027-01-01T10:30:33Z,\N,2027-01-18T05:44:18Z,\N,1,assert
acme:person:e000230~c0336604987a,person,acme,E000230,Yara Zhang,Analyst,DEPT-03,false,2027-01-01T21:52:00Z,\N,2027-01-18T02:45:22Z,\N,1,assert
acme:person:e000045~3994e1417fc7,person,acme,E000045,Rafael Mbatha,Engineer,CC-0005,false,2027-01-01T16:02:26Z,\N,2027-01-19T06:11:32Z,\N,1,assert
acme:person:e000210~7f775747af8c,person,acme,E000210,Yara Lindqvist,Technician,DEPT-01,false,2027-01-01T12:49:30Z,\N,2027-01-19T12:59:19Z,\N,1,assert
acme:person:e000056~8f99e6a203c6,person,acme,E000056,Quinn Gallagher,Manager,CC-0002,false,2027-01-01T15:35:33Z,\N,2027-01-20T18:03:20Z,\N,1,assert
acme:person:e000077~e83f2c55a565,person,acme,E000077,Rafael Kovac,Engineer,CC-0008,false,2027-01-01T19:07:22Z,\N,2027-01-20T08:30:52Z,\N,1,assert
acme:person:e000104~51ea9872c262,person,acme,E000104,Ibrahim Mbatha,Engineer,DEPT-18,false,2027-01-01T13:34:04Z,\N,2027-01-20T12:05:23Z,\N,1,assert
acme:person:e000121~d54b0242e7ed,person,acme,E000121,Quinn Pereira,Buyer,DEPT-07,false,2027-01-01T03:46:51Z,\N,2027-01-20T14:24:04Z,\N,1,assert
acme:person:e000095~e0247e54942e,person,acme,E000095,Farid Eberhardt,Analyst,CC-0013,false,2027-01-01T21:35:11Z,\N,2027-01-21T19:21:03Z,\N,1,assert
acme:person:e000110~9f54e583717a,person,acme,E000110,Ingrid Nakamura,Analyst,CC-0001,false,2027-01-01T07:33:40Z,\N,2027-01-21T03:37:23Z,\N,1,assert
acme:person:e000115~175b925a46a1,person,acme,E000115,Rafael Oyelaran,Auditor,DEPT-06,false,2027-01-01T04:54:06Z,\N,2027-01-21T07:00:26Z,\N,1,assert
acme:person:e000167~af50b3808fa3,person,acme,E000167,Bruno Nakamura,Analyst,CC-0010,false,2027-01-01T02:20:58Z,\N,2027-01-21T22:25:17Z,\N,1,assert
acme:person:e000195~88070e2b2dae,person,acme,E000195,Marcus Wagner,Manager,CC-0011,false,2027-01-01T04:44:53Z,\N,2027-01-21T02:24:05Z,\N,1,assert
acme:person:e000214~d1fef0ae4314,person,acme,E000214,Ingrid Fontaine,Auditor,CC-0002,false,2027-01-01T00:55:44Z,\N,2027-01-21T05:23:32Z,\N,1,assert
acme:person:e000068~9aae7a18d379,person,acme,E000068,Oliver Tanaka,Buyer,CC-0008,false,2027-01-01T09:26:34Z,\N,2027-01-22T04:36:55Z,\N,1,assert
acme:person:e000222~644dd6ef6b12,person,acme,E000222,Farid Rasmussen,Technician,DEPT-05,false,2027-01-01T10:10:00Z,\N,2027-01-22T14:13:56Z,\N,1,assert
acme:person:e000080~ab057e095efc,person,acme,E000080,Gita Kovac,Engineer,CC-0003,false,2027-01-01T12:10:51Z,\N,2027-01-22T18:42:46Z,\N,1,assert
acme:person:e000103~19f925488972,person,acme,E000103,Noor Schneider,Analyst,DEPT-03,false,2027-01-01T21:53:44Z,\N,2027-01-22T17:34:28Z,\N,1,assert
acme:person:e000109~f17e992bd04a,person,acme,E000109,Vikram Eberhardt,Auditor,DEPT-16,false,2027-01-01T06:31:56Z,\N,2027-01-22T21:23:24Z,\N,1,assert
acme:person:e000145~c7033c358330,person,acme,E000145,Rafael Kaminski,Buyer,CC-0011,false,2027-01-01T08:38:54Z,\N,2027-01-22T14:15:55Z,\N,1,assert
acme:person:e000234~ae87e3f3f70b,person,acme,E000234,Kwame Gallagher,Buyer,DEPT-01,false,2027-01-01T23:14:48Z,\N,2027-01-22T09:25:53Z,\N,1,assert
acme:person:e000027~e914dc6d1aa3,person,acme,E000027,Noor Mbatha,Engineer,DEPT-09,false,2027-01-01T05:27:59Z,\N,2027-01-23T18:16:01Z,\N,1,assert
acme:person:e000096~a26de8a37fe4,person,acme,E000096,Samir Gallagher,Engineer,DEPT-13,false,2027-01-01T19:14:06Z,\N,2027-01-23T08:55:20Z,\N,1,assert
acme:person:e000184~24df8dcc947f,person,acme,E000184,Chidi Marchetti,Auditor,CC-0008,false,2027-01-01T13:22:37Z,\N,2027-01-23T08:59:01Z,\N,1,assert
acme:person:e000190~7f2744c52235,person,acme,E000190,Ada Zhang,Auditor,CC-0012,false,2027-01-01T02:55:43Z,\N,2027-01-23T22:23:58Z,\N,1,assert
acme:person:e000132~fbe89b83efd1,person,acme,E000132,Anika Ueda,Manager,DEPT-03,true,2027-01-01T14:11:37Z,\N,2027-01-24T00:11:45Z,\N,1,assert
acme:person:e000065~937dc94c80ff,person,acme,E000065,Farid Weiss,Analyst,DIV-CORP,false,2027-01-01T18:17:32Z,\N,2027-01-25T04:37:33Z,\N,1,assert
acme:person:e000075~4497b5eeda7d,person,acme,E000075,Oliver Marchetti,Auditor,CC-0015,false,2027-01-01T02:48:42Z,\N,2027-01-25T16:02:12Z,\N,1,assert
acme:person:e000192~da3a7dc0da91,person,acme,E000192,Jonas Haddad,Manager,CC-0008,false,2027-01-01T10:06:18Z,\N,2027-01-25T06:28:34Z,\N,1,assert
acme:person:e000033~9b46d0f48d25,person,acme,E000033,Wen Quintero,Technician,DIV-CORP,false,2027-01-01T02:34:56Z,\N,2027-01-26T18:57:08Z,\N,1,assert
acme:person:e000203~3ffec6e359d4,person,acme,E000203,Amara Gallagher,Engineer,DEPT-06,false,2027-01-01T14:46:41Z,\N,2027-01-26T23:27:10Z,\N,1,assert
acme:person:e000204~808f1ae41e0a,person,acme,E000204,Noor Delacroix,Auditor,DEPT-20,false,2027-01-01T07:21:45Z,\N,2027-01-26T08:16:29Z,\N,1,assert
acme:person:e000229~026504f2bd7f,person,acme,E000229,Kwame Okonkwo,Architect,DEPT-10,false,2027-01-01T00:33:04Z,\N,2027-01-26T15:32:08Z,\N,1,assert
acme:person:e000049~94029d530cde,person,acme,E000049,Jonas Okonkwo,Manager,CC-0009,false,2027-01-01T22:55:04Z,\N,2027-01-27T16:04:46Z,\N,1,assert
acme:person:e000091~c26dbf65ffca,person,acme,E000091,Quinn Tanaka,Architect,CC-0012,false,2027-01-01T06:38:02Z,\N,2027-01-27T14:46:46Z,\N,1,assert
acme:person:e000125~09201b20125b,person,acme,E000125,Samir Abbott,Engineer,CC-0004,false,2027-01-01T02:59:12Z,\N,2027-01-27T06:17:39Z,\N,1,assert
acme:person:e000158~01db8b6d946b,person,acme,E000158,Dmitri Nakamura,Engineer,DEPT-08,false,2027-01-01T04:24:35Z,\N,2027-01-27T17:14:37Z,\N,1,assert
acme:person:e000227~2d2481c30523,person,acme,E000227,Ursula Bergstrom,Manager,DEPT-10,false,2027-01-01T04:38:06Z,\N,2027-01-27T08:48:22Z,\N,1,assert
acme:person:e000064~5297fe36c3ca,person,acme,E000064,Alan Quintero,Auditor,DEPT-12,false,2027-01-01T18:38:26Z,\N,2027-01-28T14:28:35Z,\N,1,assert
acme:person:e000188~0ba82c89db66,person,acme,E000188,Anika Wagner,Architect,CC-0012,false,2027-01-01T10:43:06Z,\N,2027-01-28T10:18:58Z,\N,1,assert
acme:person:e000208~b998936918fb,person,acme,E000208,Kwame Yilmaz,Buyer,DEPT-20,false,2027-01-01T08:09:04Z,\N,2027-01-28T05:04:52Z,\N,1,assert
acme:person:e000082~ee6098b523b9,person,acme,E000082,Lars Ivanova,Technician,DEPT-17,true,2027-01-01T08:57:36Z,2027-04-23T01:05:52Z,2027-01-28T23:02:32Z,\N,1,assert
acme:person:e000054~ef1153948271,person,acme,E000054,Jonas Santos,Auditor,DEPT-19,false,2027-01-01T01:13:07Z,\N,2027-01-29T04:53:55Z,\N,1,assert
acme:person:e000112~cb8a2c5cbb0c,person,acme,E000112,Sofia Oyelaran,Analyst,CC-0015,false,2027-01-01T06:26:36Z,\N,2027-01-29T19:57:01Z,\N,1,assert
acme:person:e000151~5b483bee108a,person,acme,E000151,Vikram Wagner,Manager,DEPT-11,false,2027-01-01T11:15:08Z,\N,2027-01-29T18:15:34Z,\N,1,assert
acme:person:e000182~0750197f1dc3,person,acme,E000182,Bruno Haddad,Engineer,DEPT-02,false,2027-01-01T20:30:12Z,\N,2027-01-29T03:24:46Z,\N,1,assert
acme:person:e000231~d55646ec0c5f,person,acme,E000231,Yusuf Ivanova,Architect,DEPT-03,false,2027-01-01T02:35:36Z,\N,2027-01-29T14:33:42Z,\N,1,assert
acme:person:e000233~753329985d87,person,acme,E000233,Oliver Ivanova,Auditor,DEPT-18,false,2027-01-01T08:35:15Z,\N,2027-01-29T12:58:32Z,\N,1,assert
acme:person:e000043~bddaa60ffc10,person,acme,E000043,Amara Jablonski,Manager,DIV-CORP,false,2027-01-01T07:23:40Z,\N,2027-01-30T19:22:00Z,\N,1,assert
acme:person:e000051~55a38be97d0a,person,acme,E000051,Alan Mbatha,Technician,DEPT-05,false,2027-01-01T11:23:51Z,\N,2027-01-30T01:28:40Z,\N,1,assert
acme:person:e000076~e0fcf42b3d02,person,acme,E000076,Jonas Oyelaran,Engineer,DEPT-15,false,2027-01-01T12:06:08Z,\N,2027-01-30T13:03:08Z,\N,1,assert
acme:person:e000133~9123b0c4a69e,person,acme,E000133,Quinn Eberhardt,Auditor,DEPT-16,false,2027-01-01T04:35:11Z,\N,2027-01-30T19:37:02Z,\N,1,assert
acme:person:e000168~56539f29e228,person,acme,E000168,Keiko Tanaka,Technician,CC-0001,false,2027-01-01T16:33:18Z,\N,2027-01-30T10:58:51Z,\N,1,assert
acme:person:e000217~a8b91e9669c7,person,acme,E000217,Sofia Baptiste,Buyer,CC-0014,false,2027-01-01T15:01:41Z,\N,2027-01-30T08:04:03Z,\N,1,assert
acme:person:e000137~83d431dd83e8,person,acme,E000137,Leila Schneider,Technician,DEPT-01,true,2027-01-01T00:48:27Z,\N,2027-01-31T07:07:57Z,\N,1,assert
acme:person:e000088~72cb278a07a9,person,acme,E000088,Kwame Lindqvist,Buyer,DEPT-16,false,2027-01-01T17:24:53Z,\N,2027-01-31T20:25:51Z,\N,1,assert
acme:person:e000108~7564bce1222f,person,acme,E000108,Priya Lindqvist,Technician,CC-0001,false,2027-01-01T12:48:03Z,\N,2027-01-31T12:03:34Z,\N,1,assert
acme:person:e000212~a2ff2506a6ed,person,acme,E000212,Quinn Santos,Engineer,DEPT-16,false,2027-01-01T02:55:02Z,\N,2027-01-31T11:56:35Z,\N,1,assert
acme:person:e000086~bb17247f8bf5,person,acme,E000086,Jonas Pereira,Technician,CC-0013,false,2027-01-01T06:13:53Z,\N,2027-02-01T16:51:38Z,\N,1,assert
acme:person:e000176~cfa2d72d2705,person,acme,E000176,Bruno Baptiste,Technician,CC-0001,false,2027-01-01T04:13:18Z,\N,2027-02-01T23:43:07Z,\N,1,assert
acme:person:e000199~0744349bd7bc,person,acme,E000199,Zoltan Mbatha,Buyer,DEPT-13,false,2027-01-01T20:50:02Z,\N,2027-02-01T00:36:55Z,\N,1,assert
acme:person:e000030~af794ce99a38,person,acme,E000030,Amara Zhang,Buyer,CC-0008,false,2027-01-01T03:31:32Z,\N,2027-02-02T06:55:17Z,\N,1,assert
acme:person:e000135~fca9c93476b1,person,acme,E000135,Mira Castellanos,Auditor,DEPT-22,false,2027-01-01T04:34:53Z,\N,2027-02-02T12:24:32Z,\N,1,assert
acme:person:e000034~ae86b41868db,person,acme,E000034,Gita Wagner,Manager,DIV-CORP,false,2027-01-01T17:09:37Z,\N,2027-02-03T06:16:57Z,\N,1,assert
acme:person:e000070~821f1a268536,person,acme,E000070,Farid Haddad,Buyer,CC-0006,false,2027-01-01T15:20:33Z,\N,2027-02-03T11:49:28Z,\N,1,assert
acme:person:e000123~cce07512f284,person,acme,E000123,Wen Fontaine,Technician,CC-0006,false,2027-01-01T07:13:31Z,\N,2027-02-03T01:09:29Z,\N,1,assert
acme:person:e000181~38ea2fa425df,person,acme,E000181,Yara Baptiste,Engineer,DEPT-03,false,2027-01-01T22:23:17Z,\N,2027-02-03T11:57:31Z,\N,1,assert
acme:person:e000209~2cdc3eb695a5,person,acme,E000209,Ursula Lindqvist,Analyst,CC-0014,false,2027-01-01T04:17:14Z,\N,2027-02-03T13:46:54Z,\N,1,assert
acme:person:e000215~5a1b51d417e3,person,acme,E000215,Renata Ivanova,Analyst,CC-0006,false,2027-01-01T19:25:33Z,\N,2027-02-03T19:42:43Z,\N,1,assert
acme:person:e000066~7ea29b22ee87,person,acme,E000066,Dmitri Weiss,Analyst,CC-0014,false,2027-01-01T16:55:40Z,\N,2027-02-04T23:21:32Z,\N,1,assert
acme:person:e000139~3b371fd2085a,person,acme,E000139,Bruno Pereira,Manager,DEPT-22,false,2027-01-01T06:53:04Z,\N,2027-02-04T12:06:13Z,\N,1,assert
acme:person:e000172~76604ba0c77c,person,acme,E000172,Liam Vaughan,Analyst,DEPT-04,false,2027-01-01T06:46:39Z,\N,2027-02-04T14:26:21Z,\N,1,assert
acme:person:e000140~8273383def3f,person,acme,E000140,Lars Lindqvist,Manager,DEPT-10,false,2027-01-01T14:46:08Z,\N,2027-02-05T00:54:59Z,\N,1,assert
acme:person:e000185~b35ad933b264,person,acme,E000185,Alan Kaminski,Manager,DEPT-09,false,2027-01-01T12:58:21Z,\N,2027-02-05T00:43:34Z,\N,1,assert
acme:person:e000189~249f029743fa,person,acme,E000189,Anders Abbott,Engineer,CC-0011,false,2027-01-01T19:34:53Z,\N,2027-02-05T18:23:25Z,\N,1,assert
acme:person:e000194~f67d64e0ee4f,person,acme,E000194,Amara Baptiste,Engineer,CC-0011,false,2027-01-01T21:22:05Z,\N,2027-02-05T06:23:47Z,\N,1,assert
acme:person:e000156~b10dc9f67641,person,acme,E000156,Rafael Nakamura,Buyer,CC-0015,false,2027-01-01T12:55:15Z,\N,2027-02-06T07:07:28Z,\N,1,assert
acme:person:e000111~3c7509974012,person,acme,E000111,Ibrahim Thorsen,Buyer,CC-0013,false,2027-01-01T02:01:43Z,\N,2027-02-07T10:19:27Z,\N,1,assert
acme:person:e000142~9a87c8b70ab8,person,acme,E000142,Hugo Pereira,Technician,DEPT-19,false,2027-01-01T14:23:19Z,\N,2027-02-07T12:27:17Z,\N,1,assert
acme:person:e000226~d2f9560f8b60,person,acme,E000226,Nadia Schneider,Analyst,CC-0014,false,2027-01-01T20:50:57Z,\N,2027-02-07T23:39:19Z,\N,1,assert
acme:person:e000052~4aa6310f4475,person,acme,E000052,Elena Silvestri,Analyst,CC-0015,false,2027-01-01T05:38:08Z,\N,2027-02-08T06:45:15Z,\N,1,assert
acme:person:e000202~1a8b13ea74a6,person,acme,E000202,Elena Quintero,Technician,CC-0014,false,2027-01-01T20:44:22Z,\N,2027-02-08T15:05:46Z,\N,1,assert
acme:person:e000053~a206f14f01ff,person,acme,E000053,Wen Yilmaz,Auditor,DEPT-01,false,2027-01-01T10:07:30Z,\N,2027-02-08T21:23:20Z,\N,1,assert
acme:person:e000165~c3b61a626a72,person,acme,E000165,Tomas Schneider,Technician,CC-0015,false,2027-01-01T22:01:41Z,\N,2027-02-08T01:58:52Z,\N,1,assert
acme:person:e000216~4e04998cd2c3,person,acme,E000216,Ada Abbott,Technician,DEPT-02,false,2027-01-01T23:52:35Z,\N,2027-02-08T22:12:45Z,\N,1,assert
acme:person:e000225~78fadfb44663,person,acme,E000225,Bruno Ivanova,Buyer,DEPT-02,false,2027-01-01T21:31:12Z,\N,2027-02-08T01:52:36Z,\N,1,assert
acme:person:e000029~463de20ddbb4,person,acme,E000029,Keiko Kaminski,Manager,DEPT-09,false,2027-01-01T14:41:27Z,\N,2027-02-09T03:51:41Z,\N,1,assert
acme:person:e000085~4961b8eb4e58,person,acme,E000085,Farid Quintero,Technician,CC-0003,false,2027-01-01T12:42:52Z,\N,2027-02-09T06:40:57Z,\N,1,assert
acme:person:e000193~0fd242242c63,person,acme,E000193,Anders Fontaine,Auditor,DEPT-18,false,2027-01-01T08:20:26Z,\N,2027-02-09T11:21:51Z,\N,1,assert
acme:person:e000098~bf2f3a9f8ab5,person,acme,E000098,Noor Fontaine,Auditor,DEPT-19,false,2027-01-01T09:12:49Z,\N,2027-02-09T15:53:56Z,\N,1,assert
acme:person:e000207~28942ff8b4e4,person,acme,E000207,Yara Wagner,Architect,DEPT-02,false,2027-01-01T03:07:31Z,\N,2027-02-11T20:04:12Z,\N,1,assert
acme:person:e000236~e9ad12288fe2,person,acme,E000236,Zoltan Haddad,Auditor,DEPT-21,false,2027-01-01T01:56:11Z,\N,2027-02-11T15:15:00Z,\N,1,assert
acme:person:e000131~b8cbc2d7b241,person,acme,E000131,Tomas Novak,Architect,DEPT-10,false,2027-01-01T15:15:30Z,\N,2027-02-12T11:42:19Z,\N,1,assert
acme:person:e000116~4185b39d8dc1,person,acme,E000116,Keiko Okonkwo,Auditor,CC-0005,false,2027-01-01T19:36:38Z,\N,2027-02-13T23:17:46Z,\N,1,assert
acme:person:e000119~cd664fa88535,person,acme,E000119,Felix Chowdhury,Architect,DEPT-05,false,2027-01-01T20:46:30Z,\N,2027-02-13T07:44:12Z,\N,1,assert
acme:person:e000161~2a1b5f82c26d,person,acme,E000161,Tomas Tanaka,Technician,DEPT-12,false,2027-01-01T07:02:13Z,\N,2027-02-13T20:30:26Z,\N,1,assert
acme:person:e000036~ab6980a752dd,person,acme,E000036,Wen Jablonski,Technician,DEPT-06,false,2027-01-01T22:58:11Z,\N,2027-02-14T05:30:20Z,\N,1,assert
acme:person:e000134~b3b43b22bfae,person,acme,E000134,Felix Mbatha,Buyer,DEPT-20,false,2027-01-01T16:03:52Z,\N,2027-02-14T15:27:07Z,\N,1,assert
acme:person:e000206~a7f8f8bca906,person,acme,E000206,Sofia Santos,Engineer,DEPT-01,false,2027-01-01T20:24:07Z,\N,2027-02-14T03:20:43Z,\N,1,assert
acme:person:e000183~80e07efe4f62,person,acme,E000183,Rafael Chowdhury,Engineer,DEPT-03,true,2027-01-01T08:24:50Z,\N,2027-02-14T21:41:51Z,\N,1,assert
acme:person:e000037~e9911c46aadd,person,acme,E000037,Fatima Marchetti,Manager,DEPT-13,false,2027-01-01T17:39:31Z,\N,2027-02-15T07:15:15Z,\N,1,assert
acme:person:e000146~87b46d38618e,person,acme,E000146,Lars Schneider,Architect,DEPT-17,false,2027-01-01T01:02:13Z,\N,2027-02-15T01:11:49Z,\N,1,assert
acme:person:e000129~f04c7cbfb501,person,acme,E000129,Hugo Ueda,Architect,CC-0012,true,2027-01-01T21:14:05Z,\N,2027-02-15T18:14:23Z,\N,1,assert
acme:person:e000126~aeb01421cc28,person,acme,E000126,Quinn Rasmussen,Technician,DIV-CORP,true,2027-01-01T12:21:39Z,\N,2027-02-16T20:39:36Z,\N,1,assert
acme:person:e000042~77648741f773,person,acme,E000042,Bruno Rasmussen,Architect,DEPT-12,false,2027-01-01T00:55:33Z,\N,2027-02-16T22:31:37Z,\N,1,assert
acme:person:e000062~704d57c13e8b,person,acme,E000062,Bruno Marchetti,Manager,CC-0015,false,2027-01-01T07:57:08Z,\N,2027-02-16T13:55:03Z,\N,1,assert
acme:person:e000174~42f4055c764f,person,acme,E000174,Sofia Okonkwo,Architect,CC-0011,false,2027-01-01T10:57:58Z,\N,2027-02-16T01:32:25Z,\N,1,assert
acme:person:e000102~f0c6b44bb5a3,person,acme,E000102,Oliver Rasmussen,Technician,CC-0005,false,2027-01-01T08:27:38Z,\N,2027-02-17T06:45:23Z,\N,1,assert
acme:person:e000083~3cf9cb328281,person,acme,E000083,Ada Weiss,Analyst,DEPT-02,false,2027-01-01T15:17:53Z,\N,2027-02-18T09:00:58Z,\N,1,assert
acme:person:e000114~6841a0fec7c4,person,acme,E000114,Zara Abbott,Analyst,DEPT-11,false,2027-01-01T23:19:07Z,\N,2027-02-18T04:32:08Z,\N,1,assert
acme:person:e000128~2551cdc4f0f4,person,acme,E000128,Yara Quintero,Manager,DEPT-18,false,2027-01-01T17:46:34Z,\N,2027-02-18T14:51:00Z,\N,1,assert
acme:person:e000201~8b84c61bba5c,person,acme,E000201,Vikram Zhang,Analyst,DEPT-15,false,2027-01-01T21:03:58Z,\N,2027-02-18T22:33:57Z,\N,1,assert
acme:person:e000175~172392ae3c07,person,acme,E000175,Bruno Zhang,Buyer,DEPT-19,false,2027-01-01T07:36:27Z,\N,2027-02-19T10:31:10Z,\N,1,assert
acme:person:e000089~508f9face307,person,acme,E000089,Gita Mbatha,Analyst,CC-0015,true,2027-01-01T12:32:08Z,\N,2027-02-20T02:55:06Z,\N,1,assert
acme:person:e000028~5179ab6dae84,person,acme,E000028,Priya Ivanova,Architect,CC-0003,false,2027-01-01T07:54:16Z,\N,2027-02-20T14:22:35Z,\N,1,assert
acme:person:e000240~e8e3bb265eb1,person,acme,E000240,Elena Pereira,Manager,CC-0011,false,2027-02-05T14:03:55Z,\N,2027-02-20T07:33:16Z,\N,1,assert
acme:person:e000039~d9d52e371558,person,acme,E000039,Keiko Thorsen,Architect,CC-0012,false,2027-01-01T10:39:54Z,\N,2027-02-21T20:51:37Z,\N,1,assert
acme:person:e000099~38177936ba7d,person,acme,E000099,Renata Schneider,Engineer,DEPT-02,false,2027-01-01T08:22:37Z,\N,2027-02-21T03:01:40Z,\N,1,assert
acme:person:e000130~c090cb521f3a,person,acme,E000130,Zoltan Thorsen,Auditor,DEPT-13,false,2027-01-01T15:45:45Z,\N,2027-02-21T21:18:39Z,\N,1,assert
acme:person:e000162~17bbe3745b0d,person,acme,E000162,Ursula Zhang,Buyer,CC-0005,false,2027-01-01T08:32:47Z,\N,2027-02-21T07:45:19Z,\N,1,assert
acme:person:e000169~bb35391bbc38,person,acme,E000169,Leila Wagner,Engineer,DEPT-05,false,2027-01-01T21:55:03Z,\N,2027-02-21T16:51:13Z,\N,1,assert
acme:person:e000220~97db8d858a9f,person,acme,E000220,Zara Castellanos,Auditor,DEPT-17,false,2027-01-01T10:15:08Z,\N,2027-02-21T02:09:16Z,\N,1,assert
acme:person:e000241~98b9d299ab0d,person,acme,E000241,Mira Oyelaran,Manager,DEPT-21,false,2027-02-06T02:32:24Z,\N,2027-02-21T11:14:28Z,\N,1,assert
acme:person:e000041~a548becf3f11,person,acme,E000041,Alan Haddad,Manager,DIV-CORP,false,2027-01-01T10:59:55Z,\N,2027-02-22T10:17:59Z,\N,1,assert
acme:person:e000164~32fc6cba7d80,person,acme,E000164,Ibrahim Rasmussen,Engineer,DEPT-24,false,2027-01-01T18:10:31Z,\N,2027-02-22T06:48:55Z,\N,1,assert
acme:person:e000253~c4d5d4400550,person,acme,E000253,Yusuf Delacroix,Architect,CC-0004,false,2027-02-18T14:29:31Z,\N,2027-02-22T12:40:10Z,\N,1,assert
acme:person:e000050~3e2d81a9aeef,person,acme,E000050,Nadia Lindqvist,Engineer,CC-0006,false,2027-01-01T13:49:29Z,\N,2027-02-23T11:27:35Z,\N,1,assert
acme:person:e000079~4ef3c18805f5,person,acme,E000079,Jonas Jablonski,Technician,DEPT-11,false,2027-01-01T06:50:41Z,\N,2027-02-23T17:12:50Z,\N,1,assert
acme:person:e000093~93e6d8ae0c4e,person,acme,E000093,Fatima Pereira,Buyer,DEPT-13,false,2027-01-01T01:27:17Z,\N,2027-02-23T07:46:27Z,\N,1,assert
acme:person:e000155~bc30322dbefe,person,acme,E000155,Ingrid Delacroix,Technician,DIV-CORP,false,2027-01-01T23:43:44Z,\N,2027-02-23T04:53:31Z,\N,1,assert
acme:person:e000186~5e2888b793f3,person,acme,E000186,Elena Eberhardt,Buyer,DEPT-01,false,2027-01-01T03:05:06Z,\N,2027-02-23T16:29:03Z,\N,1,assert
acme:person:e000044~08bf4c0c362f,person,acme,E000044,Zoltan Haddad,Manager,DEPT-07,false,2027-01-01T04:29:47Z,\N,2027-02-24T08:14:55Z,\N,1,assert
acme:person:e000067~6b3e403b6748,person,acme,E000067,Marcus Thorsen,Manager,DEPT-22,false,2027-01-01T21:40:21Z,\N,2027-02-24T02:09:48Z,\N,1,assert
acme:person:e000143~0e320d3409d7,person,acme,E000143,Lars Delacroix,Architect,CC-0015,false,2027-01-01T17:24:04Z,\N,2027-02-24T22:43:34Z,\N,1,assert
acme:person:e000152~79ade5a4e633,person,acme,E000152,Noor Marchetti,Auditor,DEPT-15,false,2027-01-01T18:21:42Z,\N,2027-02-24T02:00:13Z,\N,1,assert
acme:person:e000057~318ff55af0c8,person,acme,E000057,Hugo Eberhardt,Buyer,DEPT-05,false,2027-01-01T13:13:38Z,\N,2027-02-25T16:07:59Z,\N,1,assert
acme:person:e000071~e80f6b2497db,person,acme,E000071,Leila Schneider,Analyst,DIV-CORP,false,2027-01-01T04:33:15Z,\N,2027-02-25T00:06:28Z,\N,1,assert
acme:person:e000105~5b5ff8b409cc,person,acme,E000105,Oliver Abbott,Auditor,DEPT-20,false,2027-01-01T07:21:32Z,\N,2027-02-25T11:36:26Z,\N,1,assert
acme:person:e000063~bc48bb86c381,person,acme,E000063,Xenia Silvestri,Analyst,CC-0005,false,2027-01-01T18:21:19Z,\N,2027-02-26T20:40:00Z,\N,1,assert
acme:person:e000087~44a1e04687ea,person,acme,E000087,Paola Okonkwo,Analyst,DEPT-11,false,2027-01-01T18:16:55Z,\N,2027-02-26T07:01:39Z,\N,1,assert
acme:person:e000097~df4f6e4eff91,person,acme,E000097,Quinn Novak,Buyer,DIV-CORP,false,2027-01-01T01:48:03Z,\N,2027-02-26T09:24:23Z,\N,1,assert
acme:person:e000124~5cdd284f89da,person,acme,E000124,Yara Nakamura,Architect,CC-0002,false,2027-01-01T05:58:39Z,\N,2027-02-26T12:52:20Z,\N,1,assert
acme:person:e000173~59d51a20fd06,person,acme,E000173,Quinn Okonkwo,Technician,DEPT-17,false,2027-01-01T12:31:14Z,\N,2027-02-26T05:14:51Z,\N,1,assert
acme:person:e000211~7d05b8a6125e,person,acme,E000211,Carla Weiss,Technician,DEPT-15,false,2027-01-01T04:51:08Z,\N,2027-02-26T14:39:42Z,\N,1,assert
acme:person:e000248~053fc4891a18,person,acme,E000248,Amara Vaughan,Manager,CC-0005,false,2027-02-13T09:32:15Z,\N,2027-02-26T19:42:21Z,\N,1,assert
acme:person:e000113~9def371e2865,person,acme,E000113,Felix Ueda,Engineer,DEPT-20,false,2027-01-01T09:09:29Z,\N,2027-02-27T14:10:14Z,\N,1,assert
acme:person:e000180~cbfd9ddefa5b,person,acme,E000180,Kwame Okonkwo,Analyst,DEPT-24,false,2027-01-01T09:47:51Z,\N,2027-02-27T04:09:31Z,\N,1,assert
acme:person:e000237~d4d7435e3142,person,acme,E000237,Ursula Rasmussen,Analyst,DEPT-02,false,2027-01-01T09:02:24Z,\N,2027-02-27T10:14:55Z,\N,1,assert
acme:person:e000159~54b4b8285c69,person,acme,E000159,Tomas Ueda,Auditor,DEPT-16,false,2027-01-01T00:43:12Z,\N,2027-02-27T21:24:41Z,\N,1,assert
acme:person:e000084~fb5938dd5529,person,acme,E000084,Vikram Bergstrom,Analyst,DEPT-08,true,2027-01-01T02:59:28Z,\N,2027-02-28T04:02:01Z,\N,1,assert
acme:person:e000141~dcc43c8270b3,person,acme,E000141,Ibrahim Lindqvist,Analyst,DIV-CORP,false,2027-01-01T03:35:00Z,\N,2027-03-01T03:21:32Z,\N,1,assert
acme:person:e000150~b1f98dadb728,person,acme,E000150,Liam Eberhardt,Engineer,DEPT-22,false,2027-01-01T10:52:38Z,\N,2027-03-01T13:06:22Z,\N,1,assert
acme:person:e000157~0872b5cc1c50,person,acme,E000157,Ingrid Nakamura,Manager,DEPT-12,false,2027-01-01T22:46:11Z,\N,2027-03-01T10:18:01Z,\N,1,assert
acme:person:e000232~c709af63679d,person,acme,E000232,Oliver Quintero,Manager,CC-0002,true,2027-01-01T02:36:43Z,\N,2027-03-01T14:34:17Z,\N,1,assert
acme:person:e000092~72f09a9fb4be,person,acme,E000092,Paola Yilmaz,Engineer,CC-0008,false,2027-01-01T11:47:26Z,\N,2027-03-02T21:58:53Z,\N,1,assert
acme:person:e000101~bbc6275f13ce,person,acme,E000101,Rafael Lindqvist,Auditor,DEPT-09,false,2027-01-01T21:24:28Z,\N,2027-03-02T19:17:11Z,\N,1,assert
acme:person:e000250~c15117533ab2,person,acme,E000250,Priya Kaminski,Architect,CC-0013,true,2027-02-15T09:18:32Z,\N,2027-03-06T19:23:32Z,\N,1,assert
acme:person:e000256~1a90db71f25f,person,acme,E000256,Zara Jablonski,Technician,CC-0003,false,2027-02-21T19:55:16Z,\N,2027-03-12T10:19:34Z,\N,1,assert
acme:person:e000258~8a3aae38f4e5,person,acme,E000258,Priya Oyelaran,Buyer,DEPT-15,false,2027-02-23T22:18:33Z,\N,2027-03-13T13:51:52Z,\N,1,assert
acme:person:e000255~fc66eba65906,person,acme,E000255,Hugo Bergstrom,Manager,CC-0003,false,2027-02-20T07:25:09Z,\N,2027-03-16T13:52:04Z,\N,1,assert
acme:person:e000242~3f9be95ff9b4,person,acme,E000242,Farid Eberhardt,Technician,CC-0011,false,2027-02-07T21:57:30Z,\N,2027-03-17T17:17:12Z,\N,1,assert
acme:person:e000247~3fb6ea0043e9,person,acme,E000247,Jonas Kaminski,Auditor,DEPT-12,false,2027-02-12T02:43:59Z,\N,2027-03-18T11:29:25Z,\N,1,assert
acme:person:e000243~464a48899868,person,acme,E000243,Hugo Tanaka,Technician,DEPT-09,false,2027-02-08T15:40:02Z,\N,2027-03-20T06:11:26Z,\N,1,assert
acme:person:e000244~b1c999192e2e,person,acme,E000244,Elena Pereira,Buyer,DEPT-10,false,2027-02-09T01:41:47Z,\N,2027-03-20T17:32:23Z,\N,1,assert
acme:person:e000252~693f4de19f46,person,acme,E000252,Ada Bergstrom,Analyst,CC-0011,false,2027-02-17T10:50:58Z,\N,2027-03-21T09:34:03Z,\N,1,assert
acme:person:e000251~7908d6acea16,person,acme,E000251,Nadia Delacroix,Technician,CC-0015,false,2027-02-16T23:13:58Z,\N,2027-03-27T02:53:35Z,\N,1,assert
acme:person:e000246~eb04bd84ea0e,person,acme,E000246,Ada Bergstrom,Architect,CC-0014,false,2027-02-11T01:39:08Z,\N,2027-03-31T15:44:30Z,\N,1,assert
acme:person:e000257~3a961f4dfc81,person,acme,E000257,Elena Lindqvist,Auditor,CC-0013,false,2027-02-22T19:28:28Z,\N,2027-04-01T04:15:06Z,\N,1,assert
acme:person:e000249~a4237796cc9e,person,acme,E000249,Priya Vaughan,Architect,DEPT-12,false,2027-02-14T01:48:34Z,\N,2027-04-05T17:26:04Z,\N,1,assert
acme:person:e000082~ee6098b523b9,person,acme,\N,\N,\N,\N,\N,2027-04-23T01:05:52Z,\N,2027-04-07T11:55:40Z,\N,2,retract
acme:person:e000245~acb270ee8398,person,acme,E000245,Vikram Lindqvist,Auditor,DEPT-09,false,2027-02-10T09:14:45Z,\N,2027-04-10T06:36:45Z,\N,1,assert
acme:person:e000259~f84457872898,person,acme,E000259,Vikram Mbatha,Technician,CC-0005,false,2027-02-24T22:56:38Z,\N,2027-04-11T10:07:02Z,\N,1,assert
acme:person:e000254~7b1091f0371a,person,acme,E000254,Zara Baptiste,Architect,CC-0008,false,2027-02-19T13:22:01Z,\N,2027-04-20T12:39:15Z,\N,1,assert
