entity_id,entity_type,organization_id,principal_key,display_name,account_type,is_enabled,last_activity_at,valid_from,valid_to,system_from,system_to,revision,operation
acme:principal:svc-hq-00000~01978ce268bc,principal,acme,svc-hq-00000,service-000000,service,false,2027-04-21T23:10:22Z,2021-01-07T17:42:12Z,2021-02-06T20:01:06Z,2021-01-07T17:42:12Z,\N,1,assert
acme:principal:svc-hq-b1-00001~e7705707b512,principal,acme,svc-hq-b1-00001,service-000001,service,true,2027-04-24T23:37:57Z,2021-01-08T00:49:40Z,2021-02-08T10:00:51Z,2021-01-08T00:49:40Z,\N,1,assert
acme:principal:wl-000011~b76529368c19,principal,acme,wl-000011,workload-000011,workload,true,2027-04-21T03:02:28Z,2021-01-07T09:27:53Z,2021-02-17T22:39:55Z,2021-01-08T07:25:23Z,\N,1,assert
acme:principal:svc-hq-b2-00002~104b273eb686,principal,acme,svc-hq-b2-00002,service-000002,service,true,2027-04-24T07:53:19Z,2021-01-09T05:28:29Z,2021-02-10T15:23:13Z,2021-01-09T05:28:29Z,\N,1,assert
acme:principal:ad-d82747ad-4a1b-4c2d-8e3f-28e17bef0ff3~1dccb39977b4,principal,acme,ad:d82747ad-4a1b-4c2d-8e3f-28e17bef0ff3,person-000003,person,true,2027-04-20T12:28:12Z,2021-01-10T10:58:54Z,2021-02-12T18:43:11Z,2021-01-10T10:58:54Z,\N,1,assert
acme:principal:ad-5b1ca7d3-4a1b-4c2d-8e3f-106c8ceb4d76~c2d45ed3cc2e,principal,acme,ad:5b1ca7d3-4a1b-4c2d-8e3f-106c8ceb4d76,person-000004,person,true,2027-04-20T03:41:04Z,2021-01-11T13:34:04Z,2021-02-14T08:51:22Z,2021-01-11T13:34:04Z,\N,1,assert
acme:principal:svc-remote-00005~30d3c55860f5,principal,acme,svc-remote-00005,service-000005,service,true,2027-04-25T06:48:25Z,2021-01-12T06:34:58Z,2021-02-16T21:52:23Z,2021-01-12T06:34:58Z,\N,1,assert
acme:principal:ad-329649c1-4a1b-4c2d-8e3f-d9dc490b1132~f43ba77d652d,principal,acme,ad:329649c1-4a1b-4c2d-8e3f-d9dc490b1132,person-000096,person,true,2027-04-21T20:09:05Z,2021-01-30T12:22:05Z,2021-06-05T11:23:36Z,2021-01-30T12:22:05Z,\N,1,assert
acme:principal:ad-c2a0a94e-4a1b-4c2d-8e3f-54f2e81bee83~d60ac86c903c,principal,acme,ad:c2a0a94e-4a1b-4c2d-8e3f-54f2e81bee83,person-000036,person,true,2027-04-23T01:08:57Z,2021-02-19T14:42:48Z,2021-04-26T19:39:38Z,2021-02-19T14:42:48Z,\N,1,assert
acme:principal:svc-aws-reg-3-00120~45c27ca7aaa4,principal,acme,svc-aws-reg-3-00120,service-000120,service,true,2027-04-24T07:21:34Z,2021-02-27T15:10:43Z,\N,2021-02-27T15:10:43Z,\N,1,assert
acme:principal:ad-4cca5c22-4a1b-4c2d-8e3f-0f74727022d6~6e5d8f71cfd5,principal,acme,ad:4cca5c22-4a1b-4c2d-8e3f-0f74727022d6,person-000136,person,true,2027-04-20T10:32:16Z,2021-03-11T16:49:03Z,\N,2021-03-12T17:58:44Z,2022-03-04T07:50:12Z,1,assert
acme:principal:wl-000046~4e8da99986d1,principal,acme,wl-000046,workload-000046,workload,true,2027-04-24T09:19:07Z,2021-03-14T22:21:09Z,2021-05-29T01:05:28Z,2021-03-14T22:21:09Z,\N,1,assert
acme:principal:wl-000059~7a181f9a7d31,principal,acme,wl-000059,workload-000059,workload,true,2027-04-25T20:43:45Z,2021-03-17T22:21:11Z,2021-06-14T14:07:16Z,2021-03-18T02:25:30Z,\N,1,assert
acme:principal:wl-000076~48837099739f,principal,acme,wl-000076,workload-000076,workload,true,2027-04-24T12:09:32Z,2021-03-22T14:12:35Z,2021-07-06T16:23:20Z,2021-03-22T14:12:35Z,\N,1,assert
acme:principal:bg-0009~4655f8d3a057,principal,acme,bg-0009,break_glass-000009,break_glass,true,2027-04-23T22:19:58Z,2021-03-28T07:58:13Z,2021-05-06T00:29:35Z,2021-03-29T23:33:19Z,\N,1,assert
acme:principal:svc-hq-b2-f1-00008~23876d48be88,principal,acme,svc-hq-b2-f1-00008,service-000008,service,true,2027-04-23T03:59:10Z,2021-03-31T02:49:54Z,2021-05-08T19:32:48Z,2021-03-31T02:49:54Z,\N,1,assert
acme:principal:svc-remote-office-f2-00051~67eb2f56156c,principal,acme,svc-remote-office-f2-00051,service-000051,service,true,2027-04-24T21:44:08Z,2021-04-09T15:28:19Z,2021-06-29T13:10:39Z,2021-04-09T15:28:19Z,\N,1,assert
acme:principal:svc-hq-dc1-f2-r1-rack02-00033~f3ef5bfccf8c,principal,acme,svc-hq-dc1-f2-r1-rack02-00033,service-000033,service,true,2027-04-24T04:48:35Z,2021-04-14T19:40:40Z,2021-06-16T07:41:42Z,2021-04-14T19:40:40Z,\N,1,assert
acme:principal:ad-465eb6d9-4a1b-4c2d-8e3f-c82646fe4f40~43dbc8366d65,principal,acme,ad:465eb6d9-4a1b-4c2d-8e3f-c82646fe4f40,person-000050,person,true,2027-04-22T22:45:58Z,2021-05-15T14:53:01Z,2021-08-03T23:32:09Z,2021-05-15T14:53:01Z,\N,1,assert
acme:principal:svc-dc2-hall2-rack01-00108~3177d94bb103,principal,acme,svc-dc2-hall2-rack01-00108,service-000108,service,true,2027-04-22T00:32:51Z,2021-05-29T06:57:13Z,\N,2021-05-30T15:45:20Z,\N,1,assert
acme:principal:svc-hq-dc2-00068~d479b6f18449,principal,acme,svc-hq-dc2-00068,service-000068,service,true,2027-04-22T22:06:00Z,2021-06-27T22:58:22Z,2021-10-03T09:26:51Z,2021-06-27T22:58:22Z,\N,1,assert
acme:principal:svc-hq-b2-f2-00073~449e83cc24b7,principal,acme,svc-hq-b2-f2-00073,service-000073,service,true,2027-04-21T22:02:22Z,2021-07-10T19:25:40Z,2021-10-21T19:55:29Z,2021-07-10T19:25:40Z,\N,1,assert
acme:principal:svc-hq-dc1-f1-r1-00020~fee137ec69ed,principal,acme,svc-hq-dc1-f1-r1-00020,service-000020,service,true,2027-04-20T11:42:06Z,2021-08-14T20:06:45Z,2021-10-03T12:18:57Z,2021-08-15T20:37:02Z,\N,1,assert
acme:principal:ad-783c7efd-4a1b-4c2d-8e3f-3a31a55d9779~f617450dc3b8,principal,acme,ad:783c7efd-4a1b-4c2d-8e3f-3a31a55d9779,person-000097,person,true,2027-04-21T13:15:05Z,2021-08-16T09:10:35Z,2021-12-21T14:48:39Z,2021-08-16T09:10:35Z,\N,1,assert
acme:principal:svc-hq-b1-f1-r1-00014~f3e63dc50635,principal,acme,svc-hq-b1-f1-r1-00014,service-000014,service,true,2027-04-22T15:08:18Z,2021-09-03T08:10:30Z,2021-10-17T16:24:38Z,2021-09-04T10:56:50Z,\N,1,assert
acme:principal:wl-000089~e88ca70df23f,principal,acme,wl-000089,workload-000089,workload,true,2027-04-25T20:15:52Z,2021-09-10T16:45:03Z,2022-01-07T14:17:00Z,2021-09-11T15:01:16Z,\N,1,assert
acme:principal:ad-6025eb64-4a1b-4c2d-8e3f-33777912f562~0e17a273a206,principal,acme,ad:6025eb64-4a1b-4c2d-8e3f-33777912f562,person-000061,person,true,2027-04-21T09:52:24Z,2021-09-15T10:13:32Z,2021-12-15T07:05:38Z,2021-09-16T14:28:34Z,\N,1,assert
acme:principal:ad-8b8cebb7-4a1b-4c2d-8e3f-525ae61a94cc~b3c61a7fd9fa,principal,acme,ad:8b8cebb7-4a1b-4c2d-8e3f-525ae61a94cc,person-000019,person,true,2027-04-23T20:10:37Z,2021-12-01T10:46:50Z,2022-01-19T16:08:20Z,2021-12-02T13:47:11Z,\N,1,assert
acme:principal:wl-000104~e95b9fec2728,principal,acme,wl-000104,workload-000104,workload,true,2027-04-25T23:39:08Z,2021-12-03T23:57:14Z,2022-04-16T04:37:42Z,2021-12-04T07:18:02Z,\N,1,assert
acme:principal:svc-hq-dc1-f2-00075~0ac3d9cb8af1,principal,acme,svc-hq-dc1-f2-00075,service-000075,service,true,2027-04-20T04:04:51Z,2021-12-09T14:01:35Z,2022-03-24T11:30:25Z,2021-12-09T14:01:35Z,\N,1,assert
acme:principal:svc-remote-00133~0a0ea0c4879a,principal,acme,svc-remote-00133,service-000133,service,true,2027-04-24T13:44:49Z,2022-01-13T21:05:21Z,\N,2022-01-14T17:07:03Z,\N,1,assert
acme:principal:wl-000034~efd5c34966f1,principal,acme,wl-000034,workload-000034,workload,true,2027-04-21T09:06:54Z,2022-01-30T08:09:52Z,\N,2022-01-31T18:03:42Z,2025-05-26T20:35:18Z,1,assert
acme:principal:wl-000098~2e6146d1fa5f,principal,acme,wl-000098,workload-000098,workload,true,2027-04-23T18:48:18Z,2022-02-01T07:55:26Z,2022-06-09T21:27:13Z,2022-02-02T02:30:30Z,\N,1,assert
acme:principal:ad-a28ee2cb-4a1b-4c2d-8e3f-24cee73c40fc~784a64f0a2b6,principal,acme,ad:a28ee2cb-4a1b-4c2d-8e3f-24cee73c40fc,person-000085,person,true,2027-04-24T03:01:07Z,2022-02-06T02:36:03Z,2022-06-01T02:15:37Z,2022-02-07T14:40:56Z,\N,1,assert
acme:principal:svc-hq-b1-00129~b08a7eb8ca0c,principal,acme,svc-hq-b1-00129,service-000129,service,true,2027-04-20T06:32:35Z,2022-02-09T14:58:37Z,\N,2022-02-09T14:58:37Z,\N,1,assert
acme:principal:wl-000030~dea5f8aedc0a,principal,acme,wl-000030,workload-000030,workload,true,2027-04-21T00:57:21Z,2022-02-19T19:55:00Z,2022-04-20T07:23:43Z,2022-02-19T19:55:00Z,\N,1,assert
acme:principal:ad-4cca5c22-4a1b-4c2d-8e3f-0f74727022d6~6e5d8f71cfd5,principal,acme,ad:4cca5c22-4a1b-4c2d-8e3f-0f74727022d6,person-000136,person,true,2027-04-23T03:49:22Z,2021-03-11T16:49:03Z,\N,2022-03-04T07:50:12Z,\N,2,assert
acme:principal:svc-dc2-hall2-rack01-00044~8691b94274cd,principal,acme,svc-dc2-hall2-rack01-00044,service-000044,service,true,2027-04-24T01:37:42Z,2022-03-20T05:22:03Z,2022-06-02T11:20:03Z,2022-03-21T08:26:52Z,\N,1,assert
acme:principal:wl-000026~819b875d12d2,principal,acme,wl-000026,workload-000026,workload,true,2027-04-24T21:08:23Z,2022-04-22T19:57:39Z,2022-06-17T23:32:39Z,2022-04-23T21:02:02Z,\N,1,assert
acme:principal:wl-000121~d60efc835dbf,principal,acme,wl-000121,workload-000121,workload,true,2027-04-21T12:36:34Z,2022-06-19T03:27:24Z,2022-11-17T04:53:12Z,2022-06-20T21:34:14Z,\N,1,assert
acme:principal:ad-852139ee-4a1b-4c2d-8e3f-14d149c41cd4~f9ac2dd0c2b3,principal,acme,ad:852139ee-4a1b-4c2d-8e3f-14d149c41cd4,person-000111,person,false,2027-04-24T12:51:02Z,2022-08-08T03:36:36Z,\N,2022-08-09T17:57:45Z,\N,1,assert
acme:principal:svc-remote-office-f2-00115~009c38e3f700,principal,acme,svc-remote-office-f2-00115,service-000115,service,true,2027-04-20T03:05:23Z,2022-09-06T02:05:14Z,\N,2022-09-06T02:05:14Z,\N,1,assert
acme:principal:ad-acf1c6e4-4a1b-4c2d-8e3f-0ac1c96e6e1c~332793f9b72f,principal,acme,ad:acf1c6e4-4a1b-4c2d-8e3f-0ac1c96e6e1c,person-000080,person,true,2027-04-22T00:07:38Z,2022-09-30T06:23:41Z,2023-01-18T07:37:18Z,2022-10-01T18:55:31Z,\N,1,assert
acme:principal:svc-hq-dc1-f2-r2-00087~1082c550f8df,principal,acme,svc-hq-dc1-f2-r2-00087,service-000087,service,true,2027-04-21T15:46:19Z,2022-12-21T12:30:00Z,2023-04-17T02:22:01Z,2022-12-21T12:30:00Z,\N,1,assert
acme:principal:svc-hq-dc2-f2-00077~0dcfbb58e69d,principal,acme,svc-hq-dc2-f2-00077,service-000077,service,true,2027-04-22T15:24:49Z,2022-12-23T10:43:17Z,2023-04-09T11:10:56Z,2022-12-23T10:43:17Z,\N,1,assert
acme:principal:ad-d98c18f0-4a1b-4c2d-8e3f-1b3bd7c85929~fe1085106b11,principal,acme,ad:d98c18f0-4a1b-4c2d-8e3f-1b3bd7c85929,person-000079,person,true,2027-04-24T05:01:17Z,2023-01-23T19:35:47Z,2023-05-12T21:03:34Z,2023-01-24T18:57:09Z,\N,1,assert
acme:principal:wl-000082~a3817a31f4bb,principal,acme,wl-000082,workload-000082,workload,true,2027-04-20T22:41:45Z,2023-01-30T06:14:31Z,2023-05-22T21:32:48Z,2023-01-30T06:14:31Z,\N,1,assert
acme:principal:svc-hq-b1-f1-00070~eab000041b11,principal,acme,svc-hq-b1-f1-00070,service-000070,service,true,2027-04-24T14:25:55Z,2023-03-12T11:08:52Z,2023-06-20T02:45:34Z,2023-03-12T11:08:52Z,\N,1,assert
acme:principal:svc-aws-reg-2-00055~64978caf2b37,principal,acme,svc-aws-reg-2-00055,service-000055,service,true,2027-04-23T15:57:31Z,2023-03-14T09:16:36Z,2023-06-07T03:21:35Z,2023-03-14T09:16:36Z,\N,1,assert
acme:principal:ad-50d91b9f-4a1b-4c2d-8e3f-dfffa85a40d7~bb896ce7f6e6,principal,acme,ad:50d91b9f-4a1b-4c2d-8e3f-dfffa85a40d7,person-000084,person,true,2027-04-22T12:23:37Z,2023-03-30T18:31:54Z,2023-07-22T15:48:12Z,2023-03-30T18:31:54Z,\N,1,assert
acme:principal:svc-aws-reg-2-az1-00126~7b3d1ba8487d,principal,acme,svc-aws-reg-2-az1-00126,service-000126,service,true,2027-04-22T04:00:37Z,2023-03-30T08:04:11Z,\N,2023-03-31T12:05:53Z,\N,1,assert
acme:principal:svc-hq-00064~9909373df8b0,principal,acme,svc-hq-00064,service-000064,service,true,2027-04-24T07:13:18Z,2023-04-19T15:56:45Z,2023-07-22T01:38:38Z,2023-04-19T15:56:45Z,\N,1,assert
acme:principal:svc-hq-b1-f1-r1-rack04-00091~d41a7994f6d9,principal,acme,svc-hq-b1-f1-r1-rack04-00091,service-000091,service,true,2027-04-25T06:55:13Z,2023-04-23T18:16:10Z,2023-08-22T16:15:48Z,2023-04-24T18:27:24Z,\N,1,assert
acme:principal:ad-105e46ce-4a1b-4c2d-8e3f-b0d337ef54c4~befaea9ff3d0,principal,acme,ad:105e46ce-4a1b-4c2d-8e3f-b0d337ef54c4,person-000140,person,true,2027-04-22T22:31:55Z,2023-04-24T19:37:47Z,\N,2023-04-24T19:37:47Z,\N,1,assert
acme:principal:svc-hq-b1-f1-r2-00143~49eaedaf7257,principal,acme,svc-hq-b1-f1-r2-00143,service-000143,service,true,2027-04-22T05:45:27Z,2023-05-01T08:59:41Z,\N,2023-05-01T08:59:41Z,\N,1,assert
acme:principal:svc-aws-reg-1-az1-00124~80377816291a,principal,acme,svc-aws-reg-1-az1-00124,service-000124,service,true,2027-04-20T17:50:46Z,2023-06-22T09:52:44Z,\N,2023-06-23T00:28:04Z,\N,1,assert
acme:principal:ad-c8886978-4a1b-4c2d-8e3f-45bc8687fc13~0ad24a0b2bbd,principal,acme,ad:c8886978-4a1b-4c2d-8e3f-45bc8687fc13,person-000038,person,true,2027-04-23T17:30:34Z,2023-06-30T18:44:30Z,2023-09-06T05:02:52Z,2023-06-30T18:44:30Z,\N,1,assert
acme:principal:bg-0159~4686559e08b5,principal,acme,bg-0159,break_glass-000159,break_glass,true,2027-04-22T08:10:02Z,2023-09-12T22:19:02Z,\N,2023-09-13T09:06:19Z,\N,1,assert
acme:principal:svc-hq-dc1-f1-r1-rack02-00157~efc9dbfd81a9,principal,acme,svc-hq-dc1-f1-r1-rack02-00157,service-000157,service,true,2027-04-23T04:53:29Z,2023-10-01T21:32:34Z,\N,2023-10-01T21:32:34Z,\N,1,assert
acme:principal:ad-47c7dabe-4a1b-4c2d-8e3f-84d1c8c493e1~ebf68db88b8e,principal,acme,ad:47c7dabe-4a1b-4c2d-8e3f-84d1c8c493e1,person-000128,person,true,2027-04-21T04:57:41Z,2023-10-04T20:29:29Z,\N,2023-10-05T18:49:08Z,\N,1,assert
acme:principal:ad-06f23028-4a1b-4c2d-8e3f-426969d2ca40~b9c9d770ac75,principal,acme,ad:06f23028-4a1b-4c2d-8e3f-426969d2ca40,person-000072,person,true,2027-04-24T13:09:02Z,2023-10-07T17:02:06Z,2024-01-17T17:30:18Z,2023-10-08T22:31:25Z,\N,1,assert
acme:principal:ad-1438803b-4a1b-4c2d-8e3f-4977f49d5427~9503a614cf8c,principal,acme,ad:1438803b-4a1b-4c2d-8e3f-4977f49d5427,person-000029,person,true,2027-04-25T18:06:33Z,2023-10-08T00:49:10Z,2023-12-06T09:03:30Z,2023-10-09T23:36:14Z,\N,1,assert
acme:principal:ad-52dba911-4a1b-4c2d-8e3f-1fe7dcbbab51~4a1c9e49daee,principal,acme,ad:52dba911-4a1b-4c2d-8e3f-1fe7dcbbab51,person-000069,person,true,2027-04-20T19:50:49Z,2023-10-16T01:31:24Z,2024-01-23T19:26:02Z,2023-10-16T01:31:24Z,\N,1,assert
acme:principal:svc-hq-dc1-f2-r2-00151~ed51e76c9ed2,principal,acme,svc-hq-dc1-f2-r2-00151,service-000151,service,true,2023-10-24T07:53:36Z,2023-10-24T07:53:36Z,\N,2023-10-24T07:53:36Z,\N,1,assert
acme:principal:ad-5ae8a265-4a1b-4c2d-8e3f-40132625330e~2891aaaa4229,principal,acme,ad:5ae8a265-4a1b-4c2d-8e3f-40132625330e,person-000017,person,true,2027-04-21T06:03:29Z,2023-11-03T15:06:11Z,2023-12-20T22:00:41Z,2023-11-04T02:37:40Z,\N,1,assert
acme:principal:ad-d446521f-4a1b-4c2d-8e3f-2311f7ee6be5~2c0ae8076995,principal,acme,ad:d446521f-4a1b-4c2d-8e3f-2311f7ee6be5,person-000117,person,true,2027-04-21T01:27:01Z,2023-11-18T06:18:09Z,\N,2023-11-18T06:18:09Z,\N,1,assert
acme:principal:svc-dc2-hall1-rack02-00106~4933dccc7cfd,principal,acme,svc-dc2-hall1-rack02-00106,service-000106,service,true,2027-04-24T04:20:23Z,2023-12-12T21:54:36Z,\N,2023-12-12T21:54:36Z,\N,1,assert
acme:principal:wl-000045~8fe5230a2bf1,principal,acme,wl-000045,workload-000045,workload,true,2027-04-21T11:51:14Z,2023-12-18T17:56:06Z,2024-03-02T20:20:36Z,2023-12-18T17:56:06Z,\N,1,assert
acme:principal:wl-000066~4e9e196b6884,principal,acme,wl-000066,workload-000066,workload,true,2027-04-21T06:05:20Z,2024-01-02T02:09:29Z,2024-04-07T11:27:20Z,2024-01-02T02:09:29Z,\N,1,assert
acme:principal:wl-000137~6812bc96ff2a,principal,acme,wl-000137,workload-000137,workload,true,2027-04-25T23:33:00Z,2024-01-02T15:32:20Z,\N,2024-01-03T13:54:19Z,\N,1,assert
acme:principal:wl-000092~0dcfee41c174,principal,acme,wl-000092,workload-000092,workload,true,2027-04-20T07:57:16Z,2024-01-04T18:38:18Z,2024-05-05T12:32:23Z,2024-01-05T11:35:05Z,\N,1,assert
acme:principal:wl-000024~57eb303d5b02,principal,acme,wl-000024,workload-000024,workload,true,2027-04-22T09:11:47Z,2024-01-07T19:38:04Z,2024-03-01T07:57:52Z,2024-01-07T19:38:04Z,\N,1,assert
acme:principal:svc-hq-b1-f1-r1-rack03-00154~5be6a5f7cc33,principal,acme,svc-hq-b1-f1-r1-rack03-00154,service-000154,service,true,2027-04-21T10:37:53Z,2024-01-27T06:27:53Z,\N,2024-01-27T06:27:53Z,\N,1,assert
acme:principal:svc-dc2-hall2-rack02-00109~ad83d0db386d,principal,acme,svc-dc2-hall2-rack02-00109,service-000109,service,true,2027-04-20T05:18:41Z,2024-02-14T02:45:29Z,\N,2024-02-14T02:45:29Z,\N,1,assert
acme:principal:svc-remote-office-f2-r1-00116~5b96ae4365b5,principal,acme,svc-remote-office-f2-r1-00116,service-000116,service,true,2027-04-25T23:22:27Z,2024-03-02T02:39:56Z,\N,2024-03-03T08:06:57Z,\N,1,assert
acme:principal:svc-hq-b1-f2-r2-00081~776fe2bbac0a,principal,acme,svc-hq-b1-f2-r2-00081,service-000081,service,true,2024-03-08T03:55:21Z,2024-03-08T03:55:21Z,2024-06-27T23:02:24Z,2024-03-08T03:55:21Z,\N,1,assert
acme:principal:wl-000078~ab6b313a4a84,principal,acme,wl-000078,workload-000078,workload,true,2027-04-23T12:28:00Z,2024-04-05T05:34:03Z,2024-07-22T20:14:23Z,2024-04-05T05:34:03Z,\N,1,assert
acme:principal:ad-0268e708-4a1b-4c2d-8e3f-db290d26f117~550712c68be0,principal,acme,ad:0268e708-4a1b-4c2d-8e3f-db290d26f117,person-000067,person,true,2027-04-22T00:11:22Z,2024-04-17T08:21:08Z,2024-07-23T20:32:24Z,2024-04-18T12:48:04Z,\N,1,assert
acme:principal:wl-000057~3726748acbfe,principal,acme,wl-000057,workload-000057,workload,true,2027-04-23T08:12:48Z,2024-04-19T05:46:57Z,2024-07-15T23:55:41Z,2024-04-20T05:48:20Z,\N,1,assert
acme:principal:svc-hq-dc1-f1-r1-rack03-00094~a55ab59aeda3,principal,acme,svc-hq-dc1-f1-r1-rack03-00094,service-000094,service,true,2027-04-24T19:06:11Z,2024-04-27T06:36:04Z,2024-08-29T14:40:56Z,2024-04-27T06:36:04Z,\N,1,assert
acme:principal:ad-fa2caacf-4a1b-4c2d-8e3f-9852ea602d3a~9beab9e4eef6,principal,acme,ad:fa2caacf-4a1b-4c2d-8e3f-9852ea602d3a,person-000041,person,true,2027-04-20T15:18:25Z,2024-04-27T22:45:33Z,2024-07-07T07:44:54Z,2024-04-27T22:45:33Z,\N,1,assert
acme:principal:wl-000037~6a723a2076e8,principal,acme,wl-000037,workload-000037,workload,false,2027-04-24T01:45:22Z,2024-04-28T15:25:14Z,2024-07-04T10:09:53Z,2024-04-29T21:30:40Z,\N,1,assert
acme:principal:svc-hq-b1-f2-r1-00144~ce5611259cf6,principal,acme,svc-hq-b1-f2-r1-00144,service-000144,service,true,2027-04-22T06:54:16Z,2024-05-01T06:04:24Z,\N,2024-05-01T06:04:24Z,\N,1,assert
acme:principal:ad-91a59cbe-4a1b-4c2d-8e3f-eeb77f8d3fd8~e50cf6dc8010,principal,acme,ad:91a59cbe-4a1b-4c2d-8e3f-eeb77f8d3fd8,person-000152,person,true,2024-05-06T20:07:31Z,2024-05-06T20:07:31Z,\N,2024-05-07T00:00:24Z,2026-10-20T11:39:42Z,1,assert
acme:principal:ad-578f58a2-4a1b-4c2d-8e3f-c046e499b538~d784186d48c7,principal,acme,ad:578f58a2-4a1b-4c2d-8e3f-c046e499b538,person-000060,person,true,2027-04-22T06:58:11Z,2024-05-08T12:46:52Z,2024-08-06T00:43:24Z,2024-05-08T12:46:52Z,\N,1,assert
acme:principal:svc-remote-office-f1-00048~cb8ccb37043c,principal,acme,svc-remote-office-f1-00048,service-000048,service,true,2027-04-20T08:02:55Z,2024-05-31T08:10:41Z,2024-08-17T04:24:46Z,2024-05-31T08:10:41Z,\N,1,assert
acme:principal:ad-388f6b6c-4a1b-4c2d-8e3f-ca6e4c84b692~f8a544b1c190,principal,acme,ad:388f6b6c-4a1b-4c2d-8e3f-ca6e4c84b692,person-000113,person,true,2027-04-20T01:52:19Z,2024-06-02T19:26:20Z,\N,2024-06-03T01:58:47Z,\N,1,assert
acme:principal:wl-000134~d9ef441fe564,principal,acme,wl-000134,workload-000134,workload,true,2027-04-23T08:55:44Z,2024-06-10T09:38:29Z,\N,2024-06-11T08:40:18Z,\N,1,assert
acme:principal:ad-b3742723-4a1b-4c2d-8e3f-5794e18af603~2dec689a8ee9,principal,acme,ad:b3742723-4a1b-4c2d-8e3f-5794e18af603,person-000127,person,true,2027-04-23T03:01:00Z,2024-06-16T09:15:08Z,\N,2024-06-17T03:02:50Z,\N,1,assert
acme:principal:svc-hq-b1-f1-r1-rack04-00027~be464cb8ea4c,principal,acme,svc-hq-b1-f1-r1-rack04-00027,service-000027,service,true,2027-04-22T20:54:39Z,2024-07-06T20:42:08Z,2024-09-01T21:56:27Z,2024-07-06T20:42:08Z,\N,1,assert
acme:principal:ad-5d9b6449-4a1b-4c2d-8e3f-20bb312cbb17~75adbfc74c6d,principal,acme,ad:5d9b6449-4a1b-4c2d-8e3f-20bb312cbb17,person-000122,person,true,2027-04-23T10:46:53Z,2024-07-13T23:09:58Z,\N,2024-07-14T11:22:53Z,\N,1,assert
acme:principal:svc-hq-b1-f2-00007~abb3f7329145,principal,acme,svc-hq-b1-f2-00007,service-000007,service,true,2027-04-21T02:01:19Z,2024-07-28T13:02:53Z,2024-09-03T16:34:56Z,2024-07-28T13:02:53Z,\N,1,assert
acme:principal:svc-hq-dc1-f1-00138~fcc562cc1251,principal,acme,svc-hq-dc1-f1-00138,service-000138,service,true,2027-04-21T12:36:03Z,2024-08-09T10:50:52Z,\N,2024-08-10T01:07:19Z,\N,1,assert
acme:principal:svc-remote-office-00047~fe9516ee2209,principal,acme,svc-remote-office-00047,service-000047,service,true,2027-04-20T06:26:48Z,2024-08-18T07:31:20Z,2024-11-03T20:51:14Z,2024-08-19T06:26:57Z,\N,1,assert
acme:principal:wl-000016~2c303189b68c,principal,acme,wl-000016,workload-000016,workload,true,2027-04-24T19:23:24Z,2024-09-21T09:25:20Z,2024-11-06T14:27:04Z,2024-09-22T00:54:23Z,\N,1,assert
acme:principal:ad-758bb1e3-4a1b-4c2d-8e3f-f9536e07ca08~666ca7e48d7b,principal,acme,ad:758bb1e3-4a1b-4c2d-8e3f-f9536e07ca08,person-000155,person,true,2027-04-25T23:25:20Z,2024-09-30T09:55:20Z,\N,2024-10-01T04:00:14Z,\N,1,assert
acme:principal:ad-e8a4f727-4a1b-4c2d-8e3f-27ef49a8177d~6bb8ec003a1d,principal,acme,ad:e8a4f727-4a1b-4c2d-8e3f-27ef49a8177d,person-000099,person,true,2027-04-21T09:05:51Z,2024-10-12T22:58:49Z,2025-02-18T06:35:01Z,2024-10-13T05:03:39Z,\N,1,assert
acme:principal:svc-aws-reg-6-00123~13cdb724c7f9,principal,acme,svc-aws-reg-6-00123,service-000123,service,true,2027-04-21T20:23:13Z,2024-11-17T17:25:44Z,\N,2024-11-18T21:17:10Z,\N,1,assert
acme:principal:wl-000100~374124a994cd,principal,acme,wl-000100,workload-000100,workload,true,2024-11-27T05:09:24Z,2024-11-27T05:09:24Z,2025-04-06T06:12:19Z,2024-11-28T13:29:14Z,\N,1,assert
acme:principal:wl-000056~212c9b9ec695,principal,acme,wl-000056,workload-000056,workload,true,2027-04-21T10:15:21Z,2024-11-30T13:56:38Z,2025-02-24T08:26:08Z,2024-12-01T10:44:19Z,\N,1,assert
acme:principal:svc-aws-reg-2-00119~cd53453aef6b,principal,acme,svc-aws-reg-2-00119,service-000119,service,true,2027-04-25T06:58:48Z,2025-03-20T20:55:29Z,2025-08-16T01:48:37Z,2025-03-20T20:55:29Z,\N,1,assert
acme:principal:wl-000040~f466e95a895b,principal,acme,wl-000040,workload-000040,workload,true,2027-04-20T00:56:15Z,2025-04-23T02:17:36Z,2025-07-02T14:30:05Z,2025-04-23T02:17:36Z,\N,1,assert
acme:principal:ad-3114e915-4a1b-4c2d-8e3f-2c4cf471f243~c6b6f798f07c,principal,acme,ad:3114e915-4a1b-4c2d-8e3f-2c4cf471f243,person-000130,person,true,2027-04-20T03:17:54Z,2025-05-06T10:45:05Z,\N,2025-05-06T10:45:05Z,\N,1,assert
acme:principal:wl-000095~4ad104d94f11,principal,acme,wl-000095,workload-000095,workload,true,2027-04-23T06:13:52Z,2025-05-10T20:51:46Z,2025-09-12T18:55:33Z,2025-05-11T05:33:07Z,\N,1,assert
acme:principal:wl-000034~efd5c34966f1,principal,acme,wl-000034,workload-000034,workload,true,2027-04-25T14:00:01Z,2022-01-30T08:09:52Z,2022-04-04T14:13:10Z,2025-05-26T20:35:18Z,\N,2,assert
acme:principal:svc-remote-office-f1-00112~9bdc179724ab,principal,acme,svc-remote-office-f1-00112,service-000112,service,true,2027-04-23T20:24:28Z,2025-06-05T11:48:35Z,\N,2025-06-05T11:48:35Z,\N,1,assert
acme:principal:wl-000022~ad5eadfecef5,principal,acme,wl-000022,workload-000022,workload,true,2027-04-25T12:42:15Z,2025-08-17T19:36:19Z,2025-10-08T07:34:42Z,2025-08-18T02:21:36Z,\N,1,assert
acme:principal:svc-dc2-hall2-rack03-00110~43d0f68eb26c,principal,acme,svc-dc2-hall2-rack03-00110,service-000110,service,true,2027-04-20T04:11:39Z,2025-08-23T10:20:30Z,\N,2025-08-23T10:20:30Z,\N,1,assert
acme:principal:svc-dc2-hall1-rack03-00107~aa71bee537a4,principal,acme,svc-dc2-hall1-rack03-00107,service-000107,service,true,2025-09-17T18:09:58Z,2025-09-17T18:09:58Z,\N,2025-09-17T18:09:58Z,\N,1,assert
acme:principal:svc-aws-reg-1-az2-00125~0d7b4f8de662,principal,acme,svc-aws-reg-1-az2-00125,service-000125,service,true,2027-04-20T15:21:30Z,2025-10-12T01:06:05Z,\N,2025-10-12T01:06:05Z,\N,1,assert
acme:principal:svc-hq-dc1-00131~c7450ae9d829,principal,acme,svc-hq-dc1-00131,service-000131,service,true,2027-04-20T02:59:10Z,2025-11-22T03:57:25Z,\N,2025-11-22T03:57:25Z,\N,1,assert
acme:principal:svc-hq-b2-f1-r2-00147~8195d258c014,principal,acme,svc-hq-b2-f1-r2-00147,service-000147,service,true,2027-04-22T01:33:54Z,2025-12-25T21:30:13Z,\N,2025-12-26T05:41:59Z,\N,1,assert
acme:principal:svc-aws-reg-3-az1-00063~2e8fa60ff49c,principal,acme,svc-aws-reg-3-az1-00063,service-000063,service,true,2027-04-25T11:43:52Z,2026-01-03T06:03:08Z,2026-04-06T09:43:36Z,2026-01-04T14:59:20Z,\N,1,assert
acme:principal:svc-hq-b2-f1-r2-00083~808f7642c554,principal,acme,svc-hq-b2-f1-r2-00083,service-000083,service,true,2027-04-25T21:27:05Z,2026-02-02T00:33:38Z,2026-05-26T21:48:19Z,2026-02-02T00:33:38Z,\N,1,assert
acme:principal:wl-000013~0f0ed5847f55,principal,acme,wl-000013,workload-000013,workload,true,2027-04-22T09:07:26Z,2026-02-09T13:24:56Z,2026-03-24T04:52:29Z,2026-02-10T21:53:57Z,\N,1,assert
acme:principal:svc-hq-b1-f1-00006~197e9b71f691,principal,acme,svc-hq-b1-f1-00006,service-000006,service,true,2027-04-21T20:43:19Z,2026-02-20T06:32:56Z,2026-03-28T16:46:07Z,2026-02-21T11:13:58Z,\N,1,assert
acme:principal:svc-hq-b2-f1-r1-00018~d09592c3b23a,principal,acme,svc-hq-b2-f1-r1-00018,service-000018,service,true,2026-02-22T04:14:29Z,2026-02-22T04:14:29Z,2026-04-11T16:07:27Z,2026-02-22T04:14:29Z,\N,1,assert
acme:principal:ad-1ffbce61-4a1b-4c2d-8e3f-b32ffec8029b~2f95fa480efc,principal,acme,ad:1ffbce61-4a1b-4c2d-8e3f-b32ffec8029b,person-000023,person,true,2027-04-20T06:10:53Z,2026-02-24T12:22:55Z,2026-04-18T03:18:21Z,2026-02-25T01:26:21Z,\N,1,assert
acme:principal:wl-000103~d23a73f1befc,principal,acme,wl-000103,workload-000103,workload,true,2027-04-25T11:27:16Z,2026-03-03T12:07:17Z,2026-07-14T21:26:39Z,2026-03-03T12:07:17Z,\N,1,assert
acme:principal:svc-hq-dc1-f1-00074~28505b0cfb68,principal,acme,svc-hq-dc1-f1-00074,service-000074,service,false,2027-04-21T20:45:09Z,2026-03-12T04:24:08Z,2026-06-24T05:42:10Z,2026-03-13T03:00:30Z,\N,1,assert
acme:principal:wl-000150~b32d66f5f549,principal,acme,wl-000150,workload-000150,workload,true,2027-04-22T06:37:49Z,2026-03-22T00:05:36Z,\N,2026-03-22T00:05:36Z,2026-12-09T00:12:52Z,1,assert
acme:principal:svc-hq-dc1-f1-r2-00149~adb4511f23d8,principal,acme,svc-hq-dc1-f1-r2-00149,service-000149,service,true,2027-04-20T12:20:31Z,2026-04-15T06:47:03Z,\N,2026-04-16T21:27:34Z,\N,1,assert
acme:principal:wl-000021~77b02afdbbf2,principal,acme,wl-000021,workload-000021,workload,true,2027-04-21T04:02:00Z,2026-05-04T02:24:01Z,2026-06-24T12:35:51Z,2026-05-04T02:24:01Z,\N,1,assert
acme:principal:ad-4c378159-4a1b-4c2d-8e3f-09c7d07fb8ae~dabb607bc1c4,principal,acme,ad:4c378159-4a1b-4c2d-8e3f-09c7d07fb8ae,person-000065,person,true,2027-04-24T19:07:59Z,2026-05-26T01:35:53Z,2026-08-29T12:10:51Z,2026-05-27T07:31:23Z,\N,1,assert
acme:principal:wl-000141~ed8c9626ca9d,principal,acme,wl-000141,workload-000141,workload,true,2027-04-25T10:31:21Z,2026-06-06T15:36:56Z,\N,2026-06-06T15:36:56Z,\N,1,assert
acme:principal:ad-6fcf8a0d-4a1b-4c2d-8e3f-e6d823c52945~54a7d9819fd7,principal,acme,ad:6fcf8a0d-4a1b-4c2d-8e3f-e6d823c52945,person-000146,person,true,2027-04-21T21:40:52Z,2026-06-08T18:37:00Z,\N,2026-06-08T18:37:00Z,\N,1,assert
acme:principal:svc-remote-office-f1-r2-00114~1fbd7f9f86af,principal,acme,svc-remote-office-f1-r2-00114,service-000114,service,true,2027-04-21T09:53:56Z,2026-06-11T13:05:37Z,\N,2026-06-11T13:05:37Z,\N,1,assert
acme:principal:svc-hq-b1-f2-00135~1b28181c987a,principal,acme,svc-hq-b1-f2-00135,service-000135,service,true,2027-04-23T06:40:43Z,2026-06-13T23:22:26Z,\N,2026-06-13T23:22:26Z,\N,1,assert
acme:principal:svc-hq-b1-f1-r1-rack01-00088~22bb8ae4475c,principal,acme,svc-hq-b1-f1-r1-rack01-00088,service-000088,service,true,2027-04-25T23:01:36Z,2026-06-19T07:57:24Z,2026-10-15T12:16:41Z,2026-06-19T07:57:24Z,\N,1,assert
acme:principal:svc-hq-dc1-f2-r1-00086~7232c458e8c2,principal,acme,svc-hq-dc1-f2-r1-00086,service-000086,service,true,2027-04-25T14:51:37Z,2026-06-25T13:01:02Z,2026-10-19T09:53:41Z,2026-06-25T13:01:02Z,\N,1,assert
acme:principal:ad-a310b03f-4a1b-4c2d-8e3f-93aca092fe72~aa8f627c3b27,principal,acme,ad:a310b03f-4a1b-4c2d-8e3f-93aca092fe72,person-000158,person,true,2027-04-25T04:32:44Z,2026-07-09T14:40:12Z,\N,2026-07-10T03:20:05Z,\N,1,assert
acme:principal:svc-hq-dc2-f1-00012~da7028963d7c,principal,acme,svc-hq-dc2-f1-00012,service-000012,service,true,2027-04-22T20:42:59Z,2026-07-10T12:41:16Z,2026-08-21T17:08:34Z,2026-07-11T15:45:31Z,\N,1,assert
acme:principal:svc-dc2-hall1-rack01-00105~2a1f7ac11f85,principal,acme,svc-dc2-hall1-rack01-00105,service-000105,service,true,2027-04-24T07:33:58Z,2026-07-12T13:49:38Z,\N,2026-07-13T07:22:41Z,\N,1,assert
acme:principal:wl-000054~0e52a2deafb3,principal,acme,wl-000054,workload-000054,workload,true,2027-04-25T19:46:33Z,2026-07-16T03:52:37Z,2026-10-08T21:01:08Z,2026-07-17T06:46:43Z,\N,1,assert
acme:principal:svc-dc2-hall1-rack03-00043~493a3d271cee,principal,acme,svc-dc2-hall1-rack03-00043,service-000043,service,true,2027-04-21T03:45:39Z,2026-07-18T01:38:46Z,2026-09-29T16:15:29Z,2026-07-18T01:38:46Z,\N,1,assert
acme:principal:svc-hq-b1-f1-r2-00015~b09c91d58066,principal,acme,svc-hq-b1-f1-r2-00015,service-000015,service,true,2027-04-24T11:36:25Z,2026-07-23T06:17:48Z,2026-09-06T08:49:50Z,2026-07-23T06:17:48Z,\N,1,assert
acme:principal:svc-hq-b1-f1-r1-rack03-00090~6b9c2fb1dc7a,principal,acme,svc-hq-b1-f1-r1-rack03-00090,service-000090,service,true,2027-04-24T01:03:54Z,2026-08-06T23:36:56Z,2026-12-04T03:54:50Z,2026-08-06T23:36:56Z,\N,1,assert
acme:principal:svc-hq-dc1-f1-r1-rack01-00028~794b35a9aaa7,principal,acme,svc-hq-dc1-f1-r1-rack01-00028,service-000028,service,true,2027-04-21T20:41:17Z,2026-08-14T01:01:05Z,2026-10-11T21:56:14Z,2026-08-15T12:53:29Z,\N,1,assert
acme:principal:ad-8d25548c-4a1b-4c2d-8e3f-d7fec6053cf7~670da8d1fb47,principal,acme,ad:8d25548c-4a1b-4c2d-8e3f-d7fec6053cf7,person-000052,person,true,2027-04-21T16:08:49Z,2026-08-25T06:49:34Z,2026-11-15T08:21:37Z,2026-08-25T06:49:34Z,\N,1,assert
acme:principal:ad-93c4f7c3-4a1b-4c2d-8e3f-1c63a2e6cd0f~b18743472572,principal,acme,ad:93c4f7c3-4a1b-4c2d-8e3f-1c63a2e6cd0f,person-000148,person,false,2027-04-22T03:02:19Z,2026-08-26T00:51:46Z,\N,2026-08-27T02:26:55Z,\N,1,assert
acme:principal:svc-hq-b1-f1-r1-rack02-00025~bd0ea6c7c669,principal,acme,svc-hq-b1-f1-r1-rack02-00025,service-000025,service,true,2026-09-08T03:31:27Z,2026-09-08T03:31:27Z,2026-11-02T08:21:43Z,2026-09-08T03:31:27Z,\N,1,assert
acme:principal:ad-75cda70d-4a1b-4c2d-8e3f-73b528740f0f~96f8f5cd8447,principal,acme,ad:75cda70d-4a1b-4c2d-8e3f-73b528740f0f,person-000035,person,true,2027-04-25T15:39:41Z,2026-09-16T04:29:20Z,2026-11-20T12:50:34Z,2026-09-17T22:38:03Z,\N,1,assert
acme:principal:wl-000032~9661188be2b8,principal,acme,wl-000032,workload-000032,workload,true,2027-04-25T10:28:34Z,2026-09-20T01:47:10Z,2026-11-21T23:59:33Z,2026-09-21T04:46:04Z,\N,1,assert
acme:principal:svc-hq-dc1-f1-r1-rack02-00093~0dcde4c8ed72,principal,acme,svc-hq-dc1-f1-r1-rack02-00093,service-000093,service,true,2027-04-21T18:59:51Z,2026-09-24T19:52:47Z,2027-01-25T18:32:55Z,2026-09-25T05:01:27Z,\N,1,assert
acme:principal:ad-ce4e1825-4a1b-4c2d-8e3f-a1de390f1734~6b5789ece163,principal,acme,ad:ce4e1825-4a1b-4c2d-8e3f-a1de390f1734,person-000153,person,true,2026-10-14T18:48:46Z,2026-10-14T18:48:46Z,\N,2026-10-14T18:48:46Z,\N,1,assert
acme:principal:svc-hq-b2-00002~104b273eb686,principal,acme,\N,\N,\N,\N,\N,2021-02-10T15:23:13Z,\N,2026-10-17T00:44:35Z,\N,2,retract
acme:principal:svc-hq-00000~01978ce268bc,principal,acme,\N,\N,\N,\N,\N,2021-02-06T20:01:06Z,\N,2026-10-17T08:57:48Z,\N,2,retract
acme:principal:svc-hq-b1-00001~e7705707b512,principal,acme,\N,\N,\N,\N,\N,2021-02-08T10:00:51Z,\N,2026-10-17T11:50:34Z,\N,2,retract
acme:principal:svc-hq-dc1-f2-r1-rack02-00417~decb2604d69b,principal,acme,svc-hq-dc1-f2-r1-rack02-00417,service-000417,service,true,2027-04-24T08:45:27Z,2026-10-17T15:51:07Z,\N,2026-10-17T15:51:07Z,\N,1,assert
acme:principal:wl-000418~ff1a5d227339,principal,acme,wl-000418,workload-000418,workload,true,2027-04-21T23:58:53Z,2026-10-17T04:11:47Z,\N,2026-10-17T04:11:47Z,\N,1,assert
acme:principal:svc-hq-dc1-f2-r1-rack04-00419~e43ed54d6ed4,principal,acme,svc-hq-dc1-f2-r1-rack04-00419,service-000419,service,true,2027-04-25T01:08:03Z,2026-10-17T08:20:33Z,\N,2026-10-17T08:20:33Z,\N,1,assert
acme:principal:svc-hq-dc1-f1-r1-rack04-00415~085f61b35a16,principal,acme,svc-hq-dc1-f1-r1-rack04-00415,service-000415,service,true,2027-04-21T19:16:13Z,2026-10-18T03:47:04Z,\N,2026-10-18T03:47:04Z,\N,1,assert
acme:principal:ad-d82747ad-4a1b-4c2d-8e3f-28e17bef0ff3~1dccb39977b4,principal,acme,\N,\N,\N,\N,\N,2021-02-12T18:43:11Z,\N,2026-10-18T14:47:17Z,\N,2,retract
acme:principal:ad-5b1ca7d3-4a1b-4c2d-8e3f-106c8ceb4d76~c2d45ed3cc2e,principal,acme,\N,\N,\N,\N,\N,2021-02-14T08:51:22Z,\N,2026-10-18T19:14:51Z,\N,2,retract
acme:principal:wl-000416~be85e76dece2,principal,acme,wl-000416,workload-000416,workload,true,2027-04-21T06:06:46Z,2026-10-18T23:26:42Z,\N,2026-10-18T23:26:42Z,\N,1,assert
acme:principal:svc-hq-b1-f1-00006~197e9b71f691,principal,acme,\N,\N,\N,\N,\N,2026-03-28T16:46:07Z,\N,2026-10-19T08:59:15Z,\N,2,retract
acme:principal:svc-remote-00005~30d3c55860f5,principal,acme,\N,\N,\N,\N,\N,2021-02-16T21:52:23Z,\N,2026-10-19T09:10:54Z,\N,2,retract
acme:principal:svc-hq-dc1-f1-r1-rack02-00413~b2fd7ebad8d1,principal,acme,svc-hq-dc1-f1-r1-rack02-00413,service-000413,service,true,2027-04-22T05:28:10Z,2026-10-19T12:41:48Z,\N,2026-10-19T12:41:48Z,\N,1,assert
acme:principal:svc-hq-dc1-f1-r1-rack03-00414~69c42fd65b3e,principal,acme,svc-hq-dc1-f1-r1-rack03-00414,service-000414,service,true,2027-04-20T19:52:34Z,2026-10-19T13:53:25Z,\N,2026-10-19T13:53:25Z,\N,1,assert
acme:principal:ad-91a59cbe-4a1b-4c2d-8e3f-eeb77f8d3fd8~e50cf6dc8010,principal,acme,ad:91a59cbe-4a1b-4c2d-8e3f-eeb77f8d3fd8,person-000152,person,true,2027-04-22T19:20:06Z,2024-05-06T20:07:31Z,\N,2026-10-20T11:39:42Z,\N,2,assert
acme:principal:bg-0009~4655f8d3a057,principal,acme,\N,\N,\N,\N,\N,2021-05-06T00:29:35Z,\N,2026-10-20T14:30:05Z,\N,2,retract
acme:principal:svc-hq-b1-f2-00007~abb3f7329145,principal,acme,\N,\N,\N,\N,\N,2024-09-03T16:34:56Z,\N,2026-10-20T22:42:06Z,\N,2,retract
acme:principal:svc-hq-b2-f1-00008~23876d48be88,principal,acme,\N,\N,\N,\N,\N,2021-05-08T19:32:48Z,\N,2026-10-20T22:43:41Z,\N,2,retract
acme:principal:svc-hq-b1-f1-r1-rack03-00410~5b5ceade0607,principal,acme,svc-hq-b1-f1-r1-rack03-00410,service-000410,service,true,2027-04-21T12:28:57Z,2026-10-20T23:37:41Z,\N,2026-10-20T23:37:41Z,\N,1,assert
acme:principal:svc-hq-b1-f1-r1-rack04-00411~9f07115df83c,principal,acme,svc-hq-b1-f1-r1-rack04-00411,service-000411,service,true,2027-04-24T03:20:12Z,2026-10-20T20:39:43Z,\N,2026-10-20T20:39:43Z,\N,1,assert
acme:principal:wl-000412~af90ae34af63,principal,acme,wl-000412,workload-000412,workload,true,2027-04-21T08:38:57Z,2026-10-20T08:49:21Z,\N,2026-10-20T08:49:21Z,\N,1,assert
acme:principal:ad-0adc837d-4a1b-4c2d-8e3f-5b825b539038~b510d5d52226,principal,acme,ad:0adc837d-4a1b-4c2d-8e3f-5b825b539038,person-000408,person,true,2027-04-22T19:13:59Z,2026-10-21T07:59:13Z,\N,2026-10-21T07:59:13Z,\N,1,assert
acme:principal:wl-000409~e4544adab1fc,principal,acme,wl-000409,workload-000409,workload,true,2026-10-21T12:27:12Z,2026-10-21T12:27:12Z,\N,2026-10-21T12:27:12Z,\N,1,assert
acme:principal:wl-000011~b76529368c19,principal,acme,\N,\N,\N,\N,\N,2021-02-17T22:39:55Z,\N,2026-10-21T17:42:51Z,\N,2,retract
acme:principal:svc-hq-dc1-f2-r1-00406~c3882a17c91b,principal,acme,svc-hq-dc1-f2-r1-00406,service-000406,service,true,2027-04-21T20:56:56Z,2026-10-22T01:09:18Z,\N,2026-10-22T01:09:18Z,\N,1,assert
acme:principal:ad-fb1876b0-4a1b-4c2d-8e3f-dbddbd2d33ff~0a56e09521ae,principal,acme,ad:fb1876b0-4a1b-4c2d-8e3f-dbddbd2d33ff,person-000407,person,false,2027-04-20T11:04:02Z,2026-10-22T02:09:31Z,\N,2026-10-22T02:09:31Z,\N,1,assert
acme:principal:wl-000013~0f0ed5847f55,principal,acme,\N,\N,\N,\N,\N,2026-03-24T04:52:29Z,\N,2026-10-22T06:00:28Z,\N,2,retract
acme:principal:svc-hq-dc2-f1-00012~da7028963d7c,principal,acme,\N,\N,\N,\N,\N,2026-08-21T17:08:34Z,\N,2026-10-22T06:58:15Z,\N,2,retract
acme:principal:svc-hq-b2-f1-r2-00403~5a23e907c8e4,principal,acme,svc-hq-b2-f1-r2-00403,service-000403,service,true,2027-04-23T23:13:48Z,2026-10-23T03:24:44Z,\N,2026-10-23T03:24:44Z,\N,1,assert
acme:principal:svc-hq-dc1-f1-r1-00404~f71b066e49d3,principal,acme,svc-hq-dc1-f1-r1-00404,service-000404,service,true,2027-04-23T13:28:22Z,2026-10-23T12:46:15Z,\N,2026-10-23T12:46:15Z,\N,1,assert
acme:principal:bg-0405~4a66f75de2dd,principal,acme,bg-0405,break_glass-000405,break_glass,true,2027-04-22T22:40:11Z,2026-10-23T12:13:12Z,\N,2026-10-23T12:13:12Z,\N,1,assert
acme:principal:svc-hq-b1-f1-r2-00015~b09c91d58066,principal,acme,\N,\N,\N,\N,\N,2026-09-06T08:49:50Z,\N,2026-10-23T16:27:09Z,\N,2,retract
acme:principal:wl-000016~2c303189b68c,principal,acme,\N,\N,\N,\N,\N,2024-11-06T14:27:04Z,\N,2026-10-23T19:00:01Z,\N,2,retract
acme:principal:svc-hq-b1-f1-r1-00014~f3e63dc50635,principal,acme,\N,\N,\N,\N,\N,2021-10-17T16:24:38Z,\N,2026-10-23T21:09:42Z,\N,2,retract
acme:principal:ad-048425b3-4a1b-4c2d-8e3f-a26f4bc2338d~12d0bbf02fe0,principal,acme,ad:048425b3-4a1b-4c2d-8e3f-a26f4bc2338d,person-000401,person,true,2027-04-25T09:19:35Z,2026-10-24T02:13:09Z,\N,2026-10-24T02:13:09Z,\N,1,assert
acme:principal:ad-5ae8a265-4a1b-4c2d-8e3f-40132625330e~2891aaaa4229,principal,acme,\N,\N,\N,\N,\N,2023-12-20T22:00:41Z,\N,2026-10-24T05:58:06Z,\N,2,retract
acme:principal:svc-hq-b2-f1-r1-00018~d09592c3b23a,principal,acme,\N,\N,\N,\N,\N,2026-04-11T16:07:27Z,\N,2026-10-24T07:27:03Z,\N,2,retract
acme:principal:ad-7da84124-4a1b-4c2d-8e3f-b2c466b31b06~587ff6b368b6,principal,acme,ad:7da84124-4a1b-4c2d-8e3f-b2c466b31b06,person-000402,person,true,2026-10-24T17:09:37Z,2026-10-24T17:09:37Z,\N,2026-10-24T17:09:37Z,\N,1,assert
acme:principal:ad-8b8cebb7-4a1b-4c2d-8e3f-525ae61a94cc~b3c61a7fd9fa,principal,acme,\N,\N,\N,\N,\N,2022-01-19T16:08:20Z,\N,2026-10-25T06:48:20Z,\N,2,retract
acme:principal:svc-hq-dc1-f1-r1-00020~fee137ec69ed,principal,acme,\N,\N,\N,\N,\N,2021-10-03T12:18:57Z,\N,2026-10-25T16:44:59Z,\N,2,retract
acme:principal:wl-000399~1edf21791481,principal,acme,wl-000399,workload-000399,workload,true,2027-04-22T20:02:09Z,2026-10-25T22:36:19Z,\N,2026-10-25T22:36:19Z,\N,1,assert
acme:principal:svc-hq-b1-f2-r1-00400~bc5621650df0,principal,acme,svc-hq-b1-f2-r1-00400,service-000400,service,true,2027-04-25T12:43:09Z,2026-10-25T16:34:06Z,\N,2026-10-25T16:34:06Z,\N,1,assert
acme:principal:wl-000396~53c250ecad53,principal,acme,wl-000396,workload-000396,workload,true,2027-04-20T01:47:44Z,2026-10-26T10:04:32Z,\N,2026-10-26T10:04:32Z,\N,1,assert
acme:principal:wl-000021~77b02afdbbf2,principal,acme,\N,\N,\N,\N,\N,2026-06-24T12:35:51Z,\N,2026-10-26T15:57:07Z,\N,2,retract
acme:principal:wl-000022~ad5eadfecef5,principal,acme,\N,\N,\N,\N,\N,2025-10-08T07:34:42Z,\N,2026-10-26T17:20:38Z,\N,2,retract
acme:principal:svc-hq-dc2-f2-00397~9b749c54b5e5,principal,acme,svc-hq-dc2-f2-00397,service-000397,service,true,2027-04-22T02:37:48Z,2026-10-26T22:43:44Z,\N,2026-10-26T22:43:44Z,\N,1,assert
acme:principal:svc-hq-b1-f1-r1-00398~247ec734c52a,principal,acme,svc-hq-b1-f1-r1-00398,service-000398,service,true,2027-04-25T05:15:10Z,2026-10-26T01:48:53Z,\N,2026-10-26T01:48:53Z,\N,1,assert
acme:principal:ad-1ffbce61-4a1b-4c2d-8e3f-b32ffec8029b~2f95fa480efc,principal,acme,\N,\N,\N,\N,\N,2026-04-18T03:18:21Z,\N,2026-10-26T23:44:45Z,\N,2,retract
acme:principal:svc-hq-dc1-f1-00394~36720df324ae,principal,acme,svc-hq-dc1-f1-00394,service-000394,service,true,2027-04-24T21:15:08Z,2026-10-27T04:46:40Z,\N,2026-10-27T04:46:40Z,\N,1,assert
acme:principal:wl-000024~57eb303d5b02,principal,acme,\N,\N,\N,\N,\N,2024-03-01T07:57:52Z,\N,2026-10-27T07:14:35Z,\N,2,retract
acme:principal:wl-000395~e04f6eee29c8,principal,acme,wl-000395,workload-000395,workload,true,2027-04-21T04:42:51Z,2026-10-27T11:39:14Z,\N,2026-10-27T11:39:14Z,\N,1,assert
acme:principal:svc-hq-b1-f1-r1-rack02-00025~bd0ea6c7c669,principal,acme,\N,\N,\N,\N,\N,2026-11-02T08:21:43Z,\N,2026-10-27T16:48:12Z,\N,2,retract
acme:principal:wl-000026~819b875d12d2,principal,acme,\N,\N,\N,\N,\N,2022-06-17T23:32:39Z,\N,2026-10-28T02:55:21Z,\N,2,retract
acme:principal:svc-hq-b1-f1-r1-rack04-00027~be464cb8ea4c,principal,acme,\N,\N,\N,\N,\N,2024-09-01T21:56:27Z,\N,2026-10-28T03:02:23Z,\N,2,retract
acme:principal:wl-000156~6a27b2fc0294,principal,acme,wl-000156,workload-000156,workload,true,2027-04-20T21:06:45Z,2026-10-27T22:42:35Z,\N,2026-10-28T06:45:43Z,\N,1,assert
acme:principal:wl-000392~7c41b8759d74,principal,acme,wl-000392,workload-000392,workload,true,2027-04-21T11:36:06Z,2026-10-28T11:49:00Z,\N,2026-10-28T11:49:00Z,\N,1,assert
acme:principal:ad-2d374737-4a1b-4c2d-8e3f-409b0cffb9e2~8e14c56df41d,principal,acme,ad:2d374737-4a1b-4c2d-8e3f-409b0cffb9e2,person-000393,person,true,2026-10-28T10:55:58Z,2026-10-28T10:55:58Z,\N,2026-10-28T10:55:58Z,\N,1,assert
acme:principal:wl-000389~ce55ac8aeb9a,principal,acme,wl-000389,workload-000389,workload,true,2027-04-22T19:21:43Z,2026-10-29T10:04:58Z,\N,2026-10-29T10:04:58Z,\N,1,assert
acme:principal:wl-000030~dea5f8aedc0a,principal,acme,\N,\N,\N,\N,\N,2022-04-20T07:23:43Z,\N,2026-10-29T17:09:34Z,\N,2,retract
acme:principal:svc-hq-dc1-f1-r1-rack01-00028~794b35a9aaa7,principal,acme,\N,\N,\N,\N,\N,2026-10-11T21:56:14Z,\N,2026-10-29T19:09:39Z,\N,2,retract
acme:principal:svc-hq-b1-f1-00390~7014d7f9077a,principal,acme,svc-hq-b1-f1-00390,service-000390,service,true,2027-04-24T18:47:51Z,2026-10-29T20:44:20Z,\N,2026-10-29T20:44:20Z,\N,1,assert
acme:principal:svc-hq-b1-f2-00391~6dde6ee4cbd5,principal,acme,svc-hq-b1-f2-00391,service-000391,service,true,2027-04-25T06:22:36Z,2026-10-29T07:18:44Z,\N,2026-10-29T07:18:44Z,\N,1,assert
acme:principal:ad-1438803b-4a1b-4c2d-8e3f-4977f49d5427~9503a614cf8c,principal,acme,\N,\N,\N,\N,\N,2023-12-06T09:03:30Z,\N,2026-10-29T23:27:54Z,\N,2,retract
acme:principal:wl-000032~9661188be2b8,principal,acme,\N,\N,\N,\N,\N,2026-11-21T23:59:33Z,\N,2026-10-30T02:15:38Z,\N,2,retract
acme:principal:ad-7a44df22-4a1b-4c2d-8e3f-38c2677b11bf~28151b9c7a27,principal,acme,ad:7a44df22-4a1b-4c2d-8e3f-38c2677b11bf,person-000387,person,true,2027-04-24T11:18:07Z,2026-10-30T20:31:11Z,\N,2026-10-30T20:31:11Z,\N,1,assert
acme:principal:svc-hq-dc2-00388~5ab15819ba9f,principal,acme,svc-hq-dc2-00388,service-000388,service,true,2027-04-21T14:48:12Z,2026-10-30T23:11:32Z,\N,2026-10-30T23:11:32Z,\N,1,assert
acme:principal:svc-hq-b1-00385~d55ceee45e3e,principal,acme,svc-hq-b1-00385,service-000385,service,true,2026-10-31T00:59:51Z,2026-10-31T00:59:51Z,\N,2026-10-31T00:59:51Z,\N,1,assert
acme:principal:svc-hq-dc1-f2-r1-rack02-00033~f3ef5bfccf8c,principal,acme,\N,\N,\N,\N,\N,2021-06-16T07:41:42Z,\N,2026-10-31T01:36:34Z,\N,2,retract
acme:principal:ad-c66272ef-4a1b-4c2d-8e3f-10b91824234d~8e7b2796ad44,principal,acme,ad:c66272ef-4a1b-4c2d-8e3f-10b91824234d,person-000386,person,true,2027-04-24T21:00:19Z,2026-10-31T08:28:25Z,\N,2026-10-31T08:28:25Z,\N,1,assert
acme:principal:wl-000121~d60efc835dbf,principal,acme,\N,\N,\N,\N,\N,2022-11-17T04:53:12Z,\N,2026-10-31T09:40:58Z,\N,2,retract
acme:principal:wl-000034~efd5c34966f1,principal,acme,\N,\N,\N,\N,\N,2022-04-04T14:13:10Z,\N,2026-10-31T23:30:03Z,\N,3,retract
acme:principal:ad-c2a0a94e-4a1b-4c2d-8e3f-54f2e81bee83~d60ac86c903c,principal,acme,\N,\N,\N,\N,\N,2021-04-26T19:39:38Z,\N,2026-11-01T00:08:38Z,\N,2,retract
acme:principal:wl-000037~6a723a2076e8,principal,acme,\N,\N,\N,\N,\N,2024-07-04T10:09:53Z,\N,2026-11-01T03:08:04Z,\N,2,retract
acme:principal:svc-aws-reg-2-az1-00382~a9de81faf058,principal,acme,svc-aws-reg-2-az1-00382,service-000382,service,true,2027-04-22T00:53:48Z,2026-11-01T20:56:11Z,\N,2026-11-01T20:56:11Z,\N,1,assert
acme:principal:ad-283c909d-4a1b-4c2d-8e3f-938dd3d4fa62~5b879898c171,principal,acme,ad:283c909d-4a1b-4c2d-8e3f-938dd3d4fa62,person-000383,person,true,2027-04-22T20:12:47Z,2026-11-01T12:23:32Z,\N,2026-11-01T12:23:32Z,\N,1,assert
acme:principal:svc-hq-00384~5217872b68bf,principal,acme,svc-hq-00384,service-000384,service,true,2027-04-25T05:26:38Z,2026-11-01T05:15:29Z,\N,2026-11-01T05:15:29Z,\N,1,assert
acme:principal:ad-75cda70d-4a1b-4c2d-8e3f-73b528740f0f~96f8f5cd8447,principal,acme,\N,\N,\N,\N,\N,2026-11-20T12:50:34Z,\N,2026-11-01T22:49:57Z,\N,2,retract
acme:principal:ad-022ea2f1-4a1b-4c2d-8e3f-16f337c268c9~1bb2c61ff242,principal,acme,ad:022ea2f1-4a1b-4c2d-8e3f-16f337c268c9,person-000380,person,true,2027-04-20T23:31:16Z,2026-11-02T09:02:54Z,\N,2026-11-02T09:02:54Z,\N,1,assert
acme:principal:svc-aws-reg-1-az2-00381~4e8cc591662e,principal,acme,svc-aws-reg-1-az2-00381,service-000381,service,true,2027-04-25T18:35:50Z,2026-11-02T03:34:11Z,\N,2026-11-02T03:34:11Z,\N,1,assert
acme:principal:ad-c8886978-4a1b-4c2d-8e3f-45bc8687fc13~0ad24a0b2bbd,principal,acme,\N,\N,\N,\N,\N,2023-09-06T05:02:52Z,\N,2026-11-02T22:59:27Z,\N,2,retract
acme:principal:wl-000040~f466e95a895b,principal,acme,\N,\N,\N,\N,\N,2025-07-02T14:30:05Z,\N,2026-11-03T03:04:20Z,\N,2,retract
acme:principal:ad-fa2caacf-4a1b-4c2d-8e3f-9852ea602d3a~9beab9e4eef6,principal,acme,\N,\N,\N,\N,\N,2024-07-07T07:44:54Z,\N,2026-11-03T12:46:41Z,\N,2,retract
acme:principal:wl-000378~653c74d61217,principal,acme,wl-000378,workload-000378,workload,true,2027-04-22T02:05:45Z,2026-11-03T19:55:06Z,\N,2026-11-03T19:55:06Z,\N,1,assert
acme:principal:ad-ec944dbc-4a1b-4c2d-8e3f-44afa9a425b2~7013c11ea8d0,principal,acme,ad:ec944dbc-4a1b-4c2d-8e3f-44afa9a425b2,person-000379,person,true,2027-04-24T12:06:46Z,2026-11-03T11:18:01Z,\N,2026-11-03T11:18:01Z,\N,1,assert
acme:principal:svc-dc2-hall2-rack01-00044~8691b94274cd,principal,acme,\N,\N,\N,\N,\N,2022-06-02T11:20:03Z,\N,2026-11-04T04:33:02Z,\N,2,retract
acme:principal:wl-000375~782730fcbf26,principal,acme,wl-000375,workload-000375,workload,true,2027-04-22T00:53:53Z,2026-11-04T07:25:09Z,\N,2026-11-04T07:25:09Z,\N,1,assert
acme:principal:svc-dc2-hall1-rack03-00043~493a3d271cee,principal,acme,\N,\N,\N,\N,\N,2026-09-29T16:15:29Z,\N,2026-11-04T11:47:56Z,\N,2,retract
acme:principal:wl-000376~4c8b4ffd5d2a,principal,acme,wl-000376,workload-000376,workload,true,2027-04-25T17:44:21Z,2026-11-04T15:29:35Z,\N,2026-11-04T15:29:35Z,\N,1,assert
acme:principal:svc-aws-reg-4-00377~813b852bf1ee,principal,acme,svc-aws-reg-4-00377,service-000377,service,true,2027-04-24T22:51:10Z,2026-11-04T05:58:46Z,\N,2026-11-04T05:58:46Z,\N,1,assert
acme:principal:svc-remote-office-f2-r2-00373~f5fbcd74c7a4,principal,acme,svc-remote-office-f2-r2-00373,service-000373,service,true,2026-11-05T03:44:39Z,2026-11-05T03:44:39Z,\N,2026-11-05T03:44:39Z,\N,1,assert
acme:principal:wl-000374~9ce19d03d218,principal,acme,wl-000374,workload-000374,workload,true,2027-04-20T20:57:39Z,2026-11-05T02:22:03Z,\N,2026-11-05T02:22:03Z,\N,1,assert
acme:principal:wl-000045~8fe5230a2bf1,principal,acme,\N,\N,\N,\N,\N,2024-03-02T20:20:36Z,\N,2026-11-05T05:51:30Z,\N,2,retract
acme:principal:wl-000046~4e8da99986d1,principal,acme,\N,\N,\N,\N,\N,2021-05-29T01:05:28Z,\N,2026-11-05T11:52:07Z,\N,2,retract
acme:principal:svc-remote-office-00047~fe9516ee2209,principal,acme,\N,\N,\N,\N,\N,2024-11-03T20:51:14Z,\N,2026-11-06T05:32:04Z,\N,2,retract
acme:principal:svc-remote-office-f1-00048~cb8ccb37043c,principal,acme,\N,\N,\N,\N,\N,2024-08-17T04:24:46Z,\N,2026-11-06T16:39:04Z,\N,2,retract
acme:principal:svc-remote-office-f2-00371~8a0ffc8cce17,principal,acme,svc-remote-office-f2-00371,service-000371,service,true,2027-04-22T08:14:59Z,2026-11-06T23:27:27Z,\N,2026-11-06T23:27:27Z,\N,1,assert
acme:principal:svc-remote-office-f2-r1-00372~bfe03d7c8568,principal,acme,svc-remote-office-f2-r1-00372,service-000372,service,true,2027-04-24T06:52:52Z,2026-11-06T03:49:33Z,\N,2026-11-06T03:49:33Z,\N,1,assert
acme:principal:ad-465eb6d9-4a1b-4c2d-8e3f-c82646fe4f40~43dbc8366d65,principal,acme,\N,\N,\N,\N,\N,2021-08-03T23:32:09Z,\N,2026-11-07T11:33:01Z,\N,2,retract
acme:principal:svc-remote-office-f1-00368~1a3afcb60d6f,principal,acme,svc-remote-office-f1-00368,service-000368,service,true,2027-04-21T13:00:39Z,2026-11-07T12:14:11Z,\N,2026-11-07T12:14:11Z,\N,1,assert
acme:principal:svc-remote-office-f1-r1-00369~cbecb9ec9eca,principal,acme,svc-remote-office-f1-r1-00369,service-000369,service,true,2027-04-20T13:40:03Z,2026-11-07T02:21:15Z,\N,2026-11-07T02:21:15Z,\N,1,assert
acme:principal:wl-000370~0ee02e1755dd,principal,acme,wl-000370,workload-000370,workload,false,2027-04-23T05:12:19Z,2026-11-07T17:12:17Z,\N,2026-11-07T17:12:17Z,\N,1,assert
acme:principal:svc-remote-office-f2-00051~67eb2f56156c,principal,acme,\N,\N,\N,\N,\N,2021-06-29T13:10:39Z,\N,2026-11-07T17:39:47Z,\N,2,retract
acme:principal:ad-8d25548c-4a1b-4c2d-8e3f-d7fec6053cf7~670da8d1fb47,principal,acme,\N,\N,\N,\N,\N,2026-11-15T08:21:37Z,\N,2026-11-08T09:11:00Z,\N,2,retract
acme:principal:svc-remote-office-00367~1ecde4f33cda,principal,acme,svc-remote-office-00367,service-000367,service,true,2027-04-20T17:06:36Z,2026-11-08T14:31:43Z,\N,2026-11-08T14:31:43Z,\N,1,assert
acme:principal:bg-0366~e372d975ba60,principal,acme,bg-0366,break_glass-000366,break_glass,true,2027-04-22T04:37:51Z,2026-11-08T21:27:53Z,2027-12-09T02:03:51Z,2026-11-08T21:27:53Z,\N,1,assert
acme:principal:svc-aws-reg-2-00055~64978caf2b37,principal,acme,\N,\N,\N,\N,\N,2023-06-07T03:21:35Z,\N,2026-11-09T06:53:21Z,\N,2,retract
acme:principal:wl-000054~0e52a2deafb3,principal,acme,\N,\N,\N,\N,\N,2026-10-08T21:01:08Z,\N,2026-11-09T15:36:30Z,\N,2,retract
acme:principal:ad-47f41f11-4a1b-4c2d-8e3f-9087e2052116~874b80ab1513,principal,acme,ad:47f41f11-4a1b-4c2d-8e3f-9087e2052116,person-000364,person,true,2027-04-20T22:00:58Z,2026-11-09T17:11:53Z,\N,2026-11-09T17:11:53Z,\N,1,assert
acme:principal:ad-65e3c55e-4a1b-4c2d-8e3f-a795f765f3c3~6561e657682f,principal,acme,ad:65e3c55e-4a1b-4c2d-8e3f-a795f765f3c3,person-000365,person,true,2027-04-22T13:58:25Z,2026-11-09T13:21:26Z,\N,2026-11-09T13:21:26Z,\N,1,assert
acme:principal:wl-000057~3726748acbfe,principal,acme,\N,\N,\N,\N,\N,2024-07-15T23:55:41Z,\N,2026-11-10T03:10:53Z,\N,2,retract
acme:principal:wl-000361~f990dbe97637,principal,acme,wl-000361,workload-000361,workload,true,2027-04-25T19:23:55Z,2026-11-10T13:55:56Z,\N,2026-11-10T13:55:56Z,\N,1,assert
acme:principal:svc-dc2-hall2-00102~c57182ac6eab,principal,acme,svc-dc2-hall2-00102,service-000102,service,true,2027-04-25T22:39:19Z,2026-11-09T07:30:45Z,2027-03-21T19:20:49Z,2026-11-10T17:14:55Z,\N,1,assert
acme:principal:ad-99dccb26-4a1b-4c2d-8e3f-83924714c05c~03bbee8329c2,principal,acme,ad:99dccb26-4a1b-4c2d-8e3f-83924714c05c,person-000362,person,true,2027-04-21T19:17:56Z,2026-11-10T18:56:15Z,\N,2026-11-10T18:56:15Z,\N,1,assert
acme:principal:wl-000056~212c9b9ec695,principal,acme,\N,\N,\N,\N,\N,2025-02-24T08:26:08Z,\N,2026-11-10T20:35:46Z,\N,2,retract
acme:principal:svc-dc2-hall1-rack03-00363~a5b46b879937,principal,acme,svc-dc2-hall1-rack03-00363,service-000363,service,true,2027-04-21T15:55:44Z,2026-11-10T21:53:48Z,\N,2026-11-10T21:53:48Z,\N,1,assert
acme:principal:ad-578f58a2-4a1b-4c2d-8e3f-c046e499b538~d784186d48c7,principal,acme,\N,\N,\N,\N,\N,2024-08-06T00:43:24Z,\N,2026-11-11T02:28:22Z,\N,2,retract
acme:principal:wl-000059~7a181f9a7d31,principal,acme,\N,\N,\N,\N,\N,2021-06-14T14:07:16Z,\N,2026-11-11T08:23:11Z,\N,2,retract
acme:principal:ad-d7bf21df-4a1b-4c2d-8e3f-72e61e721672~913a1184488b,principal,acme,ad:d7bf21df-4a1b-4c2d-8e3f-72e61e721672,person-000359,person,true,2027-04-23T16:33:19Z,2026-11-11T08:42:34Z,\N,2026-11-11T08:42:34Z,\N,1,assert
acme:principal:ad-e8ecf584-4a1b-4c2d-8e3f-b3f674b9508d~af6434e23ec8,principal,acme,ad:e8ecf584-4a1b-4c2d-8e3f-b3f674b9508d,person-000360,person,true,2027-04-20T04:18:34Z,2026-11-11T04:41:55Z,\N,2026-11-11T04:41:55Z,\N,1,assert
acme:principal:svc-aws-reg-5-00058~2c124604fb1c,principal,acme,svc-aws-reg-5-00058,service-000058,service,true,2027-04-22T12:08:40Z,2026-11-11T23:51:37Z,\N,2026-11-11T23:51:37Z,\N,1,assert
acme:principal:ad-8f52ddbf-4a1b-4c2d-8e3f-cc3d1abbfe69~63fbf4dbadca,principal,acme,ad:8f52ddbf-4a1b-4c2d-8e3f-cc3d1abbfe69,person-000357,person,true,2027-04-23T14:42:42Z,2026-11-12T04:57:46Z,\N,2026-11-12T04:57:46Z,\N,1,assert
acme:principal:ad-6025eb64-4a1b-4c2d-8e3f-33777912f562~0e17a273a206,principal,acme,\N,\N,\N,\N,\N,2021-12-15T07:05:38Z,\N,2026-11-12T11:42:36Z,\N,2,retract
acme:principal:ad-87e5d5fa-4a1b-4c2d-8e3f-51b7efab3325~17e5eef36e72,principal,acme,ad:87e5d5fa-4a1b-4c2d-8e3f-51b7efab3325,person-000358,person,true,2027-04-22T04:38:22Z,2026-11-12T23:27:33Z,\N,2026-11-12T23:27:33Z,\N,1,assert
acme:principal:svc-hq-dc1-f2-r1-rack03-00354~516bcf76aded,principal,acme,svc-hq-dc1-f2-r1-rack03-00354,service-000354,service,true,2027-04-24T20:43:12Z,2026-11-13T02:35:35Z,\N,2026-11-13T02:35:35Z,\N,1,assert
acme:principal:svc-hq-dc1-f2-r1-rack04-00355~6ccdbd26e9ea,principal,acme,svc-hq-dc1-f2-r1-rack04-00355,service-000355,service,true,2027-04-21T19:07:40Z,2026-11-13T00:29:51Z,\N,2026-11-13T00:29:51Z,\N,1,assert
acme:principal:svc-hq-00064~9909373df8b0,principal,acme,\N,\N,\N,\N,\N,2023-07-22T01:38:38Z,\N,2026-11-13T05:43:35Z,\N,2,retract
acme:principal:svc-aws-reg-3-az1-00063~2e8fa60ff49c,principal,acme,\N,\N,\N,\N,\N,2026-04-06T09:43:36Z,\N,2026-11-13T09:09:05Z,\N,2,retract
acme:principal:ad-4c378159-4a1b-4c2d-8e3f-09c7d07fb8ae~dabb607bc1c4,principal,acme,\N,\N,\N,\N,\N,2026-08-29T12:10:51Z,\N,2026-11-13T09:55:22Z,\N,2,retract
acme:principal:wl-000356~a497cca3fee6,principal,acme,wl-000356,workload-000356,workload,true,2027-04-22T21:29:54Z,2026-11-13T18:38:26Z,\N,2026-11-13T18:38:26Z,\N,1,assert
acme:principal:wl-000066~4e9e196b6884,principal,acme,\N,\N,\N,\N,\N,2024-04-07T11:27:20Z,\N,2026-11-14T00:10:29Z,\N,2,retract
acme:principal:ad-0268e708-4a1b-4c2d-8e3f-db290d26f117~550712c68be0,principal,acme,\N,\N,\N,\N,\N,2024-07-23T20:32:24Z,\N,2026-11-14T10:30:10Z,\N,2,retract
acme:principal:ad-0bb79e33-4a1b-4c2d-8e3f-7b66b26b6d28~d549902dc4be,principal,acme,ad:0bb79e33-4a1b-4c2d-8e3f-7b66b26b6d28,person-000352,person,true,2027-04-20T10:02:34Z,2026-11-14T21:33:38Z,\N,2026-11-14T21:33:38Z,\N,1,assert
acme:principal:svc-hq-dc1-f2-r1-rack02-00353~72819fd60999,principal,acme,svc-hq-dc1-f2-r1-rack02-00353,service-000353,service,true,2027-04-21T15:15:03Z,2026-11-14T11:29:14Z,\N,2026-11-14T11:29:14Z,\N,1,assert
acme:principal:svc-hq-dc1-f1-r1-rack03-00350~a916b67e87f3,principal,acme,svc-hq-dc1-f1-r1-rack03-00350,service-000350,service,true,2027-04-22T04:56:16Z,2026-11-15T02:53:10Z,\N,2026-11-15T02:53:10Z,\N,1,assert
acme:principal:svc-hq-dc2-00068~d479b6f18449,principal,acme,\N,\N,\N,\N,\N,2021-10-03T09:26:51Z,\N,2026-11-15T09:07:52Z,\N,2,retract
acme:principal:svc-remote-office-f2-r2-00053~2342fd38510f,principal,acme,svc-remote-office-f2-r2-00053,service-000053,service,true,2027-04-21T07:02:20Z,2026-11-14T11:23:43Z,\N,2026-11-15T10:58:08Z,\N,1,assert
acme:principal:svc-hq-dc1-f1-r1-rack04-00351~bd9cdac5c00a,principal,acme,svc-hq-dc1-f1-r1-rack04-00351,service-000351,service,true,2027-04-24T21:17:50Z,2026-11-15T11:52:21Z,\N,2026-11-15T11:52:21Z,\N,1,assert
acme:principal:ad-52dba911-4a1b-4c2d-8e3f-1fe7dcbbab51~4a1c9e49daee,principal,acme,\N,\N,\N,\N,\N,2024-01-23T19:26:02Z,\N,2026-11-15T17:08:58Z,\N,2,retract
acme:principal:ad-06f23028-4a1b-4c2d-8e3f-426969d2ca40~b9c9d770ac75,principal,acme,\N,\N,\N,\N,\N,2024-01-17T17:30:18Z,\N,2026-11-16T03:51:48Z,\N,2,retract
acme:principal:wl-000348~db64d32a5705,principal,acme,wl-000348,workload-000348,workload,true,2027-04-20T14:16:17Z,2026-11-16T08:05:07Z,2027-11-29T18:14:19Z,2026-11-16T08:05:07Z,\N,1,assert
acme:principal:svc-aws-reg-2-00119~cd53453aef6b,principal,acme,\N,\N,\N,\N,\N,2025-08-16T01:48:37Z,\N,2026-11-16T08:44:03Z,\N,2,retract
acme:principal:svc-hq-b1-f1-r1-rack04-00347~2c81d2db2d70,principal,acme,svc-hq-b1-f1-r1-rack04-00347,service-000347,service,true,2027-04-23T19:06:48Z,2026-11-16T20:21:19Z,\N,2026-11-16T20:21:19Z,\N,1,assert
acme:principal:svc-hq-dc1-f1-r1-rack02-00349~0c23bd663757,principal,acme,svc-hq-dc1-f1-r1-rack02-00349,service-000349,service,true,2027-04-23T05:13:28Z,2026-11-16T12:42:31Z,\N,2026-11-16T12:42:31Z,\N,1,assert
acme:principal:svc-hq-b1-f1-00070~eab000041b11,principal,acme,\N,\N,\N,\N,\N,2023-06-20T02:45:34Z,\N,2026-11-16T23:23:15Z,\N,2,retract
acme:principal:svc-hq-b2-f2-00073~449e83cc24b7,principal,acme,\N,\N,\N,\N,\N,2021-10-21T19:55:29Z,\N,2026-11-17T02:45:48Z,\N,2,retract
acme:principal:svc-hq-dc1-f1-00074~28505b0cfb68,principal,acme,\N,\N,\N,\N,\N,2026-06-24T05:42:10Z,\N,2026-11-17T16:00:02Z,\N,2,retract
acme:principal:svc-hq-b1-f1-r1-rack02-00345~5646801fe1f8,principal,acme,svc-hq-b1-f1-r1-rack02-00345,service-000345,service,true,2027-04-21T20:31:26Z,2026-11-17T22:04:10Z,\N,2026-11-17T22:04:10Z,\N,1,assert
acme:principal:ad-67bc1a69-4a1b-4c2d-8e3f-b6b0f39bced4~869f4b2b7480,principal,acme,ad:67bc1a69-4a1b-4c2d-8e3f-b6b0f39bced4,person-000346,person,true,2027-04-21T16:27:49Z,2026-11-17T00:49:30Z,\N,2026-11-17T00:49:30Z,\N,1,assert
acme:principal:wl-000076~48837099739f,principal,acme,\N,\N,\N,\N,\N,2021-07-06T16:23:20Z,\N,2026-11-18T09:23:57Z,\N,2,retract
acme:principal:svc-hq-dc1-f2-r2-00343~bb4e8cae1735,principal,acme,svc-hq-dc1-f2-r2-00343,service-000343,service,true,2027-04-23T14:16:53Z,2026-11-18T16:11:32Z,\N,2026-11-18T16:11:32Z,\N,1,assert
acme:principal:svc-hq-b1-f1-r1-rack01-00344~f3d7291b165f,principal,acme,svc-hq-b1-f1-r1-rack01-00344,service-000344,service,true,2027-04-23T19:00:43Z,2026-11-18T07:04:11Z,\N,2026-11-18T07:04:11Z,\N,1,assert
acme:principal:svc-hq-dc1-f2-00075~0ac3d9cb8af1,principal,acme,\N,\N,\N,\N,\N,2022-03-24T11:30:25Z,\N,2026-11-18T16:26:53Z,\N,2,retract
acme:principal:svc-hq-dc2-f2-00077~0dcfbb58e69d,principal,acme,\N,\N,\N,\N,\N,2023-04-09T11:10:56Z,\N,2026-11-19T01:40:10Z,\N,2,retract
acme:principal:ad-d98c18f0-4a1b-4c2d-8e3f-1b3bd7c85929~fe1085106b11,principal,acme,\N,\N,\N,\N,\N,2023-05-12T21:03:34Z,\N,2026-11-19T08:55:14Z,\N,2,retract
acme:principal:wl-000078~ab6b313a4a84,principal,acme,\N,\N,\N,\N,\N,2024-07-22T20:14:23Z,\N,2026-11-19T16:36:25Z,\N,2,retract
acme:principal:ad-6bb3429a-4a1b-4c2d-8e3f-f0df4a571950~eecf75f976a0,principal,acme,ad:6bb3429a-4a1b-4c2d-8e3f-f0df4a571950,person-000340,person,true,2027-04-23T02:22:53Z,2026-11-19T21:02:52Z,\N,2026-11-19T21:02:52Z,\N,1,assert
acme:principal:ad-489e2f04-4a1b-4c2d-8e3f-7dea40d57890~4babad402c5b,principal,acme,ad:489e2f04-4a1b-4c2d-8e3f-7dea40d57890,person-000341,person,true,2027-04-25T16:02:07Z,2026-11-19T15:23:17Z,\N,2026-11-19T15:23:17Z,\N,1,assert
acme:principal:wl-000342~8f48bd634aaa,principal,acme,wl-000342,workload-000342,workload,true,2027-04-21T17:23:16Z,2026-11-19T16:58:33Z,\N,2026-11-19T16:58:33Z,\N,1,assert
acme:principal:ad-9506d73b-4a1b-4c2d-8e3f-926c8735a448~7c38e9595b47,principal,acme,ad:9506d73b-4a1b-4c2d-8e3f-926c8735a448,person-000338,person,true,2026-11-20T04:00:17Z,2026-11-20T04:00:17Z,\N,2026-11-20T04:00:17Z,\N,1,assert
acme:principal:svc-hq-b1-f2-r2-00081~776fe2bbac0a,principal,acme,\N,\N,\N,\N,\N,2024-06-27T23:02:24Z,\N,2026-11-20T10:05:47Z,\N,2,retract
acme:principal:svc-hq-b2-f1-r2-00339~d1e1ede22f59,principal,acme,svc-hq-b2-f1-r2-00339,service-000339,service,true,2027-04-24T01:28:40Z,2026-11-20T18:01:57Z,\N,2026-11-20T18:01:57Z,\N,1,assert
acme:principal:ad-acf1c6e4-4a1b-4c2d-8e3f-0ac1c96e6e1c~332793f9b72f,principal,acme,\N,\N,\N,\N,\N,2023-01-18T07:37:18Z,\N,2026-11-20T21:07:40Z,\N,2,retract
acme:principal:ad-2fa28040-4a1b-4c2d-8e3f-92bc81a97262~a4101e99da34,principal,acme,ad:2fa28040-4a1b-4c2d-8e3f-92bc81a97262,person-000132,person,true,2027-04-25T05:30:08Z,2026-11-20T06:32:41Z,\N,2026-11-21T04:18:52Z,\N,1,assert
acme:principal:wl-000082~a3817a31f4bb,principal,acme,\N,\N,\N,\N,\N,2023-05-22T21:32:48Z,\N,2026-11-21T09:59:52Z,\N,2,retract
acme:principal:svc-hq-b2-f1-r2-00083~808f7642c554,principal,acme,\N,\N,\N,\N,\N,2026-05-26T21:48:19Z,\N,2026-11-21T10:55:24Z,\N,2,retract
acme:principal:svc-hq-b1-f2-r1-00336~856f1d12e72b,principal,acme,svc-hq-b1-f2-r1-00336,service-000336,service,true,2027-04-23T16:06:38Z,2026-11-21T13:43:33Z,\N,2026-11-21T13:43:33Z,\N,1,assert
acme:principal:svc-hq-b1-f2-r2-00337~3a64fa7c6740,principal,acme,svc-hq-b1-f2-r2-00337,service-000337,service,true,2027-04-24T17:03:21Z,2026-11-21T03:45:04Z,\N,2026-11-21T03:45:04Z,\N,1,assert
acme:principal:svc-hq-b1-f2-r2-00145~769e0ca50672,principal,acme,svc-hq-b1-f2-r2-00145,service-000145,service,true,2027-04-22T05:12:39Z,2026-11-22T01:24:28Z,\N,2026-11-22T01:24:28Z,\N,1,assert
acme:principal:ad-f39b37a0-4a1b-4c2d-8e3f-1b67d1873821~d80448e985bf,principal,acme,ad:f39b37a0-4a1b-4c2d-8e3f-1b67d1873821,person-000333,person,false,2027-04-20T18:56:10Z,2026-11-22T06:42:29Z,\N,2026-11-22T06:42:29Z,\N,1,assert
acme:principal:ad-a28ee2cb-4a1b-4c2d-8e3f-24cee73c40fc~784a64f0a2b6,principal,acme,\N,\N,\N,\N,\N,2022-06-01T02:15:37Z,\N,2026-11-22T14:21:12Z,\N,2,retract
acme:principal:ad-50d91b9f-4a1b-4c2d-8e3f-dfffa85a40d7~bb896ce7f6e6,principal,acme,\N,\N,\N,\N,\N,2023-07-22T15:48:12Z,\N,2026-11-22T14:25:51Z,\N,2,retract
acme:principal:svc-hq-dc1-f2-r1-00086~7232c458e8c2,principal,acme,\N,\N,\N,\N,\N,2026-10-19T09:53:41Z,\N,2026-11-22T15:00:33Z,\N,2,retract
acme:principal:wl-000334~f63b6ce5e333,principal,acme,wl-000334,workload-000334,workload,true,2027-04-22T11:51:02Z,2026-11-22T21:46:54Z,\N,2026-11-22T21:46:54Z,\N,1,assert
acme:principal:wl-000335~9e7f5b010ca2,principal,acme,wl-000335,workload-000335,workload,true,2027-04-21T20:47:26Z,2026-11-22T00:18:30Z,\N,2026-11-22T00:18:30Z,\N,1,assert
acme:principal:ad-413ae000-4a1b-4c2d-8e3f-ca0cfdbc3130~eb154eedadd3,principal,acme,ad:413ae000-4a1b-4c2d-8e3f-ca0cfdbc3130,person-000331,person,true,2027-04-22T22:38:17Z,2026-11-23T02:33:24Z,\N,2026-11-23T02:33:24Z,\N,1,assert
acme:principal:svc-hq-dc1-f2-r2-00087~1082c550f8df,principal,acme,\N,\N,\N,\N,\N,2023-04-17T02:22:01Z,\N,2026-11-23T03:24:57Z,\N,2,retract
acme:principal:svc-hq-b1-f1-r1-rack01-00088~22bb8ae4475c,principal,acme,\N,\N,\N,\N,\N,2026-10-15T12:16:41Z,\N,2026-11-23T04:24:53Z,\N,2,retract
acme:principal:ad-7b273dfe-4a1b-4c2d-8e3f-16334aa8027c~faad08dd75c1,principal,acme,ad:7b273dfe-4a1b-4c2d-8e3f-16334aa8027c,person-000332,person,true,2027-04-25T13:56:21Z,2026-11-23T10:05:38Z,\N,2026-11-23T10:05:38Z,\N,1,assert
acme:principal:svc-dc2-hall3-00039~0f705c9aa574,principal,acme,svc-dc2-hall3-00039,service-000039,service,true,2027-04-21T00:49:26Z,2026-11-23T16:35:28Z,\N,2026-11-23T16:35:28Z,\N,1,assert
acme:principal:svc-hq-b2-f2-00329~156c04c2918a,principal,acme,svc-hq-b2-f2-00329,service-000329,service,true,2027-04-23T00:00:28Z,2026-11-24T13:15:05Z,\N,2026-11-24T13:15:05Z,\N,1,assert
acme:principal:svc-hq-dc1-f1-00330~990f5cbad9be,principal,acme,svc-hq-dc1-f1-00330,service-000330,service,true,2026-11-24T10:49:56Z,2026-11-24T10:49:56Z,\N,2026-11-24T10:49:56Z,\N,1,assert
acme:principal:svc-hq-b1-f1-r1-rack03-00090~6b9c2fb1dc7a,principal,acme,\N,\N,\N,\N,\N,2026-12-04T03:54:50Z,\N,2026-11-24T19:50:10Z,\N,2,retract
acme:principal:wl-000089~e88ca70df23f,principal,acme,\N,\N,\N,\N,\N,2022-01-07T14:17:00Z,\N,2026-11-24T23:47:22Z,\N,2,retract
acme:principal:svc-hq-dc1-f1-r1-rack02-00093~0dcde4c8ed72,principal,acme,\N,\N,\N,\N,\N,2027-01-25T18:32:55Z,\N,2026-11-25T05:58:46Z,\N,2,retract
acme:principal:wl-000327~5955b1bb7abd,principal,acme,wl-000327,workload-000327,workload,true,2026-11-25T12:51:09Z,2026-11-25T12:51:09Z,\N,2026-11-25T12:51:09Z,\N,1,assert
acme:principal:svc-hq-b2-f1-00328~0d406fdc9d8b,principal,acme,svc-hq-b2-f1-00328,service-000328,service,true,2027-04-21T00:28:15Z,2026-11-25T05:25:14Z,\N,2026-11-25T05:25:14Z,\N,1,assert
acme:principal:svc-hq-b1-f1-r1-rack04-00091~d41a7994f6d9,principal,acme,\N,\N,\N,\N,\N,2023-08-22T16:15:48Z,\N,2026-11-25T13:01:25Z,\N,2,retract
acme:principal:wl-000092~0dcfee41c174,principal,acme,\N,\N,\N,\N,\N,2024-05-05T12:32:23Z,\N,2026-11-25T13:07:58Z,\N,2,retract
acme:principal:ad-9db98b67-4a1b-4c2d-8e3f-6941b3419aaa~e492cdf96ad6,principal,acme,ad:9db98b67-4a1b-4c2d-8e3f-6941b3419aaa,person-000326,person,true,2027-04-25T08:58:48Z,2026-11-25T16:53:31Z,\N,2026-11-25T16:53:31Z,\N,1,assert
acme:principal:ad-af0e8a12-4a1b-4c2d-8e3f-6e69a29c79ff~d614537c26e2,principal,acme,ad:af0e8a12-4a1b-4c2d-8e3f-6e69a29c79ff,person-000324,person,true,2027-04-24T04:58:42Z,2026-11-26T08:35:50Z,\N,2026-11-26T08:35:50Z,\N,1,assert
acme:principal:svc-hq-dc1-f1-r1-rack03-00094~a55ab59aeda3,principal,acme,\N,\N,\N,\N,\N,2024-08-29T14:40:56Z,\N,2026-11-26T11:41:43Z,\N,2,retract
acme:principal:wl-000095~4ad104d94f11,principal,acme,\N,\N,\N,\N,\N,2025-09-12T18:55:33Z,\N,2026-11-26T12:22:40Z,\N,2,retract
acme:principal:svc-remote-00325~638835070a2c,principal,acme,svc-remote-00325,service-000325,service,true,2027-04-24T02:06:07Z,2026-11-26T14:44:02Z,\N,2026-11-26T14:44:02Z,\N,1,assert
acme:principal:ad-783c7efd-4a1b-4c2d-8e3f-3a31a55d9779~f617450dc3b8,principal,acme,\N,\N,\N,\N,\N,2021-12-21T14:48:39Z,\N,2026-11-27T10:47:30Z,\N,2,retract
acme:principal:ad-329649c1-4a1b-4c2d-8e3f-d9dc490b1132~f43ba77d652d,principal,acme,\N,\N,\N,\N,\N,2021-06-05T11:23:36Z,\N,2026-11-27T11:01:29Z,\N,2,retract
acme:principal:ad-c9dbf81d-4a1b-4c2d-8e3f-77efe80c9bfd~81a02ab19ed0,principal,acme,ad:c9dbf81d-4a1b-4c2d-8e3f-77efe80c9bfd,person-000322,person,true,2027-04-20T13:31:05Z,2026-11-27T21:04:01Z,\N,2026-11-27T21:04:01Z,\N,1,assert
acme:principal:wl-000323~1e4f1d56633c,principal,acme,wl-000323,workload-000323,workload,true,2027-04-22T01:36:46Z,2026-11-27T03:11:50Z,\N,2026-11-27T03:11:50Z,\N,1,assert
acme:principal:ad-35e3e054-4a1b-4c2d-8e3f-988b0463267f~7b489e31a6f6,principal,acme,ad:35e3e054-4a1b-4c2d-8e3f-988b0463267f,person-000319,person,true,2027-04-23T08:17:03Z,2026-11-28T03:57:19Z,\N,2026-11-28T03:57:19Z,\N,1,assert
acme:principal:svc-hq-00320~38a9b2382b86,principal,acme,svc-hq-00320,service-000320,service,true,2027-04-23T00:51:42Z,2026-11-28T01:23:20Z,\N,2026-11-28T01:23:20Z,\N,1,assert
acme:principal:ad-35a7241f-4a1b-4c2d-8e3f-f8bfdc15279e~087b18c5b33e,principal,acme,ad:35a7241f-4a1b-4c2d-8e3f-f8bfdc15279e,person-000321,person,true,2027-04-23T22:21:38Z,2026-11-28T08:34:37Z,\N,2026-11-28T08:34:37Z,\N,1,assert
acme:principal:ad-e8a4f727-4a1b-4c2d-8e3f-27ef49a8177d~6bb8ec003a1d,principal,acme,\N,\N,\N,\N,\N,2025-02-18T06:35:01Z,\N,2026-11-28T09:40:02Z,\N,2,retract
acme:principal:wl-000100~374124a994cd,principal,acme,\N,\N,\N,\N,\N,2025-04-06T06:12:19Z,\N,2026-11-28T18:12:58Z,\N,2,retract
acme:principal:wl-000098~2e6146d1fa5f,principal,acme,\N,\N,\N,\N,\N,2022-06-09T21:27:13Z,\N,2026-11-28T22:28:42Z,\N,2,retract
acme:principal:svc-dc2-hall2-00102~c57182ac6eab,principal,acme,\N,\N,\N,\N,\N,2027-03-21T19:20:49Z,\N,2026-11-29T13:17:13Z,\N,2,retract
acme:principal:svc-aws-reg-1-az2-00317~33295dff9676,principal,acme,svc-aws-reg-1-az2-00317,service-000317,service,true,2027-04-23T06:17:34Z,2026-11-29T18:45:25Z,\N,2026-11-29T18:45:25Z,\N,1,assert
acme:principal:svc-aws-reg-2-az1-00318~aeaf94f7dd54,principal,acme,svc-aws-reg-2-az1-00318,service-000318,service,true,2027-04-24T22:06:13Z,2026-11-29T09:58:47Z,\N,2026-11-29T09:58:47Z,\N,1,assert
acme:principal:wl-000104~e95b9fec2728,principal,acme,\N,\N,\N,\N,\N,2022-04-16T04:37:42Z,\N,2026-11-30T00:10:33Z,\N,2,retract
acme:principal:wl-000103~d23a73f1befc,principal,acme,\N,\N,\N,\N,\N,2026-07-14T21:26:39Z,\N,2026-11-30T07:51:05Z,\N,2,retract
acme:principal:svc-aws-reg-6-00315~049f19adad77,principal,acme,svc-aws-reg-6-00315,service-000315,service,true,2027-04-22T19:38:37Z,2026-11-30T18:34:58Z,\N,2026-11-30T18:34:58Z,\N,1,assert
acme:principal:svc-aws-reg-1-az1-00316~76c4010ff656,principal,acme,svc-aws-reg-1-az1-00316,service-000316,service,true,2027-04-20T22:12:00Z,2026-11-30T10:34:40Z,\N,2026-11-30T10:34:40Z,\N,1,assert
acme:principal:ad-655d8ec2-4a1b-4c2d-8e3f-bd28878a9fbd~584140cf7b60,principal,acme,ad:655d8ec2-4a1b-4c2d-8e3f-bd28878a9fbd,person-000042,person,true,2027-04-21T23:00:59Z,2026-12-06T23:44:55Z,\N,2026-12-07T19:37:32Z,\N,1,assert
acme:principal:wl-000150~b32d66f5f549,principal,acme,wl-000150,workload-000150,workload,true,2027-04-25T01:40:25Z,2026-03-22T00:05:36Z,\N,2026-12-09T00:12:52Z,\N,2,assert
acme:principal:wl-000348~db64d32a5705,principal,acme,\N,\N,\N,\N,\N,2027-11-29T18:14:19Z,\N,2026-12-11T12:40:44Z,\N,2,retract
acme:principal:svc-hq-dc1-f2-00139~21013365e464,principal,acme,svc-hq-dc1-f2-00139,service-000139,service,true,2027-04-24T06:56:03Z,2026-12-29T05:42:49Z,\N,2026-12-30T08:31:15Z,\N,1,assert
acme:principal:bg-0209~dad6bdc33eb7,principal,acme,bg-0209,break_glass-000209,break_glass,true,2027-04-24T21:17:46Z,2027-01-01T04:17:14Z,\N,2027-01-01T04:17:14Z,\N,1,assert
acme:principal:wl-000161~259cf1d39e6a,principal,acme,wl-000161,workload-000161,workload,true,2027-04-24T19:14:58Z,2027-01-01T07:02:13Z,\N,2027-01-01T07:02:13Z,\N,1,assert
acme:principal:svc-hq-b1-f2-r1-00208~bd52ebc8e7dc,principal,acme,svc-hq-b1-f2-r1-00208,service-000208,service,true,2027-01-01T08:09:04Z,2027-01-01T08:09:04Z,\N,2027-01-01T08:09:04Z,\N,1,assert
acme:principal:ad-7ea3a6f2-4a1b-4c2d-8e3f-003dbad03d6e~d5c2df25b55f,principal,acme,ad:7ea3a6f2-4a1b-4c2d-8e3f-003dbad03d6e,person-000164,person,true,2027-04-23T01:16:46Z,2027-01-01T18:10:31Z,\N,2027-01-01T18:10:31Z,\N,1,assert
acme:principal:svc-dc2-hall4-00168~b4cba93dfbc8,principal,acme,svc-dc2-hall4-00168,service-000168,service,true,2027-04-22T21:46:32Z,2027-01-01T16:33:18Z,\N,2027-01-01T16:33:18Z,\N,1,assert
acme:principal:ad-1e543442-4a1b-4c2d-8e3f-2682476d9b43~071d89f23938,principal,acme,ad:1e543442-4a1b-4c2d-8e3f-2682476d9b43,person-000169,person,true,2027-04-25T21:49:39Z,2027-01-01T21:55:03Z,\N,2027-01-01T21:55:03Z,\N,1,assert
acme:principal:ad-7eef3218-4a1b-4c2d-8e3f-99b8ea7f4c69~48d628c03bd9,principal,acme,ad:7eef3218-4a1b-4c2d-8e3f-99b8ea7f4c69,person-000173,person,true,2027-04-21T23:09:22Z,2027-01-01T12:31:14Z,\N,2027-01-01T12:31:14Z,\N,1,assert
acme:principal:svc-dc2-hall2-rack03-00174~4a4dad5dc1b2,principal,acme,svc-dc2-hall2-rack03-00174,service-000174,service,true,2027-04-24T22:19:12Z,2027-01-01T10:57:58Z,\N,2027-01-01T10:57:58Z,\N,1,assert
acme:principal:wl-000175~5d132f291da1,principal,acme,wl-000175,workload-000175,workload,true,2027-04-20T23:07:51Z,2027-01-01T07:36:27Z,\N,2027-01-01T07:36:27Z,\N,1,assert
acme:principal:bg-0176~78127ea5e1ad,principal,acme,bg-0176,break_glass-000176,break_glass,true,2027-04-21T12:13:25Z,2027-01-01T04:13:18Z,\N,2027-01-01T04:13:18Z,\N,1,assert
acme:principal:ad-19bb2e2e-4a1b-4c2d-8e3f-3fb2e4877139~5bbbde515e1a,principal,acme,ad:19bb2e2e-4a1b-4c2d-8e3f-3fb2e4877139,person-000177,person,true,2027-04-24T05:34:37Z,2027-01-01T06:12:52Z,\N,2027-01-01T06:12:52Z,\N,1,assert
acme:principal:svc-remote-office-f1-r2-00178~e9153d80b242,principal,acme,svc-remote-office-f1-r2-00178,service-000178,service,true,2027-04-22T22:04:02Z,2027-01-01T23:38:15Z,\N,2027-01-01T23:38:15Z,\N,1,assert
acme:principal:wl-000179~2eb8164cca65,principal,acme,wl-000179,workload-000179,workload,true,2027-04-20T13:03:17Z,2027-01-01T22:12:23Z,\N,2027-01-01T22:12:23Z,\N,1,assert
acme:principal:bg-0180~2345ee92437f,principal,acme,bg-0180,break_glass-000180,break_glass,true,2027-04-20T06:11:54Z,2027-01-01T09:47:51Z,\N,2027-01-01T09:47:51Z,\N,1,assert
acme:principal:ad-caa7b31f-4a1b-4c2d-8e3f-9cc7b8ae491f~85aa18d4d47f,principal,acme,ad:caa7b31f-4a1b-4c2d-8e3f-9cc7b8ae491f,person-000181,person,true,2027-04-22T11:59:56Z,2027-01-01T22:23:17Z,\N,2027-01-01T22:23:17Z,\N,1,assert
acme:principal:svc-aws-reg-1-00182~b4b593e3de8f,principal,acme,svc-aws-reg-1-00182,service-000182,service,true,2027-04-23T09:45:18Z,2027-01-01T20:30:12Z,\N,2027-01-01T20:30:12Z,\N,1,assert
acme:principal:svc-aws-reg-2-00183~6746cfb6fadd,principal,acme,svc-aws-reg-2-00183,service-000183,service,true,2027-04-21T11:47:07Z,2027-01-01T08:24:50Z,\N,2027-01-01T08:24:50Z,\N,1,assert
acme:principal:ad-e6b07352-4a1b-4c2d-8e3f-a6900d7b26e6~cd53120625e7,principal,acme,ad:e6b07352-4a1b-4c2d-8e3f-a6900d7b26e6,person-000184,person,true,2027-01-01T13:22:37Z,2027-01-01T13:22:37Z,\N,2027-01-01T13:22:37Z,\N,1,assert
acme:principal:wl-000186~1fd53ee40e40,principal,acme,wl-000186,workload-000186,workload,true,2027-04-20T21:48:35Z,2027-01-01T03:05:06Z,\N,2027-01-01T03:05:06Z,\N,1,assert
acme:principal:wl-000187~9a8f5799011e,principal,acme,wl-000187,workload-000187,workload,true,2027-04-20T04:43:26Z,2027-01-01T09:05:30Z,\N,2027-01-01T09:05:30Z,\N,1,assert
acme:principal:svc-aws-reg-1-az1-00188~48d375950c3c,principal,acme,svc-aws-reg-1-az1-00188,service-000188,service,true,2027-04-20T23:25:39Z,2027-01-01T10:43:06Z,\N,2027-01-01T10:43:06Z,\N,1,assert
acme:principal:svc-aws-reg-2-az1-00190~50e14cf05551,principal,acme,svc-aws-reg-2-az1-00190,service-000190,service,true,2027-04-20T19:30:03Z,2027-01-01T02:55:43Z,\N,2027-01-01T02:55:43Z,\N,1,assert
acme:principal:svc-aws-reg-3-az1-00191~aa9c57698f3d,principal,acme,svc-aws-reg-3-az1-00191,service-000191,service,true,2027-04-24T14:49:27Z,2027-01-01T20:50:57Z,\N,2027-01-01T20:50:57Z,\N,1,assert
acme:principal:svc-hq-b2-00194~54ca5ed61b55,principal,acme,svc-hq-b2-00194,service-000194,service,true,2027-04-24T19:32:39Z,2027-01-01T21:22:05Z,\N,2027-01-01T21:22:05Z,\N,1,assert
acme:principal:svc-hq-dc1-00195~3025b217ac39,principal,acme,svc-hq-dc1-00195,service-000195,service,true,2027-04-25T07:02:32Z,2027-01-01T04:44:53Z,\N,2027-01-01T04:44:53Z,\N,1,assert
acme:principal:ad-07f63d07-4a1b-4c2d-8e3f-450c787fc00a~602dd2230400,principal,acme,ad:07f63d07-4a1b-4c2d-8e3f-450c787fc00a,person-000197,person,true,2027-04-20T08:03:32Z,2027-01-01T16:39:37Z,\N,2027-01-01T16:39:37Z,\N,1,assert
acme:principal:ad-bdf1df56-4a1b-4c2d-8e3f-2057bf216697~892dc00b02c8,principal,acme,ad:bdf1df56-4a1b-4c2d-8e3f-2057bf216697,person-000198,person,true,2027-04-25T11:44:53Z,2027-01-01T09:04:33Z,\N,2027-01-01T09:04:33Z,\N,1,assert
acme:principal:bg-0199~cb842b846b71,principal,acme,bg-0199,break_glass-000199,break_glass,true,2027-04-20T09:50:50Z,2027-01-01T20:50:02Z,\N,2027-01-01T20:50:02Z,\N,1,assert
acme:principal:svc-hq-b2-f1-00200~93686a254818,principal,acme,svc-hq-b2-f1-00200,service-000200,service,true,2027-04-25T14:43:09Z,2027-01-01T02:13:07Z,\N,2027-01-01T02:13:07Z,\N,1,assert
acme:principal:svc-hq-dc1-f1-00202~522331d20c9f,principal,acme,svc-hq-dc1-f1-00202,service-000202,service,true,2027-04-21T06:35:15Z,2027-01-01T20:44:22Z,\N,2027-01-01T20:44:22Z,\N,1,assert
acme:principal:svc-hq-dc2-f2-00205~a40c6d632684,principal,acme,svc-hq-dc2-f2-00205,service-000205,service,true,2027-04-21T12:48:06Z,2027-01-01T19:57:46Z,\N,2027-01-01T19:57:46Z,\N,1,assert
acme:principal:ad-9cea3eda-4a1b-4c2d-8e3f-75ed103d3021~c5eb8048777a,principal,acme,ad:9cea3eda-4a1b-4c2d-8e3f-75ed103d3021,person-000207,person,true,2027-04-25T17:43:30Z,2027-01-01T03:07:31Z,\N,2027-01-01T03:07:31Z,\N,1,assert
acme:principal:svc-hq-dc1-f1-r1-00212~702e8e6e3043,principal,acme,svc-hq-dc1-f1-r1-00212,service-000212,service,true,2027-04-25T02:09:15Z,2027-01-01T02:55:02Z,\N,2027-01-01T02:55:02Z,\N,1,assert
acme:principal:wl-000215~fed166e93cce,principal,acme,wl-000215,workload-000215,workload,true,2027-04-21T10:58:27Z,2027-01-01T19:25:33Z,\N,2027-01-01T19:25:33Z,\N,1,assert
acme:principal:svc-hq-b1-f1-r1-rack01-00216~62b9c0510f8f,principal,acme,svc-hq-b1-f1-r1-rack01-00216,service-000216,service,true,2027-04-25T14:40:21Z,2027-01-01T23:52:35Z,\N,2027-01-01T23:52:35Z,\N,1,assert
acme:principal:ad-89cf2ae4-4a1b-4c2d-8e3f-1313f77b0e58~701b1fdf2d3d,principal,acme,ad:89cf2ae4-4a1b-4c2d-8e3f-1313f77b0e58,person-000220,person,true,2027-01-01T10:15:08Z,2027-01-01T10:15:08Z,\N,2027-01-01T10:15:08Z,\N,1,assert
acme:principal:wl-000224~d38e4ae36878,principal,acme,wl-000224,workload-000224,workload,true,2027-04-23T04:01:19Z,2027-01-01T16:17:54Z,\N,2027-01-01T16:17:54Z,\N,1,assert
acme:principal:svc-hq-dc1-f2-r1-rack04-00227~036f66d4ac37,principal,acme,svc-hq-dc1-f2-r1-rack04-00227,service-000227,service,true,2027-04-23T04:03:48Z,2027-01-01T04:38:06Z,\N,2027-01-01T04:38:06Z,\N,1,assert
acme:principal:ad-f31f3191-4a1b-4c2d-8e3f-8e7b862590d7~c4fb16a606ed,principal,acme,ad:f31f3191-4a1b-4c2d-8e3f-8e7b862590d7,person-000228,person,true,2027-04-22T16:31:00Z,2027-01-01T17:32:30Z,\N,2027-01-01T17:32:30Z,\N,1,assert
acme:principal:ad-a73040a0-4a1b-4c2d-8e3f-b8162a89553a~ad0a771f2119,principal,acme,ad:a73040a0-4a1b-4c2d-8e3f-b8162a89553a,person-000233,person,true,2027-04-20T12:43:09Z,2027-01-01T08:35:15Z,\N,2027-01-01T08:35:15Z,\N,1,assert
acme:principal:svc-dc2-hall1-rack02-00234~fad8f7bd7e19,principal,acme,svc-dc2-hall1-rack02-00234,service-000234,service,true,2027-04-23T16:36:38Z,2027-01-01T23:14:48Z,\N,2027-01-01T23:14:48Z,\N,1,assert
acme:principal:ad-33cdc7a5-4a1b-4c2d-8e3f-fe50ba527d4d~968a4b1475b2,principal,acme,ad:33cdc7a5-4a1b-4c2d-8e3f-fe50ba527d4d,person-000235,person,true,2027-04-25T21:31:35Z,2027-01-01T06:59:33Z,\N,2027-01-01T06:59:33Z,\N,1,assert
acme:principal:wl-000236~d5c52da02bb3,principal,acme,wl-000236,workload-000236,workload,true,2027-04-24T13:11:47Z,2027-01-01T01:56:11Z,\N,2027-01-01T01:56:11Z,\N,1,assert
acme:principal:svc-remote-office-00239~5399aa7b9215,principal,acme,svc-remote-office-00239,service-000239,service,true,2027-04-22T18:17:26Z,2027-01-01T22:02:35Z,\N,2027-01-01T22:02:35Z,\N,1,assert
acme:principal:bg-0241~844734a663d6,principal,acme,bg-0241,break_glass-000241,break_glass,true,2027-04-24T12:57:18Z,2027-01-01T17:27:20Z,\N,2027-01-01T17:27:20Z,\N,1,assert
acme:principal:svc-remote-office-f2-00243~02009a80c278,principal,acme,svc-remote-office-f2-00243,service-000243,service,true,2027-04-20T02:22:58Z,2027-01-01T01:10:13Z,\N,2027-01-01T01:10:13Z,\N,1,assert
acme:principal:wl-000244~9bb09287f5db,principal,acme,wl-000244,workload-000244,workload,true,2027-04-20T20:38:17Z,2027-01-01T10:43:23Z,\N,2027-01-01T10:43:23Z,\N,1,assert
acme:principal:svc-remote-office-f2-r2-00245~77137d631f81,principal,acme,svc-remote-office-f2-r2-00245,service-000245,service,true,2027-01-01T18:11:07Z,2027-01-01T18:11:07Z,\N,2027-01-01T18:11:07Z,\N,1,assert
acme:principal:bg-0247~91af6f4e95a9,principal,acme,bg-0247,break_glass-000247,break_glass,true,2027-04-25T12:41:49Z,2027-01-01T04:47:43Z,\N,2027-01-01T04:47:43Z,\N,1,assert
acme:principal:svc-aws-reg-4-00249~8bc9081297a9,principal,acme,svc-aws-reg-4-00249,service-000249,service,true,2027-04-21T11:51:02Z,2027-01-01T10:47:36Z,\N,2027-01-01T10:47:36Z,\N,1,assert
acme:principal:svc-aws-reg-5-00250~ba94fa3760a4,principal,acme,svc-aws-reg-5-00250,service-000250,service,true,2027-04-21T10:58:46Z,2027-01-01T19:23:18Z,\N,2027-01-01T19:23:18Z,\N,1,assert
acme:principal:bg-0253~2fda0f1dd42f,principal,acme,bg-0253,break_glass-000253,break_glass,true,2027-04-25T06:20:01Z,2027-01-01T02:58:38Z,\N,2027-01-01T02:58:38Z,\N,1,assert
acme:principal:wl-000254~f39883779038,principal,acme,wl-000254,workload-000254,workload,true,2027-04-25T19:38:49Z,2027-01-01T05:17:14Z,\N,2027-01-01T05:17:14Z,\N,1,assert
acme:principal:svc-hq-b2-00258~805166ea83da,principal,acme,svc-hq-b2-00258,service-000258,service,true,2027-04-24T15:11:19Z,2027-01-01T13:46:20Z,\N,2027-01-01T13:46:20Z,\N,1,assert
acme:principal:ad-d6a03b4c-4a1b-4c2d-8e3f-c35df63c074b~d381a0891c58,principal,acme,ad:d6a03b4c-4a1b-4c2d-8e3f-c35df63c074b,person-000259,person,false,2027-04-21T20:11:37Z,2027-01-01T21:24:24Z,\N,2027-01-01T21:24:24Z,\N,1,assert
acme:principal:ad-4b37a9a6-4a1b-4c2d-8e3f-4e59d78b097e~9c49b037b91a,principal,acme,ad:4b37a9a6-4a1b-4c2d-8e3f-4e59d78b097e,person-000260,person,true,2027-04-23T22:28:47Z,2027-01-01T23:54:43Z,\N,2027-01-01T23:54:43Z,\N,1,assert
acme:principal:svc-remote-00261~1f78edb8f77d,principal,acme,svc-remote-00261,service-000261,service,true,2027-01-01T16:23:29Z,2027-01-01T16:23:29Z,\N,2027-01-01T16:23:29Z,\N,1,assert
acme:principal:svc-hq-b2-f2-00265~f7b021691f4f,principal,acme,svc-hq-b2-f2-00265,service-000265,service,true,2027-04-22T05:07:26Z,2027-01-01T07:46:37Z,\N,2027-01-01T07:46:37Z,\N,1,assert
acme:principal:ad-0ab5e9f3-4a1b-4c2d-8e3f-a7e3fac59952~7402a95f0e68,principal,acme,ad:0ab5e9f3-4a1b-4c2d-8e3f-a7e3fac59952,person-000266,person,true,2027-04-25T03:12:34Z,2027-01-01T04:24:23Z,\N,2027-01-01T04:24:23Z,\N,1,assert
acme:principal:svc-hq-dc1-f2-00267~c8b445867387,principal,acme,svc-hq-dc1-f2-00267,service-000267,service,true,2027-04-25T08:36:09Z,2027-01-01T11:50:02Z,\N,2027-01-01T11:50:02Z,\N,1,assert
acme:principal:ad-28c94662-4a1b-4c2d-8e3f-a75a10c72c14~1ec8e405cfc2,principal,acme,ad:28c94662-4a1b-4c2d-8e3f-a75a10c72c14,person-000268,person,true,2027-04-21T05:29:42Z,2027-01-01T21:27:59Z,\N,2027-01-01T21:27:59Z,\N,1,assert
acme:principal:ad-8f16e0a9-4a1b-4c2d-8e3f-e228a256aef8~cb37d8028a30,principal,acme,ad:8f16e0a9-4a1b-4c2d-8e3f-e228a256aef8,person-000270,person,true,2027-04-21T15:20:13Z,2027-01-01T05:10:28Z,\N,2027-01-01T05:10:28Z,\N,1,assert
acme:principal:svc-hq-b2-f1-r2-00275~3bea65e158e4,principal,acme,svc-hq-b2-f1-r2-00275,service-000275,service,true,2027-04-21T21:51:11Z,2027-01-01T10:19:26Z,\N,2027-01-01T10:19:26Z,\N,1,assert
acme:principal:svc-hq-dc1-f1-r1-00276~c2e3f16c65dc,principal,acme,svc-hq-dc1-f1-r1-00276,service-000276,service,true,2027-04-23T19:16:51Z,2027-01-01T03:21:55Z,\N,2027-01-01T03:21:55Z,\N,1,assert
acme:principal:wl-000278~9b971481c7d1,principal,acme,wl-000278,workload-000278,workload,true,2027-04-25T11:30:36Z,2027-01-01T05:54:18Z,\N,2027-01-01T05:54:18Z,\N,1,assert
acme:principal:wl-000279~3e36f994542d,principal,acme,wl-000279,workload-000279,workload,true,2027-04-20T06:00:40Z,2027-01-01T23:17:51Z,\N,2027-01-01T23:17:51Z,\N,1,assert
acme:principal:svc-hq-b1-f1-r1-rack02-00281~1207024c5e6e,principal,acme,svc-hq-b1-f1-r1-rack02-00281,service-000281,service,true,2027-04-25T23:20:36Z,2027-01-01T15:21:39Z,\N,2027-01-01T15:21:39Z,\N,1,assert
acme:principal:wl-000283~771fd7e00ecb,principal,acme,wl-000283,workload-000283,workload,true,2027-04-24T09:11:45Z,2027-01-01T21:32:37Z,\N,2027-01-01T21:32:37Z,\N,1,assert
acme:principal:wl-000284~ed3494ade991,principal,acme,wl-000284,workload-000284,workload,true,2027-04-21T23:43:30Z,2027-01-01T23:50:38Z,\N,2027-01-01T23:50:38Z,\N,1,assert
acme:principal:svc-hq-dc1-f1-r1-rack02-00285~b4a3adffe9b2,principal,acme,svc-hq-dc1-f1-r1-rack02-00285,service-000285,service,true,2027-04-24T12:41:45Z,2027-01-01T08:42:59Z,\N,2027-01-01T08:42:59Z,\N,1,assert
acme:principal:wl-000287~aa79f2bad406,principal,acme,wl-000287,workload-000287,workload,true,2027-04-20T09:38:13Z,2027-01-01T11:19:37Z,\N,2027-01-01T11:19:37Z,\N,1,assert
acme:principal:ad-881f2f91-4a1b-4c2d-8e3f-c4a2b980ef79~fc70a2da283a,principal,acme,ad:881f2f91-4a1b-4c2d-8e3f-c4a2b980ef79,person-000289,person,true,2027-04-20T12:40:12Z,2027-01-01T18:27:31Z,\N,2027-01-01T18:27:31Z,\N,1,assert
acme:principal:svc-dc2-hall1-00293~c9b4c0525702,principal,acme,svc-dc2-hall1-00293,service-000293,service,true,2027-01-01T03:49:16Z,2027-01-01T03:49:16Z,\N,2027-01-01T03:49:16Z,\N,1,assert
acme:principal:wl-000294~9f82a56c03cd,principal,acme,wl-000294,workload-000294,workload,true,2027-04-22T04:24:13Z,2027-01-01T11:47:30Z,\N,2027-01-01T11:47:30Z,\N,1,assert
acme:principal:ad-62177f6d-4a1b-4c2d-8e3f-75ee66b255ee~1ee3b9170bf9,principal,acme,ad:62177f6d-4a1b-4c2d-8e3f-75ee66b255ee,person-000295,person,true,2027-04-22T21:59:47Z,2027-01-01T09:31:45Z,\N,2027-01-01T09:31:45Z,\N,1,assert
acme:principal:svc-dc2-hall4-00296~48b866f55d8e,principal,acme,svc-dc2-hall4-00296,service-000296,service,false,2027-04-20T12:07:03Z,2027-01-01T06:48:57Z,\N,2027-01-01T06:48:57Z,\N,1,assert
acme:principal:bg-0298~6dea74e438de,principal,acme,bg-0298,break_glass-000298,break_glass,true,2027-04-22T21:28:52Z,2027-01-01T15:01:19Z,\N,2027-01-01T15:01:19Z,\N,1,assert
acme:principal:svc-dc2-hall1-rack03-00299~446f2971f7d5,principal,acme,svc-dc2-hall1-rack03-00299,service-000299,service,true,2027-04-23T21:48:36Z,2027-01-01T11:18:15Z,\N,2027-01-01T11:18:15Z,\N,1,assert
acme:principal:svc-dc2-hall2-rack01-00300~91d100aec699,principal,acme,svc-dc2-hall2-rack01-00300,service-000300,service,true,2027-04-20T17:16:40Z,2027-01-01T12:47:20Z,\N,2027-01-01T12:47:20Z,\N,1,assert
acme:principal:svc-dc2-hall2-rack03-00302~6e5043893cbe,principal,acme,svc-dc2-hall2-rack03-00302,service-000302,service,true,2027-01-01T09:05:27Z,2027-01-01T09:05:27Z,\N,2027-01-01T09:05:27Z,\N,1,assert
acme:principal:ad-2b099d14-4a1b-4c2d-8e3f-00f8ab49fe64~cdb62bbd165f,principal,acme,ad:2b099d14-4a1b-4c2d-8e3f-00f8ab49fe64,person-000306,person,true,2027-04-21T22:58:43Z,2027-01-01T20:34:27Z,\N,2027-01-01T20:34:27Z,\N,1,assert
acme:principal:wl-000307~e95fe6278b24,principal,acme,wl-000307,workload-000307,workload,true,2027-04-21T15:54:47Z,2027-01-01T11:19:16Z,\N,2027-01-01T11:19:16Z,\N,1,assert
acme:principal:svc-remote-office-f2-r2-00309~2ed5ce5dd0c7,principal,acme,svc-remote-office-f2-r2-00309,service-000309,service,true,2027-04-24T08:28:47Z,2027-01-01T12:24:57Z,\N,2027-01-01T12:24:57Z,\N,1,assert
acme:principal:wl-000273~147ec1e767e9,principal,acme,wl-000273,workload-000273,workload,true,2027-01-01T03:34:55Z,2027-01-01T03:34:55Z,\N,2027-01-02T02:58:41Z,\N,1,assert
acme:principal:svc-hq-dc1-f2-r1-rack01-00160~35e7cda7228c,principal,acme,svc-hq-dc1-f2-r1-rack01-00160,service-000160,service,true,2027-04-20T14:14:45Z,2027-01-01T06:42:20Z,\N,2027-01-02T04:34:45Z,\N,1,assert
acme:principal:svc-hq-dc1-f2-r1-rack02-00225~6df25913579e,principal,acme,svc-hq-dc1-f2-r1-rack02-00225,service-000225,service,true,2027-04-20T15:31:12Z,2027-01-01T21:31:12Z,\N,2027-01-02T07:09:22Z,\N,1,assert
acme:principal:svc-hq-dc1-f2-r1-rack04-00291~85a732cdfa49,principal,acme,svc-hq-dc1-f2-r1-rack04-00291,service-000291,service,true,2027-04-20T15:27:20Z,2027-01-01T04:49:08Z,\N,2027-01-02T11:14:22Z,\N,1,assert
acme:principal:svc-hq-dc1-f2-r1-rack03-00162~b520191245ce,principal,acme,svc-hq-dc1-f2-r1-rack03-00162,service-000162,service,true,2027-04-23T00:40:10Z,2027-01-01T08:32:47Z,\N,2027-01-02T13:26:11Z,\N,1,assert
acme:principal:svc-hq-dc1-f2-r1-rack04-00163~255256130127,principal,acme,svc-hq-dc1-f2-r1-rack04-00163,service-000163,service,true,2027-04-24T05:12:39Z,2027-01-01T01:40:03Z,\N,2027-01-02T03:55:02Z,\N,1,assert
acme:principal:svc-dc2-hall1-00165~032b71635194,principal,acme,svc-dc2-hall1-00165,service-000165,service,true,2027-04-24T07:37:24Z,2027-01-01T22:01:41Z,\N,2027-01-02T11:30:08Z,\N,1,assert
acme:principal:ad-cdce11e0-4a1b-4c2d-8e3f-5a6b5132e829~76a20210bd98,principal,acme,ad:cdce11e0-4a1b-4c2d-8e3f-5a6b5132e829,person-000166,person,true,2027-04-23T16:27:26Z,2027-01-01T06:22:47Z,\N,2027-01-02T12:59:03Z,\N,1,assert
acme:principal:svc-dc2-hall3-00167~4d62c5e58bac,principal,acme,svc-dc2-hall3-00167,service-000167,service,true,2027-04-23T10:04:14Z,2027-01-01T02:20:58Z,\N,2027-01-02T13:19:23Z,\N,1,assert
acme:principal:svc-dc2-hall1-rack02-00170~a3e610ea9e21,principal,acme,svc-dc2-hall1-rack02-00170,service-000170,service,true,2027-04-21T18:40:27Z,2027-01-01T07:48:52Z,\N,2027-01-02T19:35:11Z,\N,1,assert
acme:principal:wl-000171~aaa1258b01fa,principal,acme,wl-000171,workload-000171,workload,true,2027-04-22T16:20:50Z,2027-01-01T04:38:18Z,\N,2027-01-02T09:26:48Z,\N,1,assert
acme:principal:svc-dc2-hall2-rack01-00172~fe945ad8daa9,principal,acme,svc-dc2-hall2-rack01-00172,service-000172,service,true,2027-04-21T04:23:26Z,2027-01-01T06:46:39Z,\N,2027-01-02T02:41:47Z,\N,1,assert
acme:principal:svc-aws-reg-4-00185~d4cd2d4b243e,principal,acme,svc-aws-reg-4-00185,service-000185,service,false,2027-04-24T20:37:27Z,2027-01-01T12:58:21Z,\N,2027-01-02T12:47:58Z,\N,1,assert
acme:principal:svc-aws-reg-1-az2-00189~8b188245e212,principal,acme,svc-aws-reg-1-az2-00189,service-000189,service,true,2027-04-25T01:59:22Z,2027-01-01T19:34:53Z,\N,2027-01-02T01:31:42Z,\N,1,assert
acme:principal:wl-000192~99c8e31911de,principal,acme,wl-000192,workload-000192,workload,true,2027-04-21T17:59:05Z,2027-01-01T10:06:18Z,\N,2027-01-02T00:29:00Z,\N,1,assert
acme:principal:wl-000193~c8f804f7aa3e,principal,acme,wl-000193,workload-000193,workload,true,2027-04-23T10:38:50Z,2027-01-01T08:20:26Z,\N,2027-01-02T06:45:24Z,\N,1,assert
acme:principal:bg-0196~e3c054afe44c,principal,acme,bg-0196,break_glass-000196,break_glass,true,2027-04-25T05:27:15Z,2027-01-01T10:31:33Z,\N,2027-01-02T19:08:25Z,\N,1,assert
acme:principal:wl-000201~9ebb1860b1ca,principal,acme,wl-000201,workload-000201,workload,true,2027-04-23T22:41:01Z,2027-01-01T21:03:58Z,\N,2027-01-02T05:20:14Z,\N,1,assert
acme:principal:wl-000203~4562df6a2300,principal,acme,wl-000203,workload-000203,workload,true,2027-04-21T19:21:33Z,2027-01-01T14:46:41Z,\N,2027-01-02T00:38:06Z,\N,1,assert
acme:principal:ad-f56c7c87-4a1b-4c2d-8e3f-b40ac37f526e~b7ac87fd154e,principal,acme,ad:f56c7c87-4a1b-4c2d-8e3f-b40ac37f526e,person-000204,person,true,2027-04-20T21:45:49Z,2027-01-01T07:21:45Z,\N,2027-01-02T22:03:49Z,\N,1,assert
acme:principal:bg-0206~db62ef517549,principal,acme,bg-0206,break_glass-000206,break_glass,true,2027-04-21T03:36:17Z,2027-01-01T20:24:07Z,\N,2027-01-02T21:53:20Z,\N,1,assert
acme:principal:svc-hq-b2-f1-r1-00210~e7c8eccfa69a,principal,acme,svc-hq-b2-f1-r1-00210,service-000210,service,true,2027-04-24T06:57:44Z,2027-01-01T12:49:30Z,\N,2027-01-02T06:34:58Z,\N,1,assert
acme:principal:wl-000211~4efeac51ac5c,principal,acme,wl-000211,workload-000211,workload,true,2027-04-25T17:07:18Z,2027-01-01T04:51:08Z,\N,2027-01-02T23:42:32Z,\N,1,assert
acme:principal:ad-5d948a54-4a1b-4c2d-8e3f-827e678a7ddb~1a00ab7f6c2f,principal,acme,ad:5d948a54-4a1b-4c2d-8e3f-827e678a7ddb,person-000213,person,true,2027-04-25T00:14:47Z,2027-01-01T19:01:59Z,\N,2027-01-02T23:42:04Z,\N,1,assert
acme:principal:svc-hq-dc1-f2-r1-00214~6bead593db34,principal,acme,svc-hq-dc1-f2-r1-00214,service-000214,service,true,2027-04-20T00:23:39Z,2027-01-01T00:55:44Z,\N,2027-01-02T02:51:05Z,\N,1,assert
acme:principal:ad-c8901868-4a1b-4c2d-8e3f-ea21199035b6~34b1b885b888,principal,acme,ad:c8901868-4a1b-4c2d-8e3f-ea21199035b6,person-000217,person,true,2027-04-25T00:06:04Z,2027-01-01T15:01:41Z,\N,2027-01-02T10:04:25Z,\N,1,assert
acme:principal:svc-hq-b1-f1-r1-rack03-00218~884d87730ed1,principal,acme,svc-hq-b1-f1-r1-rack03-00218,service-000218,service,true,2027-04-20T23:57:12Z,2027-01-01T04:42:09Z,\N,2027-01-02T02:26:35Z,\N,1,assert
acme:principal:svc-hq-b1-f1-r1-rack04-00219~856cc208ed82,principal,acme,svc-hq-b1-f1-r1-rack04-00219,service-000219,service,true,2027-04-25T16:30:50Z,2027-01-01T02:14:15Z,\N,2027-01-02T15:27:12Z,\N,1,assert
acme:principal:svc-hq-dc1-f1-r1-rack02-00221~1c9bad83e167,principal,acme,svc-hq-dc1-f1-r1-rack02-00221,service-000221,service,true,2027-04-24T15:43:49Z,2027-01-01T10:28:50Z,\N,2027-01-02T09:28:06Z,\N,1,assert
acme:principal:svc-hq-dc1-f1-r1-rack03-00222~3c6c8405fb31,principal,acme,svc-hq-dc1-f1-r1-rack03-00222,service-000222,service,false,2027-04-24T01:07:45Z,2027-01-01T10:10:00Z,\N,2027-01-02T07:02:26Z,\N,1,assert
acme:principal:svc-hq-dc1-f1-r1-rack04-00223~bbc8694b5b4b,principal,acme,svc-hq-dc1-f1-r1-rack04-00223,service-000223,service,true,2027-01-01T21:21:54Z,2027-01-01T21:21:54Z,\N,2027-01-02T18:45:12Z,\N,1,assert
acme:principal:wl-000226~e1360cf44b4b,principal,acme,wl-000226,workload-000226,workload,true,2027-04-21T05:30:15Z,2027-01-01T20:50:57Z,\N,2027-01-02T07:36:29Z,\N,1,assert
acme:principal:wl-000229~69017ab6adfd,principal,acme,wl-000229,workload-000229,workload,true,2027-04-24T00:43:23Z,2027-01-01T00:33:04Z,\N,2027-01-02T08:21:34Z,\N,1,assert
acme:principal:svc-dc2-hall2-00230~2601a8832184,principal,acme,svc-dc2-hall2-00230,service-000230,service,true,2027-04-20T12:42:07Z,2027-01-01T21:52:00Z,\N,2027-01-02T11:37:30Z,\N,1,assert
acme:principal:ad-10d63336-4a1b-4c2d-8e3f-e968710baf30~a80737ad8cfd,principal,acme,ad:10d63336-4a1b-4c2d-8e3f-e968710baf30,person-000231,person,true,2027-04-24T11:22:50Z,2027-01-01T02:35:36Z,\N,2027-01-02T01:54:15Z,\N,1,assert
acme:principal:wl-000232~cefec26a3e27,principal,acme,wl-000232,workload-000232,workload,true,2027-04-21T08:42:48Z,2027-01-01T02:36:43Z,\N,2027-01-02T02:49:11Z,\N,1,assert
acme:principal:svc-dc2-hall2-rack02-00237~ed2eca0072d2,principal,acme,svc-dc2-hall2-rack02-00237,service-000237,service,true,2027-04-25T04:35:06Z,2027-01-01T09:02:24Z,\N,2027-01-02T08:44:59Z,\N,1,assert
acme:principal:svc-dc2-hall2-rack03-00238~13c559cb632c,principal,acme,svc-dc2-hall2-rack03-00238,service-000238,service,true,2027-01-01T14:04:06Z,2027-01-01T14:04:06Z,\N,2027-01-02T01:25:11Z,\N,1,assert
acme:principal:ad-b3008bf3-4a1b-4c2d-8e3f-35c4f7c6fbd2~6adac350f83b,principal,acme,ad:b3008bf3-4a1b-4c2d-8e3f-35c4f7c6fbd2,person-000240,person,true,2027-04-25T12:00:22Z,2027-01-01T06:58:29Z,\N,2027-01-02T12:49:54Z,\N,1,assert
acme:principal:ad-48fbaa08-4a1b-4c2d-8e3f-e8bb7996027a~6bda6af09828,principal,acme,ad:48fbaa08-4a1b-4c2d-8e3f-e8bb7996027a,person-000242,person,true,2027-04-24T15:39:11Z,2027-01-01T20:45:25Z,\N,2027-01-02T17:06:32Z,\N,1,assert
acme:principal:svc-aws-reg-1-00246~85ee96a18b24,principal,acme,svc-aws-reg-1-00246,service-000246,service,true,2027-04-21T05:31:08Z,2027-01-01T00:05:18Z,\N,2027-01-02T05:34:26Z,\N,1,assert
acme:principal:svc-aws-reg-3-00248~3837c8b25193,principal,acme,svc-aws-reg-3-00248,service-000248,service,true,2027-04-21T22:14:46Z,2027-01-01T03:55:12Z,\N,2027-01-02T17:28:47Z,\N,1,assert
acme:principal:ad-61a2cdd9-4a1b-4c2d-8e3f-625a0ccac5db~3fa92475aae2,principal,acme,ad:61a2cdd9-4a1b-4c2d-8e3f-625a0ccac5db,person-000251,person,true,2027-04-23T01:11:24Z,2027-01-01T05:24:22Z,\N,2027-01-02T16:05:38Z,\N,1,assert
acme:principal:ad-2ea9f0a4-4a1b-4c2d-8e3f-5e9cefa93aa0~3e934a2a7ac8,principal,acme,ad:2ea9f0a4-4a1b-4c2d-8e3f-5e9cefa93aa0,person-000252,person,true,2027-04-21T14:54:37Z,2027-01-01T15:56:09Z,\N,2027-01-02T01:05:09Z,\N,1,assert
acme:principal:ad-19ee8ead-4a1b-4c2d-8e3f-6710f49033a4~1a6c07c5a947,principal,acme,ad:19ee8ead-4a1b-4c2d-8e3f-6710f49033a4,person-000255,person,true,2027-01-01T02:14:55Z,2027-01-01T02:14:55Z,\N,2027-01-02T19:20:50Z,\N,1,assert
acme:principal:ad-00d8f5d3-4a1b-4c2d-8e3f-afaf26cfe715~aae5c6dcfc2f,principal,acme,ad:00d8f5d3-4a1b-4c2d-8e3f-afaf26cfe715,person-000256,person,true,2027-04-21T04:16:08Z,2027-01-01T00:44:15Z,\N,2027-01-02T03:06:50Z,\N,1,assert
acme:principal:wl-000257~1af5bb78abbc,principal,acme,wl-000257,workload-000257,workload,true,2027-04-21T01:42:23Z,2027-01-01T02:51:31Z,\N,2027-01-02T09:07:26Z,\N,1,assert
acme:principal:wl-000262~2859e309d286,principal,acme,wl-000262,workload-000262,workload,true,2027-04-23T19:03:08Z,2027-01-01T08:34:35Z,\N,2027-01-02T02:05:11Z,\N,1,assert
acme:principal:ad-c20f1585-4a1b-4c2d-8e3f-dc3bbe376cd3~08b2e8fff14b,principal,acme,ad:c20f1585-4a1b-4c2d-8e3f-dc3bbe376cd3,person-000263,person,true,2027-04-24T20:41:31Z,2027-01-01T08:33:17Z,\N,2027-01-02T09:56:09Z,\N,1,assert
acme:principal:svc-hq-b2-f1-00264~ef3ad31ff25e,principal,acme,svc-hq-b2-f1-00264,service-000264,service,true,2027-04-21T12:19:02Z,2027-01-01T20:28:35Z,\N,2027-01-02T05:11:38Z,\N,1,assert
acme:principal:ad-39ea884f-4a1b-4c2d-8e3f-7eba10b9dccb~41eabfd46df5,principal,acme,ad:39ea884f-4a1b-4c2d-8e3f-7eba10b9dccb,person-000269,person,true,2027-01-01T05:33:42Z,2027-01-01T05:33:42Z,\N,2027-01-02T21:24:58Z,\N,1,assert
acme:principal:svc-hq-b1-f1-r2-00271~af83b452afc3,principal,acme,svc-hq-b1-f1-r2-00271,service-000271,service,true,2027-04-24T16:16:00Z,2027-01-01T23:45:30Z,\N,2027-01-02T05:19:20Z,\N,1,assert
acme:principal:ad-cb756398-4a1b-4c2d-8e3f-626177ed8725~cf5fd2aed81e,principal,acme,ad:cb756398-4a1b-4c2d-8e3f-626177ed8725,person-000272,person,true,2027-04-21T16:34:42Z,2027-01-01T09:12:32Z,\N,2027-01-02T13:20:33Z,\N,1,assert
acme:principal:svc-hq-b2-f1-r1-00274~fde19a5b2644,principal,acme,svc-hq-b2-f1-r1-00274,service-000274,service,true,2027-01-01T05:09:12Z,2027-01-01T05:09:12Z,\N,2027-01-02T11:42:10Z,\N,1,assert
acme:principal:svc-hq-dc1-f1-r2-00277~71570bc3349e,principal,acme,svc-hq-dc1-f1-r2-00277,service-000277,service,true,2027-04-20T10:17:22Z,2027-01-01T06:18:44Z,\N,2027-01-02T16:59:26Z,\N,1,assert
acme:principal:wl-000280~b892563f8957,principal,acme,wl-000280,workload-000280,workload,true,2027-04-20T23:35:46Z,2027-01-01T02:08:00Z,\N,2027-01-02T09:50:56Z,\N,1,assert
acme:principal:svc-hq-b1-f1-r1-rack03-00282~a6b0a9cadba6,principal,acme,svc-hq-b1-f1-r1-rack03-00282,service-000282,service,true,2027-04-20T22:52:02Z,2027-01-01T07:08:47Z,\N,2027-01-02T15:19:32Z,\N,1,assert
acme:principal:svc-hq-dc1-f1-r1-rack03-00286~099b23ba1f59,principal,acme,svc-hq-dc1-f1-r1-rack03-00286,service-000286,service,true,2027-04-23T01:24:00Z,2027-01-01T16:32:21Z,\N,2027-01-02T23:00:30Z,\N,1,assert
acme:principal:ad-925fc2ff-4a1b-4c2d-8e3f-9f4f11a21552~654b20ddd8a9,principal,acme,ad:925fc2ff-4a1b-4c2d-8e3f-9f4f11a21552,person-000288,person,true,2027-04-24T13:52:04Z,2027-01-01T08:16:07Z,\N,2027-01-02T20:40:31Z,\N,1,assert
acme:principal:wl-000290~21fb6757f64c,principal,acme,wl-000290,workload-000290,workload,true,2027-04-20T09:04:00Z,2027-01-01T03:10:53Z,\N,2027-01-02T03:48:22Z,\N,1,assert
acme:principal:wl-000292~9552920ab63c,principal,acme,wl-000292,workload-000292,workload,true,2027-04-21T16:57:49Z,2027-01-01T08:55:42Z,\N,2027-01-02T19:58:43Z,\N,1,assert
acme:principal:svc-dc2-hall1-rack01-00297~347c0a10c8b7,principal,acme,svc-dc2-hall1-rack01-00297,service-000297,service,true,2027-04-23T06:08:06Z,2027-01-01T08:49:29Z,\N,2027-01-02T13:26:44Z,\N,1,assert
acme:principal:wl-000301~a574259948ff,principal,acme,wl-000301,workload-000301,workload,true,2027-01-01T14:50:02Z,2027-01-01T14:50:02Z,\N,2027-01-02T12:29:45Z,\N,1,assert
acme:principal:svc-remote-office-00303~ca4d745cb489,principal,acme,svc-remote-office-00303,service-000303,service,true,2027-04-25T02:48:20Z,2027-01-01T12:31:01Z,\N,2027-01-02T17:56:53Z,\N,1,assert
acme:principal:ad-0951342d-4a1b-4c2d-8e3f-05fcb9ab9b69~2b50d7b059b3,principal,acme,ad:0951342d-4a1b-4c2d-8e3f-05fcb9ab9b69,person-000304,person,true,2027-04-24T00:21:18Z,2027-01-01T03:22:50Z,\N,2027-01-02T18:45:13Z,\N,1,assert
acme:principal:wl-000305~399f5937360f,principal,acme,wl-000305,workload-000305,workload,true,2027-04-20T04:01:04Z,2027-01-01T19:30:59Z,\N,2027-01-02T21:21:04Z,\N,1,assert
acme:principal:wl-000308~432c9b2cfbff,principal,acme,wl-000308,workload-000308,workload,true,2027-04-21T21:43:27Z,2027-01-01T08:13:28Z,\N,2027-01-02T00:06:02Z,\N,1,assert
acme:principal:ad-5542bb56-4a1b-4c2d-8e3f-0e37c80cc320~bec402be4995,principal,acme,ad:5542bb56-4a1b-4c2d-8e3f-0e37c80cc320,person-000310,person,true,2027-04-25T00:14:22Z,2027-01-01T07:23:01Z,\N,2027-01-02T09:36:46Z,\N,1,assert
acme:principal:ad-0c2523da-4a1b-4c2d-8e3f-177553e2862c~59b9ccf391e3,principal,acme,ad:0c2523da-4a1b-4c2d-8e3f-177553e2862c,person-000311,person,true,2027-04-20T13:03:44Z,2027-01-01T12:39:15Z,\N,2027-01-02T06:56:24Z,\N,1,assert
acme:principal:wl-000312~3bffe0673217,principal,acme,wl-000312,workload-000312,workload,true,2027-04-22T04:31:00Z,2027-01-01T18:41:31Z,\N,2027-01-02T19:47:35Z,\N,1,assert
acme:principal:svc-aws-reg-4-00313~2e3fb7353fd1,principal,acme,svc-aws-reg-4-00313,service-000313,service,true,2027-01-01T05:13:05Z,2027-01-01T05:13:05Z,\N,2027-01-02T11:58:36Z,\N,1,assert
acme:principal:svc-aws-reg-5-00314~e56975a53b3c,principal,acme,svc-aws-reg-5-00314,service-000314,service,true,2027-04-24T10:07:40Z,2027-01-01T07:32:20Z,\N,2027-01-02T05:18:36Z,\N,1,assert
acme:principal:wl-000071~5c02de12265c,principal,acme,wl-000071,workload-000071,workload,true,2027-04-24T09:46:29Z,2027-01-06T10:20:49Z,\N,2027-01-07T11:23:29Z,\N,1,assert
acme:principal:wl-000031~fe76d0d1d148,principal,acme,wl-000031,workload-000031,workload,true,2027-04-25T19:36:31Z,2027-01-22T19:33:49Z,\N,2027-01-22T19:33:49Z,\N,1,assert
acme:principal:bg-0366~e372d975ba60,principal,acme,\N,\N,\N,\N,\N,2027-12-09T02:03:51Z,\N,2027-02-01T01:40:11Z,\N,2,retract
acme:principal:ad-cecb020d-4a1b-4c2d-8e3f-2283388d8fbc~48cf741eab03,principal,acme,ad:cecb020d-4a1b-4c2d-8e3f-2283388d8fbc,person-000049,person,true,2027-04-21T10:09:12Z,2027-02-15T03:04:21Z,\N,2027-02-15T03:04:21Z,\N,1,assert
acme:principal:ad-b1209004-4a1b-4c2d-8e3f-e68c41e02ba6~0df4af04c898,principal,acme,ad:b1209004-4a1b-4c2d-8e3f-e68c41e02ba6,person-000101,person,true,2027-04-21T02:50:31Z,2027-03-13T19:03:37Z,\N,2027-03-13T19:03:37Z,\N,1,assert
acme:principal:svc-aws-reg-2-az1-00062~57c4781c0831,principal,acme,svc-aws-reg-2-az1-00062,service-000062,service,true,2027-04-25T21:19:57Z,2027-03-20T03:45:00Z,\N,2027-03-20T03:45:00Z,\N,1,assert
acme:principal:ad-3ef27428-4a1b-4c2d-8e3f-6293aa68ca84~c2d37cc5f7d4,principal,acme,ad:3ef27428-4a1b-4c2d-8e3f-6293aa68ca84,person-000142,person,true,2027-04-24T13:24:36Z,2027-03-19T19:39:01Z,\N,2027-03-20T12:18:26Z,\N,1,assert
acme:principal:svc-aws-reg-1-00118~dfd95a331416,principal,acme,svc-aws-reg-1-00118,service-000118,service,true,2027-04-21T07:03:25Z,2027-03-27T03:39:06Z,\N,2027-03-27T03:39:06Z,\N,1,assert
acme:principal:svc-hq-dc1-f1-00010~571ec2f93416,principal,acme,svc-hq-dc1-f1-00010,service-000010,service,true,2027-04-20T09:14:35Z,2027-04-11T23:28:14Z,\N,2027-04-12T22:42:45Z,\N,1,assert
