entity_id,entity_type,organization_id,service_key,service_name,lifecycle_stage,lifecycle_stage_status,valid_from,valid_to,system_from,system_to,revision,operation
acme:service:svc-000000~8730c4e3ac92,service,acme,svc-000000,schneider-svc-000000,operational,end_of_support,2021-01-07T17:42:12Z,\N,2021-01-07T17:42:12Z,\N,1,assert
acme:service:svc-000001~014eea2e7ea7,service,acme,svc-000001,wagner-svc-000001,operational,in_use,2021-01-08T00:49:40Z,\N,2021-01-08T00:49:40Z,\N,1,assert
acme:service:svc-000002~a580ebf86a44,service,acme,svc-000002,pereira-svc-000002,operational,in_maintenance,2021-01-09T05:28:29Z,\N,2021-01-09T05:28:29Z,\N,1,assert
acme:service:svc-000003~afa5dfe980e5,service,acme,svc-000003,castellanos-svc-000003,operational,in_maintenance,2021-01-10T10:58:54Z,\N,2021-01-10T10:58:54Z,\N,1,assert
acme:service:svc-000004~8b82a9c39a2f,service,acme,svc-000004,jablonski-svc-000004,operational,in_use,2021-01-11T13:34:04Z,\N,2021-01-11T13:34:04Z,\N,1,assert
acme:service:svc-000005~5cf24c187690,service,acme,svc-000005,fontaine-svc-000005,operational,in_use,2021-01-12T06:34:58Z,\N,2021-01-12T06:34:58Z,\N,1,assert
acme:service:svc-000013~fbaf4ab7d1ca,service,acme,svc-000013,ivanova-svc-000013,operational,in_use,2021-01-24T11:02:02Z,\N,2021-01-30T01:33:04Z,\N,1,assert
acme:service:svc-000014~f897b684710c,service,acme,svc-000014,schneider-svc-000014,operational,in_use,2021-02-09T12:23:11Z,\N,2021-02-15T03:50:39Z,\N,1,assert
acme:service:svc-000152~0d72ef533f26,service,acme,svc-000152,bergstrom-svc-000152,operational,in_maintenance,2021-03-06T02:26:21Z,\N,2021-03-08T17:32:24Z,\N,1,assert
acme:service:svc-000147~ebdf86068801,service,acme,svc-000147,fontaine-svc-000147,operational,in_use,2021-01-17T07:40:36Z,\N,2021-03-13T22:59:28Z,\N,1,assert
acme:service:svc-000142~441144e79d15,service,acme,svc-000142,thorsen-svc-000142,operational,in_use,2021-03-28T02:36:59Z,\N,2021-05-04T10:51:19Z,\N,1,assert
acme:service:svc-000079~032b83972e3b,service,acme,svc-000079,yilmaz-svc-000079,operational,in_use,2021-04-08T10:53:30Z,\N,2021-05-20T13:34:40Z,\N,1,assert
acme:service:svc-000125~74cb06cd192e,service,acme,svc-000125,thorsen-svc-000125,operational,in_use,2021-04-12T08:42:42Z,\N,2021-05-24T01:32:03Z,\N,1,assert
acme:service:svc-000026~b29aa4b4664e,service,acme,svc-000026,gallagher-svc-000026,operational,in_use,2021-04-07T05:32:16Z,\N,2021-05-29T04:15:49Z,\N,1,assert
acme:service:svc-000151~be5868543628,service,acme,svc-000151,rasmussen-svc-000151,operational,in_use,2021-04-25T21:50:58Z,2021-10-23T22:53:59Z,2021-06-01T16:28:04Z,\N,1,assert
acme:service:svc-000017~a29aa6d805e5,service,acme,svc-000017,zhang-svc-000017,operational,in_use,2021-06-27T03:44:02Z,\N,2021-07-09T17:24:09Z,\N,1,assert
acme:service:svc-000101~663f265c1517,service,acme,svc-000101,gundersen-svc-000101,operational,in_use,2021-08-08T19:17:07Z,\N,2021-08-16T13:56:22Z,\N,1,assert
acme:service:svc-000097~f64512468127,service,acme,svc-000097,kaminski-svc-000097,operational,in_use,2021-07-28T20:05:19Z,\N,2021-09-02T09:28:13Z,\N,1,assert
acme:service:svc-000007~08dce2303212,service,acme,svc-000007,baptiste-svc-000007,operational,end_of_support,2021-08-26T16:55:17Z,2021-10-02T22:21:00Z,2021-09-23T20:47:30Z,\N,1,assert
acme:service:svc-000129~f3903f146fc0,service,acme,svc-000129,ueda-svc-000129,operational,in_use,2021-10-28T20:50:20Z,\N,2021-11-16T15:56:18Z,\N,1,assert
acme:service:svc-000133~2d7fa4c63df3,service,acme,svc-000133,zhang-svc-000133,operational,in_use,2021-10-12T13:38:40Z,\N,2021-12-06T03:06:00Z,\N,1,assert
acme:service:svc-000120~e70e37631e44,service,acme,svc-000120,weiss-svc-000120,operational,in_use,2021-12-30T04:36:31Z,\N,2022-02-03T23:41:24Z,\N,1,assert
acme:service:svc-000027~2229dfb8a05f,service,acme,svc-000027,santos-svc-000027,operational,end_of_support,2022-02-06T04:36:36Z,\N,2022-02-09T09:06:04Z,\N,1,assert
acme:service:svc-000161~7f43e5435b1f,service,acme,svc-000161,mbatha-svc-000161,operational,in_use,2022-02-22T02:40:31Z,\N,2022-02-28T23:59:56Z,\N,1,assert
acme:service:svc-000080~49e12359e1b7,service,acme,svc-000080,chowdhury-svc-000080,operational,in_use,2022-03-27T13:53:53Z,\N,2022-03-30T08:18:52Z,\N,1,assert
acme:service:svc-000033~1294bfae908d,service,acme,svc-000033,wagner-svc-000033,operational,in_use,2022-04-02T03:30:26Z,\N,2022-04-04T19:42:14Z,\N,1,assert
acme:service:svc-000102~96796341d2f1,service,acme,svc-000102,haddad-svc-000102,operational,in_use,2022-03-21T06:33:18Z,\N,2022-04-18T23:20:03Z,\N,1,assert
acme:service:svc-000022~91a8c098b8c6,service,acme,svc-000022,lindqvist-svc-000022,operational,in_use,2022-04-23T09:37:54Z,\N,2022-05-06T19:07:06Z,\N,1,assert
acme:service:svc-000148~17b80f893b70,service,acme,svc-000148,ueda-svc-000148,operational,in_use,2022-05-11T17:51:44Z,\N,2022-05-29T18:47:48Z,\N,1,assert
acme:service:svc-000144~d70157a7c997,service,acme,svc-000144,gundersen-svc-000144,operational,in_use,2022-04-24T07:56:15Z,\N,2022-06-17T18:29:32Z,\N,1,assert
acme:service:svc-000155~41e565c65ccb,service,acme,svc-000155,gundersen-svc-000155,operational,in_maintenance,2022-05-07T17:08:21Z,\N,2022-06-17T13:51:21Z,\N,1,assert
acme:service:svc-000042~ada79c207e63,service,acme,svc-000042,mbatha-svc-000042,operational,in_use,2022-06-21T08:31:11Z,\N,2022-07-27T17:03:33Z,\N,1,assert
acme:service:svc-000070~906acae576d5,service,acme,svc-000070,rasmussen-svc-000070,operational,in_use,2022-06-04T13:47:52Z,\N,2022-07-27T04:09:20Z,\N,1,assert
acme:service:svc-000089~be7d1ecb43ca,service,acme,svc-000089,pereira-svc-000089,operational,in_use,2022-08-08T03:19:57Z,2022-12-05T02:54:26Z,2022-08-08T03:19:57Z,\N,1,assert
acme:service:svc-000159~82a2acd29711,service,acme,svc-000159,rasmussen-svc-000159,operational,in_use,2022-07-05T07:19:10Z,\N,2022-08-10T10:30:20Z,\N,1,assert
acme:service:svc-000063~e24bc5c98602,service,acme,svc-000063,marchetti-svc-000063,operational,in_maintenance,2022-08-29T14:01:23Z,\N,2022-08-31T06:47:22Z,\N,1,assert
acme:service:svc-000083~a79945b1f931,service,acme,svc-000083,nakamura-svc-000083,operational,in_use,2022-07-25T23:23:20Z,\N,2022-09-14T16:02:42Z,\N,1,assert
acme:service:svc-000040~dde7b8261ca4,service,acme,svc-000040,ueda-svc-000040,operational,in_use,2022-09-16T02:04:49Z,\N,2022-09-23T06:14:56Z,\N,1,assert
acme:service:svc-000109~04d6697b7038,service,acme,svc-000109,rasmussen-svc-000109,operational,in_use,2022-08-30T13:59:27Z,\N,2022-10-15T23:03:27Z,\N,1,assert
acme:service:svc-000131~651217f42443,service,acme,svc-000131,silvestri-svc-000131,operational,in_use,2022-08-29T15:15:06Z,\N,2022-10-26T10:12:03Z,\N,1,assert
acme:service:svc-000073~d6f91ff4aeb4,service,acme,svc-000073,weiss-svc-000073,operational,in_use,2022-09-28T22:30:13Z,\N,2022-10-28T11:00:51Z,\N,1,assert
acme:service:svc-000130~4345b7759f00,service,acme,svc-000130,quintero-svc-000130,operational,in_use,2022-09-30T05:52:54Z,\N,2022-11-09T09:34:55Z,\N,1,assert
acme:service:svc-000084~296dfbe2ca7d,service,acme,svc-000084,eberhardt-svc-000084,operational,end_of_support,2022-10-19T11:24:51Z,\N,2022-12-06T05:00:09Z,\N,1,assert
acme:service:svc-000091~058a2b5708a0,service,acme,svc-000091,pereira-svc-000091,operational,in_use,2022-11-27T20:23:33Z,\N,2023-01-18T14:51:06Z,\N,1,assert
acme:service:svc-000032~16f3496161d4,service,acme,svc-000032,marchetti-svc-000032,operational,in_use,2022-11-25T09:01:19Z,\N,2023-01-24T08:59:13Z,\N,1,assert
acme:service:svc-000037~a4c32707e113,service,acme,svc-000037,novak-svc-000037,operational,in_use,2023-03-01T12:21:06Z,\N,2023-04-04T13:31:33Z,\N,1,assert
acme:service:svc-000094~bc58a3486b1c,service,acme,svc-000094,schneider-svc-000094,operational,in_use,2023-03-13T05:28:22Z,\N,2023-04-09T02:08:40Z,\N,1,assert
acme:service:svc-000106~9a22880ba6ba,service,acme,svc-000106,kaminski-svc-000106,operational,in_use,2023-03-04T01:41:29Z,\N,2023-04-20T13:05:26Z,\N,1,assert
acme:service:svc-000041~2f74c90943d7,service,acme,svc-000041,lindqvist-svc-000041,operational,in_use,2023-05-11T07:47:53Z,\N,2023-05-18T05:40:29Z,\N,1,assert
acme:service:svc-000058~e87e1d58ac45,service,acme,svc-000058,mbatha-svc-000058,operational,end_of_support,2023-05-09T20:25:59Z,\N,2023-06-06T22:47:57Z,\N,1,assert
acme:service:svc-000009~a5b6f771dc4f,service,acme,svc-000009,ueda-svc-000009,operational,in_use,2023-05-21T01:00:40Z,\N,2023-06-15T18:25:57Z,\N,1,assert
acme:service:svc-000028~0e51d53f039b,service,acme,svc-000028,haddad-svc-000028,operational,end_of_support,2023-05-29T09:08:49Z,\N,2023-06-17T18:21:48Z,\N,1,assert
acme:service:svc-000137~294e7743b831,service,acme,svc-000137,oyelaran-svc-000137,operational,in_use,2023-05-31T14:48:34Z,\N,2023-06-25T20:55:19Z,\N,1,assert
acme:service:svc-000069~e13e500b4bf1,service,acme,svc-000069,fontaine-svc-000069,operational,in_use,2023-07-07T05:51:53Z,\N,2023-07-10T02:49:17Z,\N,1,assert
acme:service:svc-000025~43bd6399aaf6,service,acme,svc-000025,jablonski-svc-000025,operational,in_use,2023-07-07T15:35:15Z,\N,2023-08-08T04:30:27Z,\N,1,assert
acme:service:svc-000141~5741761bb774,service,acme,svc-000141,yilmaz-svc-000141,operational,in_use,2023-06-28T02:09:25Z,\N,2023-08-11T07:07:27Z,\N,1,assert
acme:service:svc-000059~01af0ca3b445,service,acme,svc-000059,weiss-svc-000059,operational,in_use,2023-08-26T10:53:56Z,\N,2023-09-08T02:16:41Z,\N,1,assert
acme:service:svc-000086~19076e04c1e6,service,acme,svc-000086,nakamura-svc-000086,operational,in_use,2023-08-14T15:47:42Z,\N,2023-10-11T18:48:38Z,\N,1,assert
acme:service:svc-000064~4bb22ec19cab,service,acme,svc-000064,schneider-svc-000064,operational,in_use,2023-10-06T21:56:54Z,\N,2023-10-12T16:49:19Z,\N,1,assert
acme:service:svc-000048~7346a1bbe0c7,service,acme,svc-000048,silvestri-svc-000048,operational,in_use,2023-09-16T09:30:03Z,\N,2023-10-13T23:47:01Z,\N,1,assert
acme:service:svc-000044~5a4218a32514,service,acme,svc-000044,kaminski-svc-000044,operational,in_use,2023-08-23T10:56:40Z,\N,2023-10-18T02:52:20Z,\N,1,assert
acme:service:svc-000082~819c7c2c3ed7,service,acme,svc-000082,santos-svc-000082,operational,in_use,2023-09-26T12:02:55Z,\N,2023-10-29T09:01:33Z,\N,1,assert
acme:service:svc-000016~d578c5ceaeb2,service,acme,svc-000016,okonkwo-svc-000016,operational,end_of_support,2023-10-16T05:31:14Z,\N,2023-11-03T00:05:01Z,\N,1,assert
acme:service:svc-000110~411d41e89b33,service,acme,svc-000110,delacroix-svc-000110,operational,in_use,2023-09-16T07:43:23Z,\N,2023-11-07T07:48:03Z,\N,1,assert
acme:service:svc-000143~616a63dd4b9e,service,acme,svc-000143,oyelaran-svc-000143,operational,in_use,2023-10-31T08:58:47Z,\N,2023-12-15T11:29:17Z,\N,1,assert
acme:service:svc-000113~6a248f2602d2,service,acme,svc-000113,haddad-svc-000113,operational,in_use,2023-12-14T04:34:08Z,\N,2024-01-01T17:56:18Z,\N,1,assert
acme:service:svc-000057~f6d5624c8fbc,service,acme,svc-000057,quintero-svc-000057,operational,in_use,2023-12-01T19:20:39Z,\N,2024-01-04T05:07:44Z,2026-10-22T08:44:10Z,1,assert
acme:service:svc-000031~8e56e099cee2,service,acme,svc-000031,vaughan-svc-000031,operational,in_use,2023-11-18T12:10:13Z,\N,2024-01-06T20:12:14Z,\N,1,assert
acme:service:svc-000121~9765468145ba,service,acme,svc-000121,castellanos-svc-000121,operational,in_use,2024-01-12T15:16:59Z,\N,2024-01-12T15:16:59Z,\N,1,assert
acme:service:svc-000072~2b924ed9bbba,service,acme,svc-000072,santos-svc-000072,operational,in_maintenance,2023-12-31T06:08:35Z,\N,2024-01-30T06:28:52Z,\N,1,assert
acme:service:svc-000036~1940951d046a,service,acme,svc-000036,lindqvist-svc-000036,operational,in_use,2024-01-27T17:30:30Z,\N,2024-02-13T03:30:01Z,\N,1,assert
acme:service:svc-000162~717a6fbd4698,service,acme,svc-000162,nakamura-svc-000162,operational,in_use,2024-04-07T00:58:00Z,\N,2024-04-11T00:08:20Z,\N,1,assert
acme:service:svc-000114~7b9ce461cf17,service,acme,svc-000114,baptiste-svc-000114,operational,in_maintenance,2024-04-11T09:45:38Z,\N,2024-04-13T14:57:03Z,\N,1,assert
acme:service:svc-000127~73e44fb207dc,service,acme,svc-000127,thorsen-svc-000127,operational,in_use,2024-04-01T18:02:49Z,\N,2024-04-21T00:05:19Z,\N,1,assert
acme:service:svc-000061~db6c461c33ee,service,acme,svc-000061,schneider-svc-000061,operational,in_use,2024-04-03T17:57:48Z,\N,2024-05-24T16:44:47Z,\N,1,assert
acme:service:svc-000074~ca62f3df802d,service,acme,svc-000074,rasmussen-svc-000074,operational,in_use,2024-06-18T14:58:16Z,2024-09-30T14:22:04Z,2024-07-15T09:13:41Z,\N,1,assert
acme:service:svc-000124~9c4b58da8bac,service,acme,svc-000124,haddad-svc-000124,operational,in_use,2024-07-04T09:16:02Z,\N,2024-08-08T04:40:00Z,\N,1,assert
acme:service:svc-000100~e2d7ea992b2e,service,acme,svc-000100,quintero-svc-000100,operational,end_of_support,2024-08-04T22:20:08Z,\N,2024-08-12T12:26:34Z,\N,1,assert
acme:service:svc-000021~8560c2c6eb81,service,acme,svc-000021,gundersen-svc-000021,operational,in_use,2024-07-05T11:58:31Z,\N,2024-08-15T03:12:52Z,\N,1,assert
acme:service:svc-000065~ecc0831c5e9d,service,acme,svc-000065,novak-svc-000065,operational,in_maintenance,2024-07-03T04:25:28Z,\N,2024-08-22T16:47:09Z,\N,1,assert
acme:service:svc-000095~c0376518117b,service,acme,svc-000095,fontaine-svc-000095,operational,in_maintenance,2024-08-16T06:47:58Z,\N,2024-09-19T04:25:56Z,\N,1,assert
acme:service:svc-000043~9d2660c3e4dc,service,acme,svc-000043,marchetti-svc-000043,operational,in_maintenance,2024-08-23T21:52:33Z,\N,2024-10-11T16:21:07Z,\N,1,assert
acme:service:svc-000126~0fa23a6d521f,service,acme,svc-000126,santos-svc-000126,operational,in_use,2024-09-30T16:53:24Z,\N,2024-10-20T13:51:42Z,\N,1,assert
acme:service:svc-000168~be196baeb430,service,acme,svc-000168,thorsen-svc-000168,operational,end_of_support,2024-10-04T17:31:58Z,2025-04-20T09:17:06Z,2024-11-16T16:59:51Z,\N,1,assert
acme:service:svc-000053~064c0711875a,service,acme,svc-000053,vaughan-svc-000053,operational,in_use,2024-10-18T18:50:47Z,\N,2024-12-04T13:47:44Z,\N,1,assert
acme:service:svc-000020~927be4c15084,service,acme,svc-000020,nakamura-svc-000020,operational,in_use,2024-10-21T14:27:00Z,\N,2024-12-12T07:54:33Z,\N,1,assert
acme:service:svc-000158~4b2c3c10ae2b,service,acme,svc-000158,tanaka-svc-000158,operational,in_maintenance,2024-11-23T00:05:22Z,\N,2024-12-20T23:57:06Z,\N,1,assert
acme:service:svc-000085~329f74bccac2,service,acme,svc-000085,yilmaz-svc-000085,operational,end_of_support,2024-12-24T06:15:03Z,\N,2025-01-25T23:38:39Z,\N,1,assert
acme:service:svc-000118~9a39ae5e036d,service,acme,svc-000118,novak-svc-000118,operational,in_use,2025-01-16T11:52:53Z,\N,2025-03-11T01:23:41Z,\N,1,assert
acme:service:svc-000156~7169cf68d53d,service,acme,svc-000156,abbott-svc-000156,operational,in_use,2025-02-24T02:25:23Z,\N,2025-04-10T17:40:48Z,\N,1,assert
acme:service:svc-000045~bb3ffd2a698a,service,acme,svc-000045,ueda-svc-000045,operational,in_use,2025-05-02T16:01:27Z,\N,2025-05-08T18:05:09Z,\N,1,assert
acme:service:svc-000008~90678693044f,service,acme,svc-000008,jablonski-svc-000008,operational,in_use,2025-04-08T17:12:13Z,\N,2025-05-22T11:11:17Z,\N,1,assert
acme:service:svc-000023~4b3c71cbaa57,service,acme,svc-000023,gundersen-svc-000023,operational,in_use,2025-04-20T03:46:27Z,\N,2025-05-26T22:49:25Z,2026-03-01T18:25:35Z,1,assert
acme:service:svc-000116~3ab84069105a,service,acme,svc-000116,fontaine-svc-000116,operational,in_use,2025-06-14T09:13:09Z,\N,2025-08-06T11:32:49Z,2026-03-31T05:35:25Z,1,assert
acme:service:svc-000119~6c300cb72690,service,acme,svc-000119,baptiste-svc-000119,operational,in_use,2025-07-20T09:05:56Z,\N,2025-09-16T08:25:13Z,\N,1,assert
acme:service:svc-000011~d8e05eb16585,service,acme,svc-000011,jablonski-svc-000011,operational,in_use,2025-08-08T15:10:33Z,\N,2025-09-26T07:47:24Z,\N,1,assert
acme:service:svc-000123~23ca28a749b1,service,acme,svc-000123,bergstrom-svc-000123,operational,in_use,2025-10-08T15:04:55Z,\N,2025-11-23T16:28:18Z,\N,1,assert
acme:service:svc-000087~63bf663df6b4,service,acme,svc-000087,abbott-svc-000087,operational,in_use,2025-10-01T20:11:17Z,\N,2025-11-28T22:44:52Z,\N,1,assert
acme:service:svc-000163~7aed675dba19,service,acme,svc-000163,quintero-svc-000163,operational,in_use,2025-11-12T15:53:56Z,\N,2025-12-05T22:22:04Z,\N,1,assert
acme:service:svc-000077~f4f93e1236ac,service,acme,svc-000077,nakamura-svc-000077,operational,in_use,2025-10-30T20:22:12Z,\N,2025-12-09T12:06:59Z,\N,1,assert
acme:service:svc-000081~d0efee4fbac1,service,acme,svc-000081,gallagher-svc-000081,operational,end_of_support,2025-12-30T00:02:28Z,\N,2025-12-30T00:02:28Z,\N,1,assert
acme:service:svc-000166~4bbb603553f9,service,acme,svc-000166,tanaka-svc-000166,operational,in_use,2026-01-13T16:27:42Z,\N,2026-01-27T18:19:46Z,\N,1,assert
acme:service:svc-000134~77f523d00d66,service,acme,svc-000134,okonkwo-svc-000134,operational,in_maintenance,2026-02-10T12:15:18Z,\N,2026-02-19T11:03:09Z,\N,1,assert
acme:service:svc-000006~8c00f43c7b80,service,acme,svc-000006,pereira-svc-000006,operational,in_use,2026-01-16T05:20:51Z,\N,2026-02-26T14:53:48Z,\N,1,assert
acme:service:svc-000062~7e1401e84916,service,acme,svc-000062,fontaine-svc-000062,operational,in_use,2026-02-07T13:55:58Z,\N,2026-02-27T15:36:54Z,\N,1,assert
acme:service:svc-000023~4b3c71cbaa57,service,acme,svc-000023,gundersen-svc-000023,operational,in_maintenance,2025-04-20T03:46:27Z,\N,2026-03-01T18:25:35Z,\N,2,assert
acme:service:svc-000090~447d90b08b86,service,acme,svc-000090,novak-svc-000090,operational,in_use,2026-02-03T10:32:50Z,\N,2026-03-03T23:13:55Z,\N,1,assert
acme:service:svc-000149~f5df170a8f4d,service,acme,svc-000149,schneider-svc-000149,operational,in_use,2026-01-05T12:56:16Z,\N,2026-03-05T06:32:36Z,\N,1,assert
acme:service:svc-000034~644e71a1dca4,service,acme,svc-000034,jablonski-svc-000034,operational,in_use,2026-01-14T21:58:15Z,\N,2026-03-07T22:25:49Z,\N,1,assert
acme:service:svc-000038~24837123bade,service,acme,svc-000038,haddad-svc-000038,operational,in_use,2026-02-13T12:06:11Z,\N,2026-03-10T14:39:45Z,\N,1,assert
acme:service:svc-000167~f32d74bedc55,service,acme,svc-000167,ivanova-svc-000167,operational,in_use,2026-01-29T06:12:48Z,\N,2026-03-11T02:31:53Z,\N,1,assert
acme:service:svc-000150~4bab99e4cbde,service,acme,svc-000150,abbott-svc-000150,operational,in_use,2026-03-04T15:00:01Z,\N,2026-03-17T15:56:15Z,\N,1,assert
acme:service:svc-000089~be7d1ecb43ca,service,acme,\N,\N,\N,\N,2022-12-05T02:54:26Z,\N,2026-03-18T03:39:27Z,\N,2,retract
acme:service:svc-000012~99aa36232163,service,acme,svc-000012,yilmaz-svc-000012,operational,in_use,2026-03-01T13:07:54Z,\N,2026-03-19T00:21:18Z,\N,1,assert
acme:service:svc-000132~c61b948cb574,service,acme,svc-000132,marchetti-svc-000132,operational,end_of_support,2026-01-26T04:34:35Z,\N,2026-03-22T13:46:15Z,\N,1,assert
acme:service:svc-000055~a8b2cd6d167f,service,acme,svc-000055,mbatha-svc-000055,operational,end_of_support,2026-02-26T18:24:54Z,\N,2026-03-25T11:00:19Z,\N,1,assert
acme:service:svc-000151~be5868543628,service,acme,\N,\N,\N,\N,2021-10-23T22:53:59Z,\N,2026-03-30T16:22:35Z,\N,2,retract
acme:service:svc-000146~1aaacef74eb6,service,acme,svc-000146,kovac-svc-000146,operational,in_use,2026-02-18T22:31:19Z,\N,2026-03-30T21:05:51Z,\N,1,assert
acme:service:svc-000116~3ab84069105a,service,acme,svc-000116,fontaine-svc-000116,operational,in_maintenance,2025-06-14T09:13:09Z,\N,2026-03-31T05:35:25Z,\N,2,assert
acme:service:svc-000035~0322e38878bb,service,acme,svc-000035,mbatha-svc-000035,operational,in_use,2026-03-22T22:37:26Z,\N,2026-04-07T10:40:15Z,\N,1,assert
acme:service:svc-000099~5a9ca608318d,service,acme,svc-000099,bergstrom-svc-000099,operational,end_of_support,2026-03-21T05:17:11Z,\N,2026-04-13T12:55:27Z,\N,1,assert
acme:service:svc-000108~16b89085f7e8,service,acme,svc-000108,haddad-svc-000108,operational,in_use,2026-04-13T00:53:52Z,\N,2026-04-15T13:56:01Z,\N,1,assert
acme:service:svc-000007~08dce2303212,service,acme,\N,\N,\N,\N,2021-10-02T22:21:00Z,\N,2026-04-19T19:37:38Z,\N,2,retract
acme:service:svc-000051~ddad096e2a6c,service,acme,svc-000051,pereira-svc-000051,operational,in_use,2026-03-04T01:42:09Z,\N,2026-04-22T17:33:24Z,\N,1,assert
acme:service:svc-000067~24741a69fd32,service,acme,svc-000067,silvestri-svc-000067,operational,in_use,2026-03-08T15:56:58Z,\N,2026-04-23T01:08:52Z,\N,1,assert
acme:service:svc-000018~7cb9950bfc22,service,acme,svc-000018,haddad-svc-000018,operational,in_use,2026-04-02T18:04:38Z,\N,2026-04-27T19:33:09Z,\N,1,assert
acme:service:svc-000052~6866fbdae603,service,acme,svc-000052,tanaka-svc-000052,operational,in_use,2026-04-30T14:26:16Z,\N,2026-04-30T14:26:16Z,\N,1,assert
acme:service:svc-000096~2dc675558ae3,service,acme,svc-000096,baptiste-svc-000096,operational,end_of_support,2026-04-26T18:37:33Z,\N,2026-05-06T06:39:48Z,\N,1,assert
acme:service:svc-000165~e2c8a2197fa5,service,acme,svc-000165,eberhardt-svc-000165,operational,in_use,2026-04-07T10:51:58Z,\N,2026-05-07T16:11:39Z,\N,1,assert
acme:service:svc-000010~c6a40c809453,service,acme,svc-000010,abbott-svc-000010,operational,end_of_support,2026-05-02T02:07:43Z,\N,2026-05-11T20:08:38Z,\N,1,assert
acme:service:svc-000103~b96afe67e9dd,service,acme,svc-000103,schneider-svc-000103,operational,end_of_support,2026-05-07T00:56:13Z,\N,2026-05-12T06:58:52Z,\N,1,assert
acme:service:svc-000039~9eccbb0b5c2a,service,acme,svc-000039,abbott-svc-000039,operational,end_of_support,2026-04-02T15:19:27Z,\N,2026-05-14T14:57:20Z,\N,1,assert
acme:service:svc-000068~36358397a7e9,service,acme,svc-000068,ueda-svc-000068,operational,in_use,2026-05-17T22:41:54Z,\N,2026-06-05T15:32:46Z,\N,1,assert
acme:service:svc-000105~86a1f8fa87dc,service,acme,svc-000105,lindqvist-svc-000105,operational,in_maintenance,2026-06-04T03:34:29Z,\N,2026-06-05T13:50:10Z,\N,1,assert
acme:service:svc-000098~0d31b4365ae4,service,acme,svc-000098,marchetti-svc-000098,operational,in_use,2026-05-29T12:23:50Z,\N,2026-06-09T15:00:57Z,\N,1,assert
acme:service:svc-000169~9881ebef3cf6,service,acme,svc-000169,bergstrom-svc-000169,operational,in_use,2026-05-20T02:14:14Z,\N,2026-06-10T17:29:48Z,\N,1,assert
acme:service:svc-000122~c5772aa9a5a2,service,acme,svc-000122,wagner-svc-000122,operational,in_use,2026-04-26T13:19:38Z,\N,2026-06-13T19:49:49Z,\N,1,assert
acme:service:svc-000104~690afbc59dbd,service,acme,svc-000104,kaminski-svc-000104,operational,in_use,2026-06-14T00:05:23Z,\N,2026-06-19T04:33:00Z,\N,1,assert
acme:service:svc-000093~45e794e820d9,service,acme,svc-000093,marchetti-svc-000093,operational,in_use,2026-06-12T19:49:59Z,\N,2026-06-23T05:42:59Z,\N,1,assert
acme:service:svc-000060~3a7aa626c43f,service,acme,svc-000060,abbott-svc-000060,operational,in_use,2026-05-10T18:13:27Z,\N,2026-06-25T02:41:12Z,\N,1,assert
acme:service:svc-000145~3b4bc2d5a810,service,acme,svc-000145,delacroix-svc-000145,operational,in_use,2026-05-14T23:25:43Z,\N,2026-07-07T10:28:28Z,\N,1,assert
acme:service:svc-000049~19bc86628aa2,service,acme,svc-000049,gundersen-svc-000049,operational,in_use,2026-07-11T16:48:28Z,\N,2026-07-11T16:48:28Z,\N,1,assert
acme:service:svc-000066~ca7b4cd1a25b,service,acme,svc-000066,ueda-svc-000066,operational,in_use,2026-07-15T19:44:44Z,\N,2026-07-22T20:28:43Z,\N,1,assert
acme:service:svc-000046~95d68063c8f5,service,acme,svc-000046,bergstrom-svc-000046,operational,in_use,2026-06-11T04:18:28Z,\N,2026-08-02T06:51:50Z,\N,1,assert
acme:service:svc-000092~8b786a69d094,service,acme,svc-000092,gallagher-svc-000092,operational,in_use,2026-06-04T02:08:37Z,\N,2026-08-03T22:39:32Z,\N,1,assert
acme:service:svc-000154~14e1d0735386,service,acme,svc-000154,jablonski-svc-000154,operational,in_use,2026-08-04T10:37:13Z,\N,2026-08-08T12:28:38Z,\N,1,assert
acme:service:svc-000139~a034603f8a24,service,acme,svc-000139,abbott-svc-000139,operational,in_use,2026-06-15T17:38:11Z,\N,2026-08-12T12:43:27Z,\N,1,assert
acme:service:svc-000157~a27377b21768,service,acme,svc-000157,abbott-svc-000157,operational,in_use,2026-07-23T00:23:03Z,\N,2026-09-10T12:02:10Z,\N,1,assert
acme:service:svc-000029~61aebbd26c11,service,acme,svc-000029,ueda-svc-000029,operational,in_use,2026-08-16T05:19:50Z,\N,2026-09-16T00:24:16Z,\N,1,assert
acme:service:svc-000047~9f318418d4e7,service,acme,svc-000047,silvestri-svc-000047,operational,in_use,2026-07-26T14:45:31Z,\N,2026-09-17T17:27:37Z,\N,1,assert
acme:service:svc-000138~11247bfa5010,service,acme,svc-000138,kaminski-svc-000138,operational,end_of_support,2026-07-26T03:19:07Z,\N,2026-09-24T01:31:59Z,\N,1,assert
acme:service:svc-000168~be196baeb430,service,acme,\N,\N,\N,\N,2025-04-20T09:17:06Z,\N,2026-09-26T13:34:47Z,\N,2,retract
acme:service:svc-000111~54f5ec1f276b,service,acme,svc-000111,kovac-svc-000111,operational,in_use,2026-08-26T21:50:41Z,\N,2026-10-04T12:49:18Z,\N,1,assert
acme:service:svc-000075~07be762d0667,service,acme,svc-000075,zhang-svc-000075,operational,in_maintenance,2026-10-07T12:18:57Z,\N,2026-10-07T12:18:57Z,\N,1,assert
acme:service:svc-000136~c30e71b64d96,service,acme,svc-000136,zhang-svc-000136,operational,in_maintenance,2026-08-20T16:34:25Z,\N,2026-10-09T02:48:27Z,\N,1,assert
acme:service:svc-000112~acfe76e1152d,service,acme,svc-000112,delacroix-svc-000112,operational,in_use,2026-09-10T09:40:52Z,\N,2026-10-13T21:06:07Z,\N,1,assert
acme:service:svc-000050~df7c3d79602a,service,acme,svc-000050,wagner-svc-000050,operational,in_use,2026-08-23T19:50:36Z,\N,2026-10-14T06:51:50Z,\N,1,assert
acme:service:svc-000057~f6d5624c8fbc,service,acme,svc-000057,quintero-svc-000057,operational,end_of_support,2023-12-01T19:20:39Z,\N,2026-10-22T08:44:10Z,\N,2,assert
acme:service:svc-000153~8b94fcf21d13,service,acme,svc-000153,zhang-svc-000153,operational,in_use,2026-09-28T18:35:31Z,\N,2026-11-08T07:28:40Z,\N,1,assert
acme:service:svc-000107~13ab1b4ecf07,service,acme,svc-000107,castellanos-svc-000107,operational,in_use,2026-09-11T11:48:49Z,\N,2026-11-09T11:32:29Z,\N,1,assert
acme:service:svc-000128~e88d6aba002c,service,acme,svc-000128,schneider-svc-000128,operational,in_maintenance,2026-11-10T00:35:31Z,\N,2026-11-16T17:14:56Z,\N,1,assert
acme:service:svc-000024~e767cfdfcb0d,service,acme,svc-000024,chowdhury-svc-000024,operational,in_use,2026-11-20T16:03:57Z,\N,2026-12-06T08:21:17Z,\N,1,assert
acme:service:svc-000117~c5b708dedce5,service,acme,svc-000117,ivanova-svc-000117,operational,in_use,2026-10-09T09:05:39Z,\N,2026-12-06T12:30:43Z,\N,1,assert
acme:service:svc-000015~8ce34334a8f7,service,acme,svc-000015,novak-svc-000015,operational,in_use,2026-12-06T20:23:01Z,\N,2026-12-18T22:59:31Z,\N,1,assert
acme:service:svc-000140~5dfb66932455,service,acme,svc-000140,silvestri-svc-000140,operational,in_use,2026-10-29T22:42:35Z,\N,2026-12-22T23:53:58Z,\N,1,assert
acme:service:svc-000088~7bf53fef587f,service,acme,svc-000088,jablonski-svc-000088,operational,in_use,2026-12-24T19:59:39Z,\N,2026-12-24T19:59:39Z,\N,1,assert
acme:service:svc-000115~8023d7814105,service,acme,svc-000115,kovac-svc-000115,operational,in_use,2026-11-24T07:04:56Z,\N,2026-12-28T14:48:43Z,\N,1,assert
acme:service:svc-000019~3cd40a6d1f74,service,acme,svc-000019,abbott-svc-000019,operational,in_use,2026-12-03T09:38:27Z,\N,2026-12-29T15:14:37Z,\N,1,assert
acme:service:svc-000195~21a2e8b1a23b,service,acme,svc-000195,baptiste-svc-000195,operational,in_use,2027-01-01T04:44:53Z,\N,2027-01-03T07:38:54Z,\N,1,assert
acme:service:svc-000203~1b1a72cc605f,service,acme,svc-000203,abbott-svc-000203,operational,in_use,2027-01-01T14:46:41Z,\N,2027-01-03T15:37:30Z,\N,1,assert
acme:service:svc-000172~f9386a164637,service,acme,svc-000172,tanaka-svc-000172,operational,in_use,2027-01-01T06:46:39Z,\N,2027-01-04T10:47:12Z,\N,1,assert
acme:service:svc-000076~294e87889600,service,acme,svc-000076,quintero-svc-000076,operational,in_use,2026-12-02T21:26:39Z,2027-03-18T02:00:44Z,2027-01-05T00:10:54Z,\N,1,assert
acme:service:svc-000135~636ee534a999,service,acme,svc-000135,gallagher-svc-000135,operational,in_use,2026-12-13T17:13:36Z,\N,2027-01-05T19:35:10Z,\N,1,assert
acme:service:svc-000181~f2ef0553c350,service,acme,svc-000181,wagner-svc-000181,operational,in_use,2027-01-01T22:23:17Z,\N,2027-01-07T19:45:16Z,\N,1,assert
acme:service:svc-000201~e3be8edee274,service,acme,svc-000201,rasmussen-svc-000201,operational,in_maintenance,2027-01-01T21:03:58Z,\N,2027-01-07T11:56:55Z,\N,1,assert
acme:service:svc-000180~19a850881abc,service,acme,svc-000180,pereira-svc-000180,operational,in_use,2027-01-01T09:47:51Z,\N,2027-01-08T06:27:00Z,\N,1,assert
acme:service:svc-000177~47e859ca1ea1,service,acme,svc-000177,okonkwo-svc-000177,operational,in_use,2027-01-01T06:12:52Z,\N,2027-01-09T21:46:37Z,\N,1,assert
acme:service:svc-000200~4537e1be8821,service,acme,svc-000200,nakamura-svc-000200,operational,in_use,2027-01-01T02:13:07Z,\N,2027-01-09T07:28:53Z,\N,1,assert
acme:service:svc-000179~5e731b5846f2,service,acme,svc-000179,bergstrom-svc-000179,operational,in_use,2027-01-01T22:12:23Z,\N,2027-01-13T20:01:48Z,\N,1,assert
acme:service:svc-000205~622aaf7f5410,service,acme,svc-000205,quintero-svc-000205,operational,in_use,2027-01-01T19:57:46Z,\N,2027-01-13T15:34:35Z,\N,1,assert
acme:service:svc-000207~22ee15ef370a,service,acme,svc-000207,chowdhury-svc-000207,operational,in_use,2027-01-01T03:07:31Z,\N,2027-01-13T00:02:42Z,\N,1,assert
acme:service:svc-000160~56c46cc1164a,service,acme,svc-000160,thorsen-svc-000160,operational,in_use,2026-11-18T04:28:19Z,\N,2027-01-14T02:59:24Z,\N,1,assert
acme:service:svc-000164~97018ca95e9b,service,acme,svc-000164,lindqvist-svc-000164,operational,in_use,2026-12-18T12:55:22Z,\N,2027-01-14T15:37:49Z,\N,1,assert
acme:service:svc-000174~d59d6b870906,service,acme,svc-000174,abbott-svc-000174,operational,in_use,2027-01-01T10:57:58Z,\N,2027-01-14T05:26:03Z,\N,1,assert
acme:service:svc-000208~cdf5626847ad,service,acme,svc-000208,ivanova-svc-000208,operational,in_use,2027-01-01T08:09:04Z,\N,2027-01-14T07:55:21Z,\N,1,assert
acme:service:svc-000188~932fe8ccd333,service,acme,svc-000188,haddad-svc-000188,operational,in_use,2027-01-01T10:43:06Z,\N,2027-01-18T00:04:52Z,\N,1,assert
acme:service:svc-000194~18be73885624,service,acme,svc-000194,mbatha-svc-000194,operational,in_use,2027-01-01T21:22:05Z,\N,2027-01-18T23:49:14Z,\N,1,assert
acme:service:svc-000056~a3251094dd69,service,acme,svc-000056,delacroix-svc-000056,operational,in_use,2027-01-03T22:45:55Z,\N,2027-01-19T07:23:59Z,\N,1,assert
acme:service:svc-000206~55e0b4a42711,service,acme,svc-000206,haddad-svc-000206,operational,in_use,2027-01-01T20:24:07Z,\N,2027-01-20T21:37:52Z,\N,1,assert
acme:service:svc-000176~b67466daf4d2,service,acme,svc-000176,thorsen-svc-000176,operational,in_use,2027-01-01T04:13:18Z,\N,2027-01-21T20:14:35Z,\N,1,assert
acme:service:svc-000199~735ee63158de,service,acme,svc-000199,silvestri-svc-000199,operational,in_use,2027-01-01T20:50:02Z,\N,2027-01-21T01:50:58Z,\N,1,assert
acme:service:svc-000190~35b3efc1b743,service,acme,svc-000190,fontaine-svc-000190,operational,in_use,2027-01-01T02:55:43Z,\N,2027-01-24T13:28:23Z,\N,1,assert
acme:service:svc-000185~370d5c4e3f40,service,acme,svc-000185,novak-svc-000185,operational,in_use,2027-01-01T12:58:21Z,\N,2027-01-27T16:37:14Z,\N,1,assert
acme:service:svc-000198~c993f2645f77,service,acme,svc-000198,fontaine-svc-000198,operational,end_of_support,2027-01-01T09:04:33Z,\N,2027-01-27T03:35:56Z,\N,1,assert
acme:service:svc-000196~9b1c657277db,service,acme,svc-000196,schneider-svc-000196,operational,end_of_support,2027-01-01T10:31:33Z,\N,2027-01-27T19:38:20Z,2027-03-14T07:35:55Z,1,assert
acme:service:svc-000204~7dd4ec43f824,service,acme,svc-000204,zhang-svc-000204,operational,in_use,2027-01-01T07:21:45Z,\N,2027-01-30T15:38:20Z,\N,1,assert
acme:service:svc-000183~fcb0cead8850,service,acme,svc-000183,ivanova-svc-000183,operational,in_maintenance,2027-01-01T08:24:50Z,\N,2027-02-01T02:35:07Z,\N,1,assert
acme:service:svc-000202~314949a27145,service,acme,svc-000202,ueda-svc-000202,operational,in_use,2027-01-01T20:44:22Z,\N,2027-02-03T00:53:02Z,\N,1,assert
acme:service:svc-000078~c16c0ee10d7f,service,acme,svc-000078,ueda-svc-000078,operational,in_use,2027-01-07T10:32:42Z,\N,2027-02-09T17:58:33Z,\N,1,assert
acme:service:svc-000171~c1d37cc424b9,service,acme,svc-000171,abbott-svc-000171,operational,in_use,2027-01-01T04:38:18Z,\N,2027-02-12T03:46:48Z,\N,1,assert
acme:service:svc-000182~8e0f85a8dc3d,service,acme,svc-000182,rasmussen-svc-000182,operational,in_use,2027-01-01T20:30:12Z,\N,2027-02-15T23:54:09Z,\N,1,assert
acme:service:svc-000187~0df5dccc2723,service,acme,svc-000187,pereira-svc-000187,operational,in_use,2027-01-01T09:05:30Z,\N,2027-02-15T08:58:46Z,\N,1,assert
acme:service:svc-000173~8b4826f3809a,service,acme,svc-000173,weiss-svc-000173,operational,end_of_support,2027-01-01T12:31:14Z,\N,2027-02-16T21:36:09Z,\N,1,assert
acme:service:svc-000189~147ff1e9bde8,service,acme,svc-000189,quintero-svc-000189,operational,in_use,2027-01-01T19:34:53Z,\N,2027-02-19T16:56:20Z,\N,1,assert
acme:service:svc-000197~fff27044529c,service,acme,svc-000197,ueda-svc-000197,operational,in_use,2027-01-01T16:39:37Z,\N,2027-02-20T23:37:24Z,\N,1,assert
acme:service:svc-000193~3000f6e36103,service,acme,svc-000193,fontaine-svc-000193,operational,in_use,2027-01-01T08:20:26Z,\N,2027-02-22T20:54:07Z,\N,1,assert
acme:service:svc-000192~e5a678fdd667,service,acme,svc-000192,tanaka-svc-000192,operational,in_use,2027-01-01T10:06:18Z,\N,2027-02-22T22:07:52Z,\N,1,assert
acme:service:svc-000030~a4300be9b304,service,acme,svc-000030,castellanos-svc-000030,operational,in_use,2026-12-29T01:03:18Z,\N,2027-02-24T06:48:36Z,\N,1,assert
acme:service:svc-000170~d15a63368b76,service,acme,svc-000170,pereira-svc-000170,operational,in_use,2027-01-01T07:48:52Z,\N,2027-02-24T15:34:56Z,\N,1,assert
acme:service:svc-000209~372842a95e86,service,acme,svc-000209,yilmaz-svc-000209,operational,end_of_support,2027-01-01T04:17:14Z,\N,2027-02-24T23:37:55Z,\N,1,assert
acme:service:svc-000178~f37c521ddfe0,service,acme,svc-000178,abbott-svc-000178,operational,in_use,2027-01-01T23:38:15Z,\N,2027-02-26T09:58:12Z,\N,1,assert
acme:service:svc-000186~18c80b8078d1,service,acme,svc-000186,abbott-svc-000186,operational,in_use,2027-01-01T03:05:06Z,\N,2027-02-27T18:48:02Z,\N,1,assert
acme:service:svc-000175~b806debf0e98,service,acme,svc-000175,weiss-svc-000175,operational,end_of_support,2027-01-01T07:36:27Z,\N,2027-03-01T01:58:36Z,\N,1,assert
acme:service:svc-000184~b7dc86bd1b75,service,acme,svc-000184,weiss-svc-000184,operational,in_use,2027-01-01T13:22:37Z,\N,2027-03-01T12:10:44Z,\N,1,assert
acme:service:svc-000191~f86a4a51a443,service,acme,svc-000191,jablonski-svc-000191,operational,in_use,2027-01-01T20:50:57Z,\N,2027-03-01T18:16:45Z,\N,1,assert
acme:service:svc-000196~9b1c657277db,service,acme,svc-000196,schneider-svc-000196,operational,in_maintenance,2027-01-01T10:31:33Z,\N,2027-03-14T07:35:55Z,\N,2,assert
acme:service:svc-000071~087d00031559,service,acme,svc-000071,lindqvist-svc-000071,operational,in_use,2027-02-23T00:17:52Z,\N,2027-03-15T06:41:37Z,\N,1,assert
acme:service:svc-000076~294e87889600,service,acme,\N,\N,\N,\N,2027-03-18T02:00:44Z,\N,2027-03-24T18:18:58Z,\N,2,retract
acme:service:svc-000054~e2188fe69014,service,acme,svc-000054,zhang-svc-000054,operational,in_use,2027-02-19T06:01:24Z,\N,2027-04-12T00:40:31Z,\N,1,assert
acme:service:svc-000074~ca62f3df802d,service,acme,\N,\N,\N,\N,2024-09-30T14:22:04Z,\N,2027-04-19T01:32:18Z,\N,2,retract
