entity_id,entity_type,organization_id,volume_key,capacity_gb,lifecycle_stage,lifecycle_stage_status,valid_from,valid_to,system_from,system_to,revision,operation
acme:storage_volume:vol-0000000~21dc8a9acf71,storage_volume,acme,vol-0000000,960,operational,in_use,2021-01-07T17:42:12Z,\N,2021-01-07T17:42:12Z,\N,1,assert
acme:storage_volume:vol-0000001~1ca9b56bfc55,storage_volume,acme,vol-0000001,3840,operational,in_use,2021-01-08T00:49:40Z,\N,2021-01-08T00:49:40Z,\N,1,assert
acme:storage_volume:vol-0000002~673f5a7b6030,storage_volume,acme,vol-0000002,1920,operational,in_use,2021-01-09T05:28:29Z,\N,2021-01-09T05:28:29Z,\N,1,assert
acme:storage_volume:vol-0000003~9372562cbbeb,storage_volume,acme,vol-0000003,7680,operational,in_use,2021-01-10T10:58:54Z,\N,2021-01-10T10:58:54Z,\N,1,assert
acme:storage_volume:vol-0000004~de520a7d9adb,storage_volume,acme,vol-0000004,7680,operational,in_use,2021-01-11T13:34:04Z,\N,2021-01-11T13:34:04Z,\N,1,assert
acme:storage_volume:vol-0000005~4de67c4a9587,storage_volume,acme,vol-0000005,1920,operational,in_use,2021-01-12T06:34:58Z,\N,2021-01-12T06:34:58Z,\N,1,assert
acme:storage_volume:vol-0000115~af05c3e0d79b,storage_volume,acme,vol-0000115,1920,operational,in_use,2021-01-07T08:18:05Z,\N,2021-02-15T22:24:26Z,\N,1,assert
acme:storage_volume:vol-0000043~593b27633e14,storage_volume,acme,vol-0000043,480,operational,in_use,2021-02-14T14:08:39Z,\N,2021-02-24T17:06:53Z,\N,1,assert
acme:storage_volume:vol-0000015~92aed7e34e1d,storage_volume,acme,vol-0000015,3840,operational,in_use,2021-02-14T18:24:55Z,\N,2021-03-05T07:05:14Z,\N,1,assert
acme:storage_volume:vol-0000047~9309624c0577,storage_volume,acme,vol-0000047,1920,operational,pending_disposal,2021-02-11T19:54:17Z,2021-04-29T04:24:25Z,2021-03-06T23:06:06Z,\N,1,assert
acme:storage_volume:vol-0000183~8ab080b83382,storage_volume,acme,vol-0000183,480,operational,in_use,2021-03-13T11:33:20Z,\N,2021-03-17T09:09:08Z,\N,1,assert
acme:storage_volume:vol-0000140~2064ead65e9f,storage_volume,acme,vol-0000140,960,operational,pending_disposal,2021-04-15T06:01:45Z,\N,2021-04-20T00:12:04Z,\N,1,assert
acme:storage_volume:vol-0000071~09018fb1f3bc,storage_volume,acme,vol-0000071,7680,operational,in_use,2021-03-21T11:39:22Z,\N,2021-04-30T10:42:06Z,\N,1,assert
acme:storage_volume:vol-0000145~dbcf567079ba,storage_volume,acme,vol-0000145,960,operational,in_use,2021-04-10T16:27:34Z,\N,2021-05-11T09:03:49Z,\N,1,assert
acme:storage_volume:vol-0000110~f32630f4fff4,storage_volume,acme,vol-0000110,480,operational,in_use,2021-04-17T00:12:07Z,\N,2021-05-17T00:29:09Z,\N,1,assert
acme:storage_volume:vol-0000056~8d06fe01c2e9,storage_volume,acme,vol-0000056,7680,operational,pending_disposal,2021-05-11T02:28:39Z,\N,2021-06-01T18:47:36Z,\N,1,assert
acme:storage_volume:vol-0000202~61757b8f9951,storage_volume,acme,vol-0000202,960,operational,pending_disposal,2021-05-09T18:06:58Z,\N,2021-06-03T23:43:13Z,\N,1,assert
acme:storage_volume:vol-0000061~21199748e816,storage_volume,acme,vol-0000061,7680,operational,pending_disposal,2021-06-10T21:28:47Z,\N,2021-06-13T04:15:48Z,\N,1,assert
acme:storage_volume:vol-0000168~1d77c33fb56b,storage_volume,acme,vol-0000168,480,operational,in_use,2021-06-19T21:04:26Z,\N,2021-07-07T16:16:00Z,\N,1,assert
acme:storage_volume:vol-0000032~52a2a3a3ec92,storage_volume,acme,vol-0000032,960,operational,in_use,2021-06-02T13:40:36Z,\N,2021-07-11T05:17:58Z,\N,1,assert
acme:storage_volume:vol-0000075~2a9a97fddbf4,storage_volume,acme,vol-0000075,960,operational,in_use,2021-07-05T13:20:13Z,\N,2021-08-14T06:58:09Z,\N,1,assert
acme:storage_volume:vol-0000170~13804773e542,storage_volume,acme,vol-0000170,1920,operational,in_use,2021-08-10T19:03:44Z,\N,2021-08-18T05:28:30Z,\N,1,assert
acme:storage_volume:vol-0000133~3fb27c130f07,storage_volume,acme,vol-0000133,960,operational,in_use,2021-08-14T03:00:20Z,\N,2021-08-27T18:25:44Z,\N,1,assert
acme:storage_volume:vol-0000139~0d0ace3df4ec,storage_volume,acme,vol-0000139,3840,operational,in_use,2021-09-15T18:58:14Z,\N,2021-09-26T14:54:50Z,\N,1,assert
acme:storage_volume:vol-0000193~4f9a0f8c4b6c,storage_volume,acme,vol-0000193,960,operational,in_use,2021-09-18T13:35:40Z,\N,2021-09-26T02:13:03Z,\N,1,assert
acme:storage_volume:vol-0000216~fa699c34ebc1,storage_volume,acme,vol-0000216,7680,operational,in_use,2021-08-31T06:55:43Z,2022-05-04T07:50:43Z,2021-10-01T11:43:01Z,\N,1,assert
acme:storage_volume:vol-0000177~8366bc7588bd,storage_volume,acme,vol-0000177,7680,operational,in_use,2021-10-14T13:00:49Z,\N,2021-11-16T09:26:09Z,\N,1,assert
acme:storage_volume:vol-0000195~1c6e068879f7,storage_volume,acme,vol-0000195,7680,operational,in_use,2021-11-16T12:16:18Z,\N,2021-11-26T19:31:48Z,\N,1,assert
acme:storage_volume:vol-0000129~a1982b4a8c02,storage_volume,acme,vol-0000129,480,operational,in_use,2021-11-17T15:37:29Z,\N,2021-12-19T06:20:35Z,\N,1,assert
acme:storage_volume:vol-0000149~479f4fc4001d,storage_volume,acme,vol-0000149,7680,operational,in_use,2021-11-22T10:36:23Z,\N,2021-12-19T05:25:25Z,\N,1,assert
acme:storage_volume:vol-0000207~24b392ae6cfc,storage_volume,acme,vol-0000207,7680,operational,in_use,2021-12-13T04:57:46Z,\N,2021-12-20T19:33:44Z,\N,1,assert
acme:storage_volume:vol-0000065~9b4bb380ddac,storage_volume,acme,vol-0000065,1920,operational,in_use,2022-01-21T19:51:34Z,2022-04-26T16:38:41Z,2022-02-14T18:37:32Z,\N,1,assert
acme:storage_volume:vol-0000156~26716d4121af,storage_volume,acme,vol-0000156,7680,operational,pending_disposal,2022-01-11T04:53:10Z,\N,2022-02-15T15:19:36Z,\N,1,assert
acme:storage_volume:vol-0000153~6cb5a13502cf,storage_volume,acme,vol-0000153,1920,operational,in_use,2022-01-04T01:00:01Z,\N,2022-02-16T09:38:39Z,2022-11-15T06:13:27Z,1,assert
acme:storage_volume:vol-0000118~0c760a02d0d5,storage_volume,acme,vol-0000118,1920,operational,in_use,2022-02-01T09:06:04Z,\N,2022-02-25T14:20:10Z,\N,1,assert
acme:storage_volume:vol-0000089~8d31595662bf,storage_volume,acme,vol-0000089,3840,operational,in_use,2022-01-31T00:49:12Z,\N,2022-02-27T07:41:00Z,\N,1,assert
acme:storage_volume:vol-0000197~b54b1e220a66,storage_volume,acme,vol-0000197,7680,operational,in_use,2022-02-11T02:15:08Z,\N,2022-03-18T11:07:39Z,\N,1,assert
acme:storage_volume:vol-0000087~44c2aa8b4394,storage_volume,acme,vol-0000087,480,operational,in_use,2022-03-09T16:49:44Z,\N,2022-04-02T14:40:56Z,\N,1,assert
acme:storage_volume:vol-0000217~558129f4cea1,storage_volume,acme,vol-0000217,1920,operational,in_use,2022-03-29T03:29:44Z,\N,2022-04-17T21:15:17Z,\N,1,assert
acme:storage_volume:vol-0000191~d6a8d912f293,storage_volume,acme,vol-0000191,480,operational,in_use,2022-03-23T00:43:09Z,\N,2022-04-24T14:32:20Z,\N,1,assert
acme:storage_volume:vol-0000099~a32687726247,storage_volume,acme,vol-0000099,480,operational,pending_disposal,2022-03-22T12:18:30Z,\N,2022-05-03T06:11:22Z,\N,1,assert
acme:storage_volume:vol-0000126~5af022a942fe,storage_volume,acme,vol-0000126,480,operational,in_use,2022-04-28T03:29:38Z,\N,2022-05-05T05:38:14Z,\N,1,assert
acme:storage_volume:vol-0000132~5948d8bab582,storage_volume,acme,vol-0000132,3840,operational,pending_disposal,2022-04-22T22:36:13Z,\N,2022-05-27T08:26:59Z,\N,1,assert
acme:storage_volume:vol-0000134~faae899bf476,storage_volume,acme,vol-0000134,480,operational,in_use,2022-04-16T02:03:38Z,\N,2022-05-27T15:04:30Z,\N,1,assert
acme:storage_volume:vol-0000090~29e41c2bde44,storage_volume,acme,vol-0000090,1920,operational,in_use,2022-07-11T21:19:58Z,\N,2022-07-19T09:02:23Z,\N,1,assert
acme:storage_volume:vol-0000100~4e3d2d8a37cd,storage_volume,acme,vol-0000100,1920,operational,pending_disposal,2022-07-15T03:35:44Z,\N,2022-08-27T05:13:33Z,\N,1,assert
acme:storage_volume:vol-0000057~d0d91ef8151f,storage_volume,acme,vol-0000057,1920,operational,in_use,2022-08-02T00:21:25Z,\N,2022-09-14T00:33:47Z,\N,1,assert
acme:storage_volume:vol-0000162~568529645737,storage_volume,acme,vol-0000162,480,operational,in_use,2022-08-24T04:49:23Z,2023-03-04T08:19:10Z,2022-09-29T01:26:42Z,\N,1,assert
acme:storage_volume:vol-0000136~779f00a0476e,storage_volume,acme,vol-0000136,3840,operational,in_use,2022-08-27T13:05:51Z,\N,2022-10-02T16:43:09Z,\N,1,assert
acme:storage_volume:vol-0000114~328fd99ecebc,storage_volume,acme,vol-0000114,480,operational,pending_disposal,2022-10-20T13:12:44Z,\N,2022-10-22T14:02:28Z,\N,1,assert
acme:storage_volume:vol-0000153~6cb5a13502cf,storage_volume,acme,vol-0000153,1920,operational,in_maintenance,2022-01-04T01:00:01Z,\N,2022-11-15T06:13:27Z,\N,2,assert
acme:storage_volume:vol-0000143~30b4718c0c5a,storage_volume,acme,vol-0000143,480,operational,in_use,2022-11-29T21:42:46Z,\N,2022-12-09T09:57:32Z,\N,1,assert
acme:storage_volume:vol-0000148~c2f56741a953,storage_volume,acme,vol-0000148,480,operational,in_use,2022-11-02T00:18:29Z,\N,2022-12-14T04:21:30Z,\N,1,assert
acme:storage_volume:vol-0000198~0f35df2da1c5,storage_volume,acme,vol-0000198,480,operational,in_use,2022-12-23T11:01:58Z,\N,2022-12-27T11:33:25Z,\N,1,assert
acme:storage_volume:vol-0000163~cf6044433d10,storage_volume,acme,vol-0000163,7680,operational,in_use,2022-12-08T19:58:14Z,\N,2023-01-20T08:07:21Z,\N,1,assert
acme:storage_volume:vol-0000079~a4f4b9d8ebdc,storage_volume,acme,vol-0000079,3840,operational,in_use,2023-01-14T03:38:09Z,\N,2023-01-29T14:37:03Z,\N,1,assert
acme:storage_volume:vol-0000172~265156d68bd8,storage_volume,acme,vol-0000172,7680,operational,in_use,2023-01-06T23:38:13Z,\N,2023-02-12T12:50:57Z,\N,1,assert
acme:storage_volume:vol-0000147~c44cb32bc91d,storage_volume,acme,vol-0000147,960,operational,in_use,2023-01-21T08:49:25Z,\N,2023-03-04T19:32:32Z,\N,1,assert
acme:storage_volume:vol-0000046~6badc45d4800,storage_volume,acme,vol-0000046,3840,operational,in_use,2023-04-20T11:26:46Z,\N,2023-05-17T18:53:20Z,\N,1,assert
acme:storage_volume:vol-0000190~1458cee3f0ec,storage_volume,acme,vol-0000190,960,operational,in_use,2023-04-20T13:11:17Z,\N,2023-05-23T15:15:09Z,\N,1,assert
acme:storage_volume:vol-0000204~bbc0a30b7576,storage_volume,acme,vol-0000204,480,operational,in_use,2023-04-10T07:15:34Z,\N,2023-05-24T10:25:13Z,\N,1,assert
acme:storage_volume:vol-0000018~9a1b822b646a,storage_volume,acme,vol-0000018,7680,operational,pending_disposal,2023-05-27T02:13:29Z,\N,2023-06-02T13:35:18Z,\N,1,assert
acme:storage_volume:vol-0000088~d60d8f46744e,storage_volume,acme,vol-0000088,480,operational,in_use,2023-05-09T04:44:43Z,\N,2023-06-07T05:42:36Z,\N,1,assert
acme:storage_volume:vol-0000154~7ac7a9fed16e,storage_volume,acme,vol-0000154,960,operational,in_use,2023-06-07T00:17:12Z,\N,2023-06-30T16:50:52Z,\N,1,assert
acme:storage_volume:vol-0000164~76fbfb5bd0aa,storage_volume,acme,vol-0000164,960,operational,in_use,2023-06-22T01:05:55Z,\N,2023-07-01T12:21:41Z,\N,1,assert
acme:storage_volume:vol-0000077~492bdc8481b4,storage_volume,acme,vol-0000077,480,operational,in_use,2023-07-06T11:37:23Z,2023-10-21T23:45:01Z,2023-07-12T01:08:14Z,\N,1,assert
acme:storage_volume:vol-0000010~ac4f60b56b9c,storage_volume,acme,vol-0000010,7680,operational,pending_disposal,2023-07-03T00:07:01Z,\N,2023-07-16T22:00:24Z,\N,1,assert
acme:storage_volume:vol-0000117~31a98a7e3525,storage_volume,acme,vol-0000117,7680,operational,pending_disposal,2023-06-18T10:19:58Z,\N,2023-07-18T02:23:33Z,\N,1,assert
acme:storage_volume:vol-0000055~e39497e4a3ef,storage_volume,acme,vol-0000055,1920,operational,in_use,2023-07-17T02:16:01Z,\N,2023-07-23T10:09:33Z,\N,1,assert
acme:storage_volume:vol-0000022~e17cf201afc2,storage_volume,acme,vol-0000022,7680,operational,in_use,2023-08-08T07:45:23Z,\N,2023-09-15T10:01:05Z,\N,1,assert
acme:storage_volume:vol-0000103~e4a12ce9f751,storage_volume,acme,vol-0000103,960,operational,in_use,2023-11-15T01:45:23Z,\N,2023-11-19T02:08:21Z,\N,1,assert
acme:storage_volume:vol-0000019~f01ade132be1,storage_volume,acme,vol-0000019,960,operational,pending_disposal,2023-11-16T08:54:53Z,\N,2023-12-13T01:16:45Z,\N,1,assert
acme:storage_volume:vol-0000094~b53befdc0512,storage_volume,acme,vol-0000094,960,operational,in_use,2023-12-23T01:59:01Z,\N,2024-01-08T23:23:27Z,\N,1,assert
acme:storage_volume:vol-0000209~c15492352bfe,storage_volume,acme,vol-0000209,1920,operational,in_use,2024-01-04T08:54:39Z,\N,2024-01-22T15:54:05Z,\N,1,assert
acme:storage_volume:vol-0000091~2e87e38bc5ea,storage_volume,acme,vol-0000091,480,operational,in_use,2023-12-31T11:35:56Z,\N,2024-01-24T00:41:52Z,\N,1,assert
acme:storage_volume:vol-0000086~22fb87c2e792,storage_volume,acme,vol-0000086,3840,operational,in_use,2024-01-22T10:04:00Z,\N,2024-02-01T23:40:46Z,\N,1,assert
acme:storage_volume:vol-0000192~833a9c1b8f90,storage_volume,acme,vol-0000192,3840,operational,in_use,2024-01-31T11:23:49Z,\N,2024-02-01T22:17:17Z,\N,1,assert
acme:storage_volume:vol-0000011~3be193f4a47e,storage_volume,acme,vol-0000011,3840,operational,in_use,2024-04-30T05:01:31Z,\N,2024-06-04T15:14:53Z,\N,1,assert
acme:storage_volume:vol-0000120~a082cf2e4867,storage_volume,acme,vol-0000120,7680,operational,pending_disposal,2024-06-28T23:24:24Z,\N,2024-07-12T07:24:10Z,\N,1,assert
acme:storage_volume:vol-0000017~006493efed4c,storage_volume,acme,vol-0000017,480,operational,in_use,2024-06-07T21:00:44Z,2024-07-24T05:50:33Z,2024-07-17T07:53:04Z,\N,1,assert
acme:storage_volume:vol-0000027~c229051d2522,storage_volume,acme,vol-0000027,960,operational,in_use,2024-07-16T12:46:30Z,\N,2024-07-23T03:13:04Z,\N,1,assert
acme:storage_volume:vol-0000108~fcccc5dd80a6,storage_volume,acme,vol-0000108,7680,operational,pending_disposal,2024-08-07T15:04:50Z,\N,2024-08-14T20:09:20Z,\N,1,assert
acme:storage_volume:vol-0000141~475b04c6c457,storage_volume,acme,vol-0000141,1920,operational,in_use,2024-07-16T21:11:00Z,\N,2024-08-26T22:11:55Z,\N,1,assert
acme:storage_volume:vol-0000009~b3250e4044e7,storage_volume,acme,vol-0000009,1920,operational,in_use,2024-07-29T14:48:06Z,\N,2024-09-03T11:47:38Z,\N,1,assert
acme:storage_volume:vol-0000062~8a0707e2cfb7,storage_volume,acme,vol-0000062,1920,operational,pending_disposal,2024-08-19T01:23:39Z,\N,2024-09-13T02:17:17Z,\N,1,assert
acme:storage_volume:vol-0000173~357d22db84a4,storage_volume,acme,vol-0000173,1920,operational,in_use,2024-11-02T20:55:12Z,\N,2024-11-19T16:00:54Z,\N,1,assert
acme:storage_volume:vol-0000033~0afe5bc16bb4,storage_volume,acme,vol-0000033,1920,operational,pending_disposal,2024-11-02T17:30:56Z,\N,2024-11-24T10:19:11Z,\N,1,assert
acme:storage_volume:vol-0000128~2119798c32b3,storage_volume,acme,vol-0000128,480,operational,in_use,2024-11-18T22:01:08Z,\N,2024-12-01T09:45:11Z,\N,1,assert
acme:storage_volume:vol-0000049~b098409c1e36,storage_volume,acme,vol-0000049,960,operational,pending_disposal,2024-11-29T15:50:55Z,\N,2024-12-13T19:53:06Z,\N,1,assert
acme:storage_volume:vol-0000213~3492502df362,storage_volume,acme,vol-0000213,1920,operational,in_use,2024-11-23T03:35:41Z,\N,2024-12-17T09:01:49Z,\N,1,assert
acme:storage_volume:vol-0000122~e59e34e285f1,storage_volume,acme,vol-0000122,3840,operational,in_use,2024-12-15T22:52:59Z,\N,2025-01-06T16:04:51Z,\N,1,assert
acme:storage_volume:vol-0000157~37ef5d6cc965,storage_volume,acme,vol-0000157,3840,operational,in_use,2025-01-20T21:13:28Z,\N,2025-01-26T02:08:04Z,\N,1,assert
acme:storage_volume:vol-0000068~1fbf14edd15e,storage_volume,acme,vol-0000068,960,operational,in_use,2024-12-19T09:06:38Z,2025-03-27T01:49:57Z,2025-01-26T17:23:11Z,\N,1,assert
acme:storage_volume:vol-0000187~bcec40fd997e,storage_volume,acme,vol-0000187,960,operational,in_use,2025-01-30T18:19:46Z,\N,2025-03-02T00:34:10Z,\N,1,assert
acme:storage_volume:vol-0000070~d283948a4d2c,storage_volume,acme,vol-0000070,7680,operational,in_use,2025-02-19T07:30:53Z,\N,2025-03-08T12:23:12Z,\N,1,assert
acme:storage_volume:vol-0000059~7407a1b47604,storage_volume,acme,vol-0000059,1920,operational,in_use,2025-02-22T12:02:01Z,\N,2025-03-27T08:09:41Z,\N,1,assert
acme:storage_volume:vol-0000124~dc936b092bcd,storage_volume,acme,vol-0000124,3840,operational,in_use,2025-03-09T22:10:53Z,\N,2025-04-07T07:05:39Z,\N,1,assert
acme:storage_volume:vol-0000076~1ada24f015d2,storage_volume,acme,vol-0000076,960,operational,pending_disposal,2025-04-01T12:58:15Z,\N,2025-04-10T18:50:35Z,\N,1,assert
acme:storage_volume:vol-0000109~27f550084f09,storage_volume,acme,vol-0000109,960,operational,in_use,2025-03-18T15:07:53Z,\N,2025-04-18T20:30:41Z,2027-01-12T21:11:04Z,1,assert
acme:storage_volume:vol-0000053~7d50797fd49a,storage_volume,acme,vol-0000053,1920,operational,pending_disposal,2025-05-03T16:07:38Z,\N,2025-05-13T15:49:02Z,\N,1,assert
acme:storage_volume:vol-0000044~4d9fa55f567a,storage_volume,acme,vol-0000044,7680,operational,in_use,2025-05-01T10:13:04Z,\N,2025-05-21T11:29:20Z,\N,1,assert
acme:storage_volume:vol-0000067~d8a482f8dc81,storage_volume,acme,vol-0000067,7680,operational,in_use,2025-05-30T11:38:33Z,\N,2025-05-31T12:09:27Z,\N,1,assert
acme:storage_volume:vol-0000205~925caf388e98,storage_volume,acme,vol-0000205,1920,operational,pending_disposal,2025-05-21T21:51:04Z,\N,2025-06-04T04:28:22Z,\N,1,assert
acme:storage_volume:vol-0000180~4b2542e78eb8,storage_volume,acme,vol-0000180,3840,operational,in_use,2025-05-11T13:53:27Z,\N,2025-06-07T15:39:07Z,\N,1,assert
acme:storage_volume:vol-0000189~fe703b29a692,storage_volume,acme,vol-0000189,480,operational,in_use,2025-05-01T13:32:25Z,\N,2025-06-11T04:04:39Z,\N,1,assert
acme:storage_volume:vol-0000045~c8ec06914143,storage_volume,acme,vol-0000045,7680,operational,pending_disposal,2025-06-01T09:38:19Z,\N,2025-06-13T03:57:25Z,\N,1,assert
acme:storage_volume:vol-0000119~58c10bef4f87,storage_volume,acme,vol-0000119,1920,operational,in_use,2025-06-14T13:26:55Z,\N,2025-06-23T10:44:51Z,\N,1,assert
acme:storage_volume:vol-0000020~c50e1ddb6071,storage_volume,acme,vol-0000020,3840,operational,in_use,2025-06-14T21:33:36Z,\N,2025-07-16T15:00:58Z,\N,1,assert
acme:storage_volume:vol-0000021~9953d74fe5d2,storage_volume,acme,vol-0000021,960,operational,in_use,2025-06-21T04:05:56Z,\N,2025-07-26T17:31:16Z,\N,1,assert
acme:storage_volume:vol-0000006~71f9f3ce6e06,storage_volume,acme,vol-0000006,1920,operational,in_use,2025-07-26T19:33:56Z,\N,2025-07-31T16:15:48Z,\N,1,assert
acme:storage_volume:vol-0000152~33270333cb00,storage_volume,acme,vol-0000152,3840,operational,in_use,2025-07-29T05:25:54Z,\N,2025-08-05T22:04:46Z,\N,1,assert
acme:storage_volume:vol-0000179~9272bab24f5f,storage_volume,acme,vol-0000179,1920,operational,in_use,2025-07-20T01:29:24Z,\N,2025-08-07T13:49:46Z,\N,1,assert
acme:storage_volume:vol-0000158~70cfa74f1a45,storage_volume,acme,vol-0000158,960,operational,pending_disposal,2025-08-31T09:47:51Z,\N,2025-09-03T20:51:27Z,\N,1,assert
acme:storage_volume:vol-0000081~fcdc2610762d,storage_volume,acme,vol-0000081,480,operational,in_use,2025-07-31T22:31:53Z,\N,2025-09-05T22:26:55Z,\N,1,assert
acme:storage_volume:vol-0000051~bae6d24f5b5d,storage_volume,acme,vol-0000051,7680,operational,pending_disposal,2025-08-27T01:52:41Z,\N,2025-09-25T15:39:28Z,2027-03-01T11:43:44Z,1,assert
acme:storage_volume:vol-0000210~18e86e21ca61,storage_volume,acme,vol-0000210,7680,operational,pending_disposal,2025-09-24T11:09:15Z,\N,2025-09-30T12:05:57Z,\N,1,assert
acme:storage_volume:vol-0000211~e23548b8628c,storage_volume,acme,vol-0000211,1920,operational,in_use,2025-08-20T00:36:58Z,\N,2025-10-03T04:13:04Z,\N,1,assert
acme:storage_volume:vol-0000106~e6e1d54d4fd2,storage_volume,acme,vol-0000106,1920,operational,in_use,2025-08-29T01:30:42Z,2026-01-12T05:12:12Z,2025-10-12T18:23:23Z,\N,1,assert
acme:storage_volume:vol-0000201~ebddeedbfce5,storage_volume,acme,vol-0000201,480,operational,in_use,2025-11-04T19:16:25Z,\N,2025-11-09T19:57:59Z,\N,1,assert
acme:storage_volume:vol-0000176~49168357eca3,storage_volume,acme,vol-0000176,7680,operational,in_use,2025-11-08T00:04:13Z,\N,2025-11-30T17:00:06Z,\N,1,assert
acme:storage_volume:vol-0000054~4306ed8ddcfc,storage_volume,acme,vol-0000054,3840,operational,in_use,2025-11-11T20:28:10Z,\N,2025-12-17T22:36:09Z,\N,1,assert
acme:storage_volume:vol-0000203~4acfb0642ed9,storage_volume,acme,vol-0000203,960,operational,in_use,2025-12-10T12:10:55Z,2026-07-31T21:09:51Z,2025-12-19T12:45:01Z,\N,1,assert
acme:storage_volume:vol-0000212~89a19d669663,storage_volume,acme,vol-0000212,1920,operational,in_use,2025-11-19T16:39:16Z,\N,2025-12-25T04:10:13Z,\N,1,assert
acme:storage_volume:vol-0000155~9de7c378b96a,storage_volume,acme,vol-0000155,480,operational,in_use,2025-12-12T16:28:40Z,\N,2026-01-04T14:28:25Z,2026-12-30T11:53:56Z,1,assert
acme:storage_volume:vol-0000219~5ef9bbc8c0fd,storage_volume,acme,vol-0000219,7680,operational,in_use,2025-11-30T16:34:42Z,\N,2026-01-11T04:48:31Z,\N,1,assert
acme:storage_volume:vol-0000092~596e5078fb22,storage_volume,acme,vol-0000092,3840,operational,in_use,2025-12-28T10:18:07Z,\N,2026-01-12T09:07:38Z,\N,1,assert
acme:storage_volume:vol-0000218~f0b42fac31be,storage_volume,acme,vol-0000218,480,operational,in_use,2026-01-08T00:10:38Z,\N,2026-01-12T01:19:06Z,\N,1,assert
acme:storage_volume:vol-0000199~4aa6665987bf,storage_volume,acme,vol-0000199,1920,operational,in_use,2026-01-02T00:14:24Z,\N,2026-01-15T19:25:27Z,\N,1,assert
acme:storage_volume:vol-0000111~e19bad991bc3,storage_volume,acme,vol-0000111,7680,operational,pending_disposal,2026-01-17T17:42:38Z,\N,2026-01-22T12:05:05Z,\N,1,assert
acme:storage_volume:vol-0000025~08214c58d297,storage_volume,acme,vol-0000025,7680,operational,pending_disposal,2026-01-03T03:01:07Z,\N,2026-01-23T22:20:06Z,\N,1,assert
acme:storage_volume:vol-0000066~e38005aef044,storage_volume,acme,vol-0000066,7680,operational,in_use,2025-12-31T04:20:43Z,\N,2026-01-26T09:52:28Z,\N,1,assert
acme:storage_volume:vol-0000106~e6e1d54d4fd2,storage_volume,acme,\N,\N,\N,\N,2026-01-12T05:12:12Z,\N,2026-02-03T10:30:05Z,\N,2,retract
acme:storage_volume:vol-0000031~71bbd6ab964f,storage_volume,acme,vol-0000031,1920,operational,pending_disposal,2026-01-06T21:00:00Z,\N,2026-02-06T02:32:16Z,\N,1,assert
acme:storage_volume:vol-0000113~8924e38a2c6b,storage_volume,acme,vol-0000113,7680,operational,in_use,2026-01-31T21:52:18Z,\N,2026-02-13T20:15:30Z,2026-10-04T15:07:42Z,1,assert
acme:storage_volume:vol-0000171~835322c0da4c,storage_volume,acme,vol-0000171,3840,operational,in_use,2026-02-10T17:48:23Z,\N,2026-02-16T14:41:51Z,\N,1,assert
acme:storage_volume:vol-0000014~6647075e6eb7,storage_volume,acme,vol-0000014,960,operational,in_use,2026-01-24T04:09:59Z,\N,2026-02-17T14:34:04Z,\N,1,assert
acme:storage_volume:vol-0000102~da36ae0968ad,storage_volume,acme,vol-0000102,1920,operational,in_use,2026-01-29T08:13:28Z,\N,2026-02-19T01:29:13Z,\N,1,assert
acme:storage_volume:vol-0000159~03536dd98112,storage_volume,acme,vol-0000159,480,operational,in_use,2026-02-12T12:45:35Z,\N,2026-02-28T15:15:39Z,\N,1,assert
acme:storage_volume:vol-0000214~ed85bbc043fa,storage_volume,acme,vol-0000214,3840,operational,in_use,2026-02-20T11:08:12Z,\N,2026-03-07T23:05:08Z,\N,1,assert
acme:storage_volume:vol-0000169~b05c7d43c9de,storage_volume,acme,vol-0000169,480,operational,in_use,2026-02-21T21:10:05Z,\N,2026-03-13T16:18:31Z,\N,1,assert
acme:storage_volume:vol-0000041~34c03cbcb953,storage_volume,acme,vol-0000041,3840,operational,in_use,2026-03-10T10:37:59Z,\N,2026-03-20T17:40:31Z,\N,1,assert
acme:storage_volume:vol-0000047~9309624c0577,storage_volume,acme,\N,\N,\N,\N,2021-04-29T04:24:25Z,\N,2026-04-04T09:41:10Z,\N,2,retract
acme:storage_volume:vol-0000203~4acfb0642ed9,storage_volume,acme,\N,\N,\N,\N,2026-07-31T21:09:51Z,\N,2026-04-13T04:19:11Z,\N,2,retract
acme:storage_volume:vol-0000040~fbbb221ac402,storage_volume,acme,vol-0000040,960,operational,pending_disposal,2026-03-18T19:17:28Z,\N,2026-04-22T23:32:29Z,\N,1,assert
acme:storage_volume:vol-0000063~2c2ff7c745dc,storage_volume,acme,vol-0000063,960,operational,in_use,2026-04-05T15:50:09Z,\N,2026-04-23T21:09:05Z,\N,1,assert
acme:storage_volume:vol-0000034~52aaf1e76586,storage_volume,acme,vol-0000034,1920,operational,in_use,2026-03-25T18:56:29Z,\N,2026-04-30T20:46:00Z,\N,1,assert
acme:storage_volume:vol-0000077~492bdc8481b4,storage_volume,acme,\N,\N,\N,\N,2023-10-21T23:45:01Z,\N,2026-05-04T20:57:33Z,\N,2,retract
acme:storage_volume:vol-0000206~045bd5987c4f,storage_volume,acme,vol-0000206,7680,operational,pending_disposal,2026-03-30T16:49:01Z,\N,2026-05-05T19:39:55Z,\N,1,assert
acme:storage_volume:vol-0000095~efd95d4fc482,storage_volume,acme,vol-0000095,7680,operational,in_use,2026-04-04T03:52:10Z,\N,2026-05-06T16:52:00Z,\N,1,assert
acme:storage_volume:vol-0000013~5922ee7b3215,storage_volume,acme,vol-0000013,7680,operational,in_use,2026-04-16T11:00:54Z,\N,2026-05-12T21:47:07Z,\N,1,assert
acme:storage_volume:vol-0000093~9c5d2ff4d7b2,storage_volume,acme,vol-0000093,960,operational,in_use,2026-05-05T22:30:20Z,\N,2026-05-15T04:41:14Z,\N,1,assert
acme:storage_volume:vol-0000107~23bfc1f4e4db,storage_volume,acme,vol-0000107,7680,operational,in_use,2026-04-09T15:58:40Z,\N,2026-05-15T23:54:47Z,\N,1,assert
acme:storage_volume:vol-0000160~d61fb382cf78,storage_volume,acme,vol-0000160,3840,operational,in_use,2026-04-15T22:55:03Z,\N,2026-05-17T03:28:56Z,\N,1,assert
acme:storage_volume:vol-0000200~6bb33fe0f746,storage_volume,acme,vol-0000200,7680,operational,pending_disposal,2026-04-15T13:48:47Z,\N,2026-05-20T18:10:32Z,\N,1,assert
acme:storage_volume:vol-0000208~a26901ff970a,storage_volume,acme,vol-0000208,7680,operational,pending_disposal,2026-05-08T02:51:39Z,\N,2026-05-20T09:12:43Z,\N,1,assert
acme:storage_volume:vol-0000186~1eb16f02cd7d,storage_volume,acme,vol-0000186,3840,operational,in_use,2026-05-13T02:31:01Z,\N,2026-05-21T05:44:04Z,\N,1,assert
acme:storage_volume:vol-0000184~0aef0695e7aa,storage_volume,acme,vol-0000184,3840,operational,in_use,2026-04-13T10:02:59Z,\N,2026-05-24T19:58:30Z,\N,1,assert
acme:storage_volume:vol-0000150~1491a565c62a,storage_volume,acme,vol-0000150,960,operational,in_use,2026-04-26T16:58:39Z,\N,2026-05-25T16:50:15Z,\N,1,assert
acme:storage_volume:vol-0000181~9ba3b0c16e02,storage_volume,acme,vol-0000181,3840,operational,in_use,2026-05-07T10:55:55Z,\N,2026-05-27T13:53:06Z,\N,1,assert
acme:storage_volume:vol-0000074~b97edc157c9b,storage_volume,acme,vol-0000074,3840,operational,in_use,2026-05-01T18:21:41Z,\N,2026-05-29T01:50:22Z,\N,1,assert
acme:storage_volume:vol-0000123~f3420c47d3d1,storage_volume,acme,vol-0000123,480,operational,in_use,2026-04-29T14:54:09Z,\N,2026-05-29T06:23:28Z,\N,1,assert
acme:storage_volume:vol-0000137~3c80276e33ce,storage_volume,acme,vol-0000137,7680,operational,in_use,2026-04-20T06:38:40Z,\N,2026-05-29T08:36:51Z,\N,1,assert
acme:storage_volume:vol-0000138~0cd958345d56,storage_volume,acme,vol-0000138,1920,operational,in_use,2026-04-21T08:54:18Z,\N,2026-05-31T12:09:05Z,\N,1,assert
acme:storage_volume:vol-0000188~e9f98cd4ae19,storage_volume,acme,vol-0000188,7680,operational,in_use,2026-05-18T20:24:09Z,\N,2026-06-02T13:25:19Z,\N,1,assert
acme:storage_volume:vol-0000007~69c92e2edf25,storage_volume,acme,vol-0000007,7680,operational,in_use,2026-05-27T03:48:35Z,\N,2026-06-09T09:30:31Z,\N,1,assert
acme:storage_volume:vol-0000037~371ef0ff5931,storage_volume,acme,vol-0000037,960,operational,pending_disposal,2026-05-14T08:28:53Z,\N,2026-06-10T20:21:36Z,\N,1,assert
acme:storage_volume:vol-0000085~269474a44455,storage_volume,acme,vol-0000085,3840,operational,in_use,2026-06-06T07:29:22Z,\N,2026-06-12T01:44:27Z,\N,1,assert
acme:storage_volume:vol-0000038~6661dd0fd127,storage_volume,acme,vol-0000038,7680,operational,in_use,2026-05-31T05:22:56Z,\N,2026-06-15T21:34:46Z,\N,1,assert
acme:storage_volume:vol-0000175~b4c10b7196f5,storage_volume,acme,vol-0000175,3840,operational,pending_disposal,2026-05-30T02:43:02Z,\N,2026-06-21T18:52:59Z,\N,1,assert
acme:storage_volume:vol-0000185~c7494c096a83,storage_volume,acme,vol-0000185,480,operational,in_use,2026-07-14T10:13:28Z,\N,2026-08-03T02:18:51Z,\N,1,assert
acme:storage_volume:vol-0000130~6a6f9db3f741,storage_volume,acme,vol-0000130,3840,operational,in_use,2026-07-21T15:53:02Z,\N,2026-08-16T07:59:47Z,\N,1,assert
acme:storage_volume:vol-0000135~464174a5aa16,storage_volume,acme,vol-0000135,7680,operational,in_use,2026-07-25T13:10:23Z,\N,2026-08-22T18:45:09Z,\N,1,assert
acme:storage_volume:vol-0000112~c47ef7b1a904,storage_volume,acme,vol-0000112,1920,operational,in_use,2026-08-17T18:36:37Z,\N,2026-08-25T23:18:08Z,\N,1,assert
acme:storage_volume:vol-0000196~364917f4ad0a,storage_volume,acme,vol-0000196,1920,operational,in_use,2026-07-19T19:31:58Z,\N,2026-08-25T10:49:40Z,\N,1,assert
acme:storage_volume:vol-0000078~6b4e2840ad7f,storage_volume,acme,vol-0000078,480,operational,pending_disposal,2026-07-30T20:11:36Z,\N,2026-08-31T22:06:02Z,\N,1,assert
acme:storage_volume:vol-0000097~2a6a1dd6ea0c,storage_volume,acme,vol-0000097,1920,operational,pending_disposal,2026-08-25T03:36:51Z,\N,2026-09-08T16:31:00Z,\N,1,assert
acme:storage_volume:vol-0000042~8e730f0f7ef4,storage_volume,acme,vol-0000042,3840,operational,in_use,2026-08-18T06:06:03Z,\N,2026-09-11T20:34:26Z,\N,1,assert
acme:storage_volume:vol-0000048~ea6a67214edb,storage_volume,acme,vol-0000048,960,operational,in_use,2026-08-19T11:03:30Z,\N,2026-09-18T09:37:39Z,\N,1,assert
acme:storage_volume:vol-0000028~e299b0bb8362,storage_volume,acme,vol-0000028,7680,operational,in_use,2026-09-19T14:32:49Z,\N,2026-09-21T10:43:16Z,\N,1,assert
acme:storage_volume:vol-0000182~1b971088bdbc,storage_volume,acme,vol-0000182,480,operational,in_use,2026-08-14T11:34:29Z,\N,2026-09-23T10:39:04Z,\N,1,assert
acme:storage_volume:vol-0000064~61f3e4b621a2,storage_volume,acme,vol-0000064,480,operational,pending_disposal,2026-08-24T03:51:12Z,\N,2026-09-25T02:44:26Z,\N,1,assert
acme:storage_volume:vol-0000017~006493efed4c,storage_volume,acme,\N,\N,\N,\N,2024-07-24T05:50:33Z,\N,2026-09-25T04:18:16Z,\N,2,retract
acme:storage_volume:vol-0000016~af27a10c90ff,storage_volume,acme,vol-0000016,960,operational,in_use,2026-09-13T07:10:03Z,\N,2026-09-27T23:21:03Z,\N,1,assert
acme:storage_volume:vol-0000113~8924e38a2c6b,storage_volume,acme,vol-0000113,7680,operational,in_maintenance,2026-01-31T21:52:18Z,\N,2026-10-04T15:07:42Z,\N,2,assert
acme:storage_volume:vol-0000036~c32a9402e502,storage_volume,acme,vol-0000036,480,operational,in_use,2026-09-23T20:54:19Z,\N,2026-10-07T06:55:34Z,\N,1,assert
acme:storage_volume:vol-0000216~fa699c34ebc1,storage_volume,acme,\N,\N,\N,\N,2022-05-04T07:50:43Z,\N,2026-10-11T16:19:43Z,\N,2,retract
acme:storage_volume:vol-0000178~406df57aa8ca,storage_volume,acme,vol-0000178,7680,operational,in_use,2026-10-14T19:13:15Z,\N,2026-10-14T19:13:15Z,2027-01-27T10:56:30Z,1,assert
acme:storage_volume:vol-0000029~6a2858de4714,storage_volume,acme,vol-0000029,3840,operational,pending_disposal,2026-09-21T01:46:30Z,\N,2026-10-23T01:04:18Z,\N,1,assert
acme:storage_volume:vol-0000072~5cd641bbafc8,storage_volume,acme,vol-0000072,960,operational,pending_disposal,2026-09-23T01:11:17Z,\N,2026-10-30T06:02:48Z,\N,1,assert
acme:storage_volume:vol-0000084~249a80a962c0,storage_volume,acme,vol-0000084,960,operational,pending_disposal,2026-09-24T11:45:14Z,\N,2026-11-02T05:13:13Z,\N,1,assert
acme:storage_volume:vol-0000026~22d18eeb32cd,storage_volume,acme,vol-0000026,480,operational,pending_disposal,2026-11-02T02:48:54Z,2026-12-28T03:01:48Z,2026-11-07T12:38:09Z,\N,1,assert
acme:storage_volume:vol-0000165~c65147f1ae11,storage_volume,acme,vol-0000165,480,operational,in_use,2026-11-05T06:14:29Z,\N,2026-11-10T05:01:04Z,\N,1,assert
acme:storage_volume:vol-0000215~6cbb3d52bb08,storage_volume,acme,vol-0000215,480,operational,in_use,2026-10-21T00:20:01Z,\N,2026-11-12T20:56:48Z,\N,1,assert
acme:storage_volume:vol-0000039~43e009dba5fe,storage_volume,acme,vol-0000039,3840,operational,in_use,2026-11-03T15:24:52Z,\N,2026-11-13T10:17:37Z,\N,1,assert
acme:storage_volume:vol-0000024~496f2acb5bdb,storage_volume,acme,vol-0000024,480,operational,in_use,2026-11-02T03:24:24Z,\N,2026-11-14T07:40:04Z,\N,1,assert
acme:storage_volume:vol-0000069~b101a1d0a38a,storage_volume,acme,vol-0000069,1920,operational,in_use,2026-11-15T17:08:58Z,\N,2026-11-23T05:22:21Z,\N,1,assert
acme:storage_volume:vol-0000080~a5d3487d7955,storage_volume,acme,vol-0000080,3840,operational,in_use,2026-11-09T11:11:50Z,\N,2026-11-27T06:51:47Z,\N,1,assert
acme:storage_volume:vol-0000026~22d18eeb32cd,storage_volume,acme,\N,\N,\N,\N,2026-12-28T03:01:48Z,\N,2026-12-09T01:32:47Z,\N,2,retract
acme:storage_volume:vol-0000105~bd6643e6a7bc,storage_volume,acme,vol-0000105,7680,operational,in_use,2026-11-29T19:41:09Z,\N,2026-12-09T10:39:38Z,\N,1,assert
acme:storage_volume:vol-0000121~93c1d67f0a7a,storage_volume,acme,vol-0000121,3840,operational,in_use,2026-11-06T17:29:51Z,\N,2026-12-17T22:37:04Z,\N,1,assert
acme:storage_volume:vol-0000060~4a2026279596,storage_volume,acme,vol-0000060,1920,operational,in_use,2026-12-02T21:37:01Z,\N,2026-12-19T17:55:43Z,\N,1,assert
acme:storage_volume:vol-0000035~30fe6f4e7a5e,storage_volume,acme,vol-0000035,960,operational,pending_disposal,2026-12-10T17:58:55Z,\N,2026-12-23T12:24:15Z,\N,1,assert
acme:storage_volume:vol-0000082~737cd6b756cd,storage_volume,acme,vol-0000082,960,operational,pending_disposal,2026-11-30T14:24:38Z,\N,2026-12-28T02:42:24Z,\N,1,assert
acme:storage_volume:vol-0000155~9de7c378b96a,storage_volume,acme,vol-0000155,480,operational,in_maintenance,2025-12-12T16:28:40Z,\N,2026-12-30T11:53:56Z,\N,2,assert
acme:storage_volume:vol-0000073~c10eeca392e0,storage_volume,acme,vol-0000073,1920,operational,in_use,2026-12-31T16:11:40Z,\N,2027-01-06T17:42:27Z,\N,1,assert
acme:storage_volume:vol-0000194~669b38791676,storage_volume,acme,vol-0000194,7680,operational,in_use,2026-12-03T03:08:56Z,\N,2027-01-07T17:38:46Z,\N,1,assert
acme:storage_volume:vol-0000008~92ba70aecfd8,storage_volume,acme,vol-0000008,1920,operational,pending_disposal,2027-01-03T23:31:18Z,\N,2027-01-08T19:25:52Z,\N,1,assert
acme:storage_volume:vol-0000131~402f86860bc5,storage_volume,acme,vol-0000131,960,operational,in_use,2027-01-02T01:48:03Z,\N,2027-01-08T13:27:26Z,\N,1,assert
acme:storage_volume:vol-0000101~bcc5d474243a,storage_volume,acme,vol-0000101,7680,operational,in_use,2026-12-22T05:39:58Z,\N,2027-01-09T04:10:44Z,\N,1,assert
acme:storage_volume:vol-0000144~1f7118083220,storage_volume,acme,vol-0000144,7680,operational,in_use,2026-12-22T00:52:57Z,\N,2027-01-09T02:12:35Z,\N,1,assert
acme:storage_volume:vol-0000109~27f550084f09,storage_volume,acme,vol-0000109,960,operational,end_of_support,2025-03-18T15:07:53Z,\N,2027-01-12T21:11:04Z,\N,2,assert
acme:storage_volume:vol-0000023~01211ceb5fb0,storage_volume,acme,vol-0000023,3840,operational,pending_disposal,2026-12-11T03:12:18Z,\N,2027-01-17T13:46:08Z,\N,1,assert
acme:storage_volume:vol-0000058~e4dd4c2d1a04,storage_volume,acme,vol-0000058,3840,operational,in_use,2027-01-15T14:45:54Z,\N,2027-01-19T11:06:05Z,\N,1,assert
acme:storage_volume:vol-0000151~51905a4078e1,storage_volume,acme,vol-0000151,3840,operational,in_use,2026-12-09T22:38:42Z,\N,2027-01-19T22:00:34Z,\N,1,assert
acme:storage_volume:vol-0000065~9b4bb380ddac,storage_volume,acme,\N,\N,\N,\N,2022-04-26T16:38:41Z,\N,2027-01-19T23:54:16Z,\N,2,retract
acme:storage_volume:vol-0000178~406df57aa8ca,storage_volume,acme,vol-0000178,7680,operational,in_maintenance,2026-10-14T19:13:15Z,\N,2027-01-27T10:56:30Z,\N,2,assert
acme:storage_volume:vol-0000146~6bc057efa871,storage_volume,acme,vol-0000146,7680,operational,in_use,2026-12-23T20:24:52Z,\N,2027-01-30T07:41:47Z,\N,1,assert
acme:storage_volume:vol-0000052~57696e33c5b5,storage_volume,acme,vol-0000052,960,operational,in_use,2027-01-10T14:08:20Z,\N,2027-02-03T23:36:18Z,\N,1,assert
acme:storage_volume:vol-0000161~61b647e80369,storage_volume,acme,vol-0000161,480,operational,in_use,2026-12-31T14:30:17Z,\N,2027-02-03T08:19:01Z,\N,1,assert
acme:storage_volume:vol-0000116~90ce21b9741e,storage_volume,acme,vol-0000116,1920,operational,in_use,2027-02-01T00:02:59Z,\N,2027-02-06T11:10:32Z,\N,1,assert
acme:storage_volume:vol-0000167~e3a1d46e0b84,storage_volume,acme,vol-0000167,960,operational,pending_disposal,2027-02-06T08:36:25Z,\N,2027-02-06T08:36:25Z,\N,1,assert
acme:storage_volume:vol-0000098~dd5ab0340630,storage_volume,acme,vol-0000098,3840,operational,in_use,2027-01-07T23:04:56Z,\N,2027-02-08T08:58:07Z,\N,1,assert
acme:storage_volume:vol-0000068~1fbf14edd15e,storage_volume,acme,\N,\N,\N,\N,2025-03-27T01:49:57Z,\N,2027-02-10T03:29:15Z,\N,2,retract
acme:storage_volume:vol-0000125~c3532c78b7ad,storage_volume,acme,vol-0000125,1920,operational,in_use,2027-01-06T07:46:06Z,\N,2027-02-14T14:10:58Z,\N,1,assert
acme:storage_volume:vol-0000104~31b36775c5f6,storage_volume,acme,vol-0000104,7680,operational,in_use,2027-01-14T01:36:34Z,\N,2027-02-16T21:09:34Z,\N,1,assert
acme:storage_volume:vol-0000012~8670cb042873,storage_volume,acme,vol-0000012,960,operational,in_use,2027-02-06T08:13:47Z,\N,2027-02-20T11:58:15Z,\N,1,assert
acme:storage_volume:vol-0000127~5f17671c65e0,storage_volume,acme,vol-0000127,960,operational,pending_disposal,2027-01-26T10:28:04Z,\N,2027-02-21T04:45:04Z,\N,1,assert
acme:storage_volume:vol-0000174~fd9df9880efa,storage_volume,acme,vol-0000174,1920,operational,in_use,2027-02-21T11:15:52Z,\N,2027-02-22T22:30:32Z,\N,1,assert
acme:storage_volume:vol-0000050~747ea7766493,storage_volume,acme,vol-0000050,3840,operational,pending_disposal,2027-01-28T14:47:15Z,\N,2027-02-27T14:06:26Z,\N,1,assert
acme:storage_volume:vol-0000162~568529645737,storage_volume,acme,\N,\N,\N,\N,2023-03-04T08:19:10Z,\N,2027-02-27T23:40:41Z,\N,2,retract
acme:storage_volume:vol-0000051~bae6d24f5b5d,storage_volume,acme,vol-0000051,7680,operational,end_of_support,2025-08-27T01:52:41Z,\N,2027-03-01T11:43:44Z,\N,2,assert
acme:storage_volume:vol-0000083~fbb29c3f1df4,storage_volume,acme,vol-0000083,7680,operational,in_use,2027-02-12T07:15:48Z,\N,2027-03-08T20:29:45Z,\N,1,assert
acme:storage_volume:vol-0000096~bec6e4519b40,storage_volume,acme,vol-0000096,960,operational,in_use,2027-03-08T20:09:06Z,\N,2027-03-27T12:38:21Z,\N,1,assert
acme:storage_volume:vol-0000142~e361c03e73bc,storage_volume,acme,vol-0000142,7680,operational,pending_disposal,2027-02-27T17:27:18Z,\N,2027-03-28T16:04:19Z,\N,1,assert
acme:storage_volume:vol-0000030~a0bc6852ff61,storage_volume,acme,vol-0000030,3840,operational,in_use,2027-02-16T02:12:44Z,\N,2027-03-30T19:06:21Z,\N,1,assert
acme:storage_volume:vol-0000166~3f327e5e03f7,storage_volume,acme,vol-0000166,7680,operational,in_use,2027-03-01T18:50:12Z,\N,2027-04-12T19:45:45Z,\N,1,assert
