entity_id,entity_type,organization_id,team_code,team_name,function,valid_from,valid_to,system_from,system_to,revision,operation
acme:team:team-001~846340c6834b,team,acme,TEAM-001,TEAM-001 operates,operates,2021-01-02T02:35:13Z,\N,2021-01-02T02:35:13Z,\N,1,assert
acme:team:team-005~73a767172e71,team,acme,TEAM-005,TEAM-005 operates,operates,2021-01-02T03:52:03Z,\N,2021-01-02T03:52:03Z,\N,1,assert
acme:team:team-007~f41942529bb1,team,acme,TEAM-007,TEAM-007 identity,identity,2021-01-02T07:08:01Z,\N,2021-01-02T07:08:01Z,\N,1,assert
acme:team:team-009~def2fb10c4a0,team,acme,TEAM-009,TEAM-009 operates,operates,2021-01-02T13:44:16Z,\N,2021-01-02T13:44:16Z,\N,1,assert
acme:team:team-010~6be584ad1714,team,acme,TEAM-010,TEAM-010 security,security,2021-01-02T00:08:31Z,\N,2021-01-02T00:08:31Z,\N,1,assert
acme:team:team-013~c1cee6060907,team,acme,TEAM-013,TEAM-013 operates,operates,2021-01-02T15:35:31Z,\N,2021-01-02T15:35:31Z,\N,1,assert
acme:team:team-017~63db34ad5f32,team,acme,TEAM-017,TEAM-017 operates,operates,2021-01-02T23:37:17Z,\N,2021-01-02T23:37:17Z,\N,1,assert
acme:team:team-020~3521ce22b87c,team,acme,TEAM-020,TEAM-020 owns,owns,2021-01-02T08:13:52Z,\N,2021-01-02T08:13:52Z,\N,1,assert
acme:team:team-022~81dcc55d94d3,team,acme,TEAM-022,TEAM-022 security,security,2021-01-02T09:39:25Z,\N,2021-01-02T09:39:25Z,\N,1,assert
acme:team:team-030~9c2630438782,team,acme,TEAM-030,TEAM-030 security,security,2021-01-02T07:54:03Z,\N,2021-01-02T07:54:03Z,\N,1,assert
acme:team:team-037~ff2235931652,team,acme,TEAM-037,TEAM-037 operates,operates,2021-01-02T06:57:56Z,\N,2021-01-02T06:57:56Z,\N,1,assert
acme:team:team-041~e83fd652860a,team,acme,TEAM-041,TEAM-041 operates,operates,2021-01-02T10:34:48Z,\N,2021-01-02T10:34:48Z,\N,1,assert
acme:team:team-048~66f0947baa52,team,acme,TEAM-048,TEAM-048 owns,owns,2021-01-02T16:05:34Z,\N,2021-01-02T16:05:34Z,\N,1,assert
acme:team:team-049~7430f83d6a0c,team,acme,TEAM-049,TEAM-049 operates,operates,2021-01-02T07:46:53Z,\N,2021-01-02T07:46:53Z,\N,1,assert
acme:team:team-053~f1c1d485db51,team,acme,TEAM-053,TEAM-053 operates,operates,2021-01-02T18:14:36Z,\N,2021-01-02T18:14:36Z,\N,1,assert
acme:team:team-057~7ed623544255,team,acme,TEAM-057,TEAM-057 operates,operates,2021-01-02T09:14:33Z,\N,2021-01-02T09:14:33Z,\N,1,assert
acme:team:team-071~1a5014666428,team,acme,TEAM-071,TEAM-071 identity,identity,2021-01-02T06:12:00Z,\N,2021-01-02T06:12:00Z,\N,1,assert
acme:team:team-073~528ea807e026,team,acme,TEAM-073,TEAM-073 operates,operates,2021-01-02T17:13:49Z,\N,2021-01-02T17:13:49Z,\N,1,assert
acme:team:team-076~a473316438af,team,acme,TEAM-076,TEAM-076 owns,owns,2021-01-02T21:05:10Z,\N,2021-01-02T21:05:10Z,\N,1,assert
acme:team:team-084~f068570a5635,team,acme,TEAM-084,TEAM-084 owns,owns,2021-01-02T08:56:31Z,\N,2021-01-02T08:56:31Z,\N,1,assert
acme:team:team-002~ae8b0045cc28,team,acme,TEAM-002,TEAM-002 security,security,2021-01-03T22:31:42Z,\N,2021-01-03T22:31:42Z,\N,1,assert
acme:team:team-003~6bf960e3b4ca,team,acme,TEAM-003,TEAM-003 identity,identity,2021-01-03T07:31:55Z,\N,2021-01-03T07:31:55Z,\N,1,assert
acme:team:team-014~c172b2764ee7,team,acme,TEAM-014,TEAM-014 security,security,2021-01-03T21:57:29Z,\N,2021-01-03T21:57:29Z,\N,1,assert
acme:team:team-016~f1d38614013b,team,acme,TEAM-016,TEAM-016 owns,owns,2021-01-03T01:11:45Z,\N,2021-01-03T01:11:45Z,\N,1,assert
acme:team:team-023~ec552dc9c71b,team,acme,TEAM-023,TEAM-023 identity,identity,2021-01-03T05:11:37Z,\N,2021-01-03T05:11:37Z,\N,1,assert
acme:team:team-028~56f3500ef004,team,acme,TEAM-028,TEAM-028 owns,owns,2021-01-03T22:47:29Z,\N,2021-01-03T22:47:29Z,\N,1,assert
acme:team:team-032~e4acb0fd3ebb,team,acme,TEAM-032,TEAM-032 owns,owns,2021-01-03T06:50:31Z,\N,2021-01-03T06:50:31Z,\N,1,assert
acme:team:team-034~88452ecb7b79,team,acme,TEAM-034,TEAM-034 security,security,2021-01-03T15:56:10Z,\N,2021-01-03T15:56:10Z,\N,1,assert
acme:team:team-043~97cd7f5c02dc,team,acme,TEAM-043,TEAM-043 identity,identity,2021-01-03T13:27:39Z,\N,2021-01-03T13:27:39Z,\N,1,assert
acme:team:team-046~c264b1bc2b27,team,acme,TEAM-046,TEAM-046 security,security,2021-01-03T18:35:11Z,\N,2021-01-03T18:35:11Z,\N,1,assert
acme:team:team-051~4f2066f2edd8,team,acme,TEAM-051,TEAM-051 identity,identity,2021-01-03T14:18:56Z,\N,2021-01-03T14:18:56Z,\N,1,assert
acme:team:team-052~a63ca2e2de53,team,acme,TEAM-052,TEAM-052 owns,owns,2021-01-03T16:59:09Z,\N,2021-01-03T16:59:09Z,\N,1,assert
acme:team:team-054~dd540103b15d,team,acme,TEAM-054,TEAM-054 security,security,2021-01-03T08:05:40Z,\N,2021-01-03T08:05:40Z,\N,1,assert
acme:team:team-056~e33d9788fae9,team,acme,TEAM-056,TEAM-056 owns,owns,2021-01-03T03:50:45Z,\N,2021-01-03T03:50:45Z,\N,1,assert
acme:team:team-059~0febc15a7d6f,team,acme,TEAM-059,TEAM-059 identity,identity,2021-01-03T13:36:08Z,\N,2021-01-03T13:36:08Z,\N,1,assert
acme:team:team-061~b6086512ba5f,team,acme,TEAM-061,TEAM-061 operates,operates,2021-01-03T19:32:08Z,\N,2021-01-03T19:32:08Z,\N,1,assert
acme:team:team-062~f5f69e07ff2c,team,acme,TEAM-062,TEAM-062 security,security,2021-01-03T11:19:13Z,\N,2021-01-03T11:19:13Z,\N,1,assert
acme:team:team-063~596200c3cb35,team,acme,TEAM-063,TEAM-063 identity,identity,2021-01-03T06:03:41Z,\N,2021-01-03T06:03:41Z,\N,1,assert
acme:team:team-067~4efe5cb4ffb4,team,acme,TEAM-067,TEAM-067 identity,identity,2021-01-03T11:44:41Z,\N,2021-01-03T11:44:41Z,\N,1,assert
acme:team:team-074~de2f0af1fb66,team,acme,TEAM-074,TEAM-074 security,security,2021-01-03T13:18:22Z,\N,2021-01-03T13:18:22Z,\N,1,assert
acme:team:team-075~bdfc02270a0d,team,acme,TEAM-075,TEAM-075 identity,identity,2021-01-03T12:49:09Z,\N,2021-01-03T12:49:09Z,\N,1,assert
acme:team:team-083~f2a7fd679cf6,team,acme,TEAM-083,TEAM-083 identity,identity,2021-01-03T09:29:32Z,\N,2021-01-03T09:29:32Z,\N,1,assert
acme:team:team-085~324f5e300008,team,acme,TEAM-085,TEAM-085 operates,operates,2021-01-03T03:47:58Z,\N,2021-01-03T03:47:58Z,\N,1,assert
acme:team:team-086~9505bae41175,team,acme,TEAM-086,TEAM-086 security,security,2021-01-03T08:09:54Z,\N,2021-01-03T08:09:54Z,\N,1,assert
acme:team:team-088~7664f37c0285,team,acme,TEAM-088,TEAM-088 owns,owns,2021-01-03T20:13:12Z,\N,2021-01-03T20:13:12Z,\N,1,assert
acme:team:team-004~5cda3999ae79,team,acme,TEAM-004,TEAM-004 owns,owns,2021-01-04T16:12:43Z,\N,2021-01-04T16:12:43Z,\N,1,assert
acme:team:team-011~63890fc1ec79,team,acme,TEAM-011,TEAM-011 identity,identity,2021-01-04T21:06:31Z,\N,2021-01-04T21:06:31Z,\N,1,assert
acme:team:team-015~690e9e2c03f4,team,acme,TEAM-015,TEAM-015 identity,identity,2021-01-04T12:26:49Z,\N,2021-01-04T12:26:49Z,\N,1,assert
acme:team:team-021~b18a96879b9a,team,acme,TEAM-021,TEAM-021 operates,operates,2021-01-04T16:14:20Z,\N,2021-01-04T16:14:20Z,\N,1,assert
acme:team:team-024~d5118df698e1,team,acme,TEAM-024,TEAM-024 owns,owns,2021-01-04T08:44:20Z,\N,2021-01-04T08:44:20Z,\N,1,assert
acme:team:team-029~34187f05e274,team,acme,TEAM-029,TEAM-029 operates,operates,2021-01-04T13:24:16Z,\N,2021-01-04T13:24:16Z,\N,1,assert
acme:team:team-035~6ad270600ae6,team,acme,TEAM-035,TEAM-035 identity,identity,2021-01-04T08:47:08Z,\N,2021-01-04T08:47:08Z,\N,1,assert
acme:team:team-038~b9a595fe89a4,team,acme,TEAM-038,TEAM-038 security,security,2021-01-04T22:07:27Z,\N,2021-01-04T22:07:27Z,\N,1,assert
acme:team:team-040~f0cb69870149,team,acme,TEAM-040,TEAM-040 owns,owns,2021-01-04T14:26:39Z,\N,2021-01-04T14:26:39Z,\N,1,assert
acme:team:team-044~60ab63b6cac7,team,acme,TEAM-044,TEAM-044 owns,owns,2021-01-04T14:40:20Z,\N,2021-01-04T14:40:20Z,\N,1,assert
acme:team:team-045~83a88efca1de,team,acme,TEAM-045,TEAM-045 operates,operates,2021-01-04T17:38:14Z,\N,2021-01-04T17:38:14Z,\N,1,assert
acme:team:team-069~b0fd578fa0b6,team,acme,TEAM-069,TEAM-069 operates,operates,2021-01-04T20:10:20Z,\N,2021-01-04T20:10:20Z,\N,1,assert
acme:team:team-081~185af101a615,team,acme,TEAM-081,TEAM-081 operates,operates,2021-01-04T22:35:36Z,\N,2021-01-04T22:35:36Z,\N,1,assert
acme:team:team-082~1d71a69814e2,team,acme,TEAM-082,TEAM-082 security,security,2021-01-04T16:47:48Z,\N,2021-01-04T16:47:48Z,\N,1,assert
acme:team:team-008~62b836722e37,team,acme,TEAM-008,TEAM-008 owns,owns,2021-01-05T21:07:53Z,\N,2021-01-05T21:07:53Z,\N,1,assert
acme:team:team-019~0bcf84e61089,team,acme,TEAM-019,TEAM-019 identity,identity,2021-01-05T04:41:21Z,\N,2021-01-05T04:41:21Z,\N,1,assert
acme:team:team-026~100ac3a3bb03,team,acme,TEAM-026,TEAM-026 security,security,2021-01-05T00:27:32Z,\N,2021-01-05T00:27:32Z,\N,1,assert
acme:team:team-036~f20d31c2b3ba,team,acme,TEAM-036,TEAM-036 owns,owns,2021-01-05T05:11:03Z,\N,2021-01-05T05:11:03Z,\N,1,assert
acme:team:team-039~c06152d11e0c,team,acme,TEAM-039,TEAM-039 identity,identity,2021-01-05T16:26:37Z,\N,2021-01-05T16:26:37Z,\N,1,assert
acme:team:team-042~58fd4b05e630,team,acme,TEAM-042,TEAM-042 security,security,2021-01-05T13:45:43Z,\N,2021-01-05T13:45:43Z,\N,1,assert
acme:team:team-064~63234a738d27,team,acme,TEAM-064,TEAM-064 owns,owns,2021-01-05T12:27:52Z,\N,2021-01-05T12:27:52Z,\N,1,assert
acme:team:team-065~81f3131f6733,team,acme,TEAM-065,TEAM-065 operates,operates,2021-01-05T17:12:04Z,\N,2021-01-05T17:12:04Z,\N,1,assert
acme:team:team-068~4d18d7620f26,team,acme,TEAM-068,TEAM-068 owns,owns,2021-01-05T22:07:25Z,\N,2021-01-05T22:07:25Z,\N,1,assert
acme:team:team-072~cc5cc9a686cd,team,acme,TEAM-072,TEAM-072 owns,owns,2021-01-05T20:54:59Z,\N,2021-01-05T20:54:59Z,\N,1,assert
acme:team:team-078~56291eccc886,team,acme,TEAM-078,TEAM-078 security,security,2021-01-05T17:46:18Z,\N,2021-01-05T17:46:18Z,\N,1,assert
acme:team:team-006~ba32d166f9c5,team,acme,TEAM-006,TEAM-006 security,security,2021-01-06T13:16:33Z,\N,2021-01-06T13:16:33Z,\N,1,assert
acme:team:team-012~2a0b8ec07775,team,acme,TEAM-012,TEAM-012 owns,owns,2021-01-06T04:57:47Z,\N,2021-01-06T04:57:47Z,\N,1,assert
acme:team:team-018~8328fa2e3598,team,acme,TEAM-018,TEAM-018 security,security,2021-01-06T06:26:23Z,\N,2021-01-06T06:26:23Z,\N,1,assert
acme:team:team-025~ddc1d7748d28,team,acme,TEAM-025,TEAM-025 operates,operates,2021-01-06T13:02:45Z,\N,2021-01-06T13:02:45Z,\N,1,assert
acme:team:team-027~79963a8a3a19,team,acme,TEAM-027,TEAM-027 identity,identity,2021-01-06T19:45:10Z,\N,2021-01-06T19:45:10Z,\N,1,assert
acme:team:team-031~c68be96fd6f7,team,acme,TEAM-031,TEAM-031 identity,identity,2021-01-06T08:38:33Z,\N,2021-01-06T08:38:33Z,\N,1,assert
acme:team:team-033~8146af595c21,team,acme,TEAM-033,TEAM-033 operates,operates,2021-01-06T14:34:47Z,\N,2021-01-06T14:34:47Z,\N,1,assert
acme:team:team-047~e819c8b57bad,team,acme,TEAM-047,TEAM-047 identity,identity,2021-01-06T17:19:06Z,\N,2021-01-06T17:19:06Z,\N,1,assert
acme:team:team-050~c3339ec45de0,team,acme,TEAM-050,TEAM-050 security,security,2021-01-06T21:16:19Z,\N,2021-01-06T21:16:19Z,\N,1,assert
acme:team:team-055~162088ce8860,team,acme,TEAM-055,TEAM-055 identity,identity,2021-01-06T04:35:59Z,\N,2021-01-06T04:35:59Z,\N,1,assert
acme:team:team-058~66f318001cc4,team,acme,TEAM-058,TEAM-058 security,security,2021-01-06T08:36:52Z,\N,2021-01-06T08:36:52Z,\N,1,assert
acme:team:team-060~fddf26b66861,team,acme,TEAM-060,TEAM-060 owns,owns,2021-01-06T14:59:49Z,\N,2021-01-06T14:59:49Z,\N,1,assert
acme:team:team-066~eda118dad2d3,team,acme,TEAM-066,TEAM-066 security,security,2021-01-06T13:54:20Z,\N,2021-01-06T13:54:20Z,\N,1,assert
acme:team:team-070~cd0110203d2f,team,acme,TEAM-070,TEAM-070 security,security,2021-01-06T03:30:16Z,\N,2021-01-06T03:30:16Z,\N,1,assert
acme:team:team-077~89a219b04cec,team,acme,TEAM-077,TEAM-077 operates,operates,2021-01-06T17:55:36Z,\N,2021-01-06T17:55:36Z,\N,1,assert
acme:team:team-079~ec6764b872d6,team,acme,TEAM-079,TEAM-079 identity,identity,2021-01-06T05:51:27Z,\N,2021-01-06T05:51:27Z,\N,1,assert
acme:team:team-080~7dea3eeaca15,team,acme,TEAM-080,TEAM-080 owns,owns,2021-01-06T13:53:52Z,\N,2021-01-06T13:53:52Z,\N,1,assert
acme:team:team-087~0e8bd2eb2969,team,acme,TEAM-087,TEAM-087 identity,identity,2021-01-06T23:01:23Z,\N,2021-01-06T23:01:23Z,\N,1,assert
acme:team:team-089~93fda37b82ae,team,acme,TEAM-089,TEAM-089 operates,operates,2026-12-31T00:47:24Z,\N,2026-12-31T00:47:24Z,\N,1,assert
acme:team:team-090~d4b176ad3e2c,team,acme,TEAM-090,TEAM-090 security,security,2026-12-31T10:46:27Z,\N,2026-12-31T10:46:27Z,\N,1,assert
acme:team:team-091~a1917a27428a,team,acme,TEAM-091,TEAM-091 identity,identity,2026-12-31T07:16:08Z,\N,2026-12-31T07:16:08Z,\N,1,assert
acme:team:team-092~b0fc6af9174d,team,acme,TEAM-092,TEAM-092 owns,owns,2026-12-31T22:43:04Z,\N,2026-12-31T22:43:04Z,\N,1,assert
acme:team:team-093~008d89403574,team,acme,TEAM-093,TEAM-093 operates,operates,2026-12-31T00:35:48Z,\N,2026-12-31T00:35:48Z,\N,1,assert
acme:team:team-094~b27f68033b01,team,acme,TEAM-094,TEAM-094 security,security,2026-12-31T04:59:29Z,\N,2026-12-31T04:59:29Z,\N,1,assert
acme:team:team-095~2240b72eae2b,team,acme,TEAM-095,TEAM-095 identity,identity,2026-12-31T05:31:09Z,\N,2026-12-31T05:31:09Z,\N,1,assert
acme:team:team-096~3e5945f17f96,team,acme,TEAM-096,TEAM-096 owns,owns,2026-12-31T06:13:03Z,\N,2026-12-31T06:13:03Z,\N,1,assert
