entity_id,entity_type,organization_id,spot_key,spot_class,region_kind,region_ref,attribute_class,cause_kind,scope_magnitude,scope_basis,declared_by,confidence_in_declaration,suppresses,valid_from,valid_to,system_from,system_to,revision,operation
acme:blind_spot:spot-aws-prod-unread~c25c3e232be1,blind_spot,acme,spot_aws_prod_unread,unconnected_account,cloud_account,acct_prod_aws,patch_state,never_connected,436,account_asset_limit,walkdown_sites,asserted_by_owner,[],2021-01-07T17:42:12Z,\N,2021-01-07T17:42:12Z,\N,1,assert
acme:blind_spot:spot-ot-sweep-missed~a3988ced87ba,blind_spot,acme,spot_ot_sweep_missed,unscanned_segment,network_segment,seg_plant_ot,reachability,scan_not_run,1,cidr_host_count,walkdown_sites,asserted_by_owner,[],2021-01-08T00:49:40Z,\N,2021-01-08T00:49:40Z,\N,1,assert
acme:blind_spot:spot-emea-dir-unread~ff21e252eaa0,blind_spot,acme,spot_emea_dir_unread,unimported_source,directory,dir_emea,encryption,permission_denied,724,prior_census,sweep_active,externally_grounded,[],2021-01-09T05:28:29Z,\N,2021-01-09T05:28:29Z,\N,1,assert
acme:blind_spot:spot-sf-fw-export~2b2360f2724b,blind_spot,acme,spot_sf_fw_export,unimported_source,network_segment,seg_server_farm,reachability,import_failed,1,cidr_host_count,walkdown_sites,asserted_by_owner,[],2021-01-10T10:58:54Z,\N,2021-01-10T10:58:54Z,\N,1,assert
acme:blind_spot:spot-classification-gap~31cf6a9313ce,blind_spot,acme,spot_classification_gap,unclassified_attribute_class,attribute_class,\N,classification,not_yet_classified,\N,none,walkdown_sites,asserted_by_owner,[],2021-01-11T13:34:04Z,\N,2021-01-11T13:34:04Z,\N,1,assert
acme:blind_spot:spot-dmz-route~9737a81bf2dd,blind_spot,acme,spot_dmz_route,unscanned_segment,network_segment,seg_dmz_ext,reachability,route_unreachable,1,cidr_host_count,walkdown_sites,asserted_by_owner,[],2021-01-12T06:34:58Z,2026-11-20T19:39:30Z,2021-01-12T06:34:58Z,\N,1,assert
acme:blind_spot:spot-02-src-ticket-bridge~ad112a767b7f,blind_spot,acme,spot-02-src-ticket-bridge,stale_source,source_system,src_ticket_bridge,patch_state,permission_denied,1503,prior_census,cmdb_primary,inferred_from_absence,[],2021-07-02T13:29:01Z,\N,2021-07-07T08:31:10Z,\N,1,assert
acme:blind_spot:spot-03-dir-corp~126f84dd8a15,blind_spot,acme,spot-03-dir-corp,unimported_source,directory,dir_corp,patch_state,import_failed,131,prior_census,cmdb_primary,inferred_from_absence,[],2025-12-01T11:51:55Z,\N,2025-12-16T20:39:39Z,\N,1,assert
acme:blind_spot:spot-01-site-dc2~51208eb3786b,blind_spot,acme,spot-01-site-dc2,unimported_source,site,site_dc2,ownership,decommissioned_before_import,1400,prior_census,cmdb_primary,inferred_from_absence,[],2026-04-24T11:54:42Z,\N,2026-05-04T18:48:03Z,\N,1,assert
acme:blind_spot:spot-dmz-retrospective~911496a7e8a5,blind_spot,acme,spot_dmz_retrospective,residual_unquantified,network_segment,seg_dmz_ext,patch_state,scan_not_run,1,cidr_host_count,scanner_vuln,externally_grounded,[],2026-05-01T21:52:03Z,2026-07-20T16:15:07Z,2026-05-11T10:09:42Z,\N,1,assert
acme:blind_spot:spot-dmz-retrospective~911496a7e8a5,blind_spot,acme,\N,\N,\N,\N,\N,\N,\N,\N,\N,\N,\N,2026-07-20T16:15:07Z,\N,2026-07-25T23:47:25Z,\N,2,retract
acme:blind_spot:spot-00-seg-mgmt~3b315c8458d4,blind_spot,acme,spot-00-seg-mgmt,unscanned_segment,network_segment,seg_mgmt,reachability,agent_absent,2,cidr_host_count,sweep_active,inferred_from_absence,[],2026-11-01T20:52:41Z,\N,2026-11-12T09:27:26Z,\N,1,assert
acme:blind_spot:spot-dmz-route~9737a81bf2dd,blind_spot,acme,\N,\N,\N,\N,\N,\N,\N,\N,\N,\N,\N,2026-11-20T19:39:30Z,\N,2026-11-25T21:08:59Z,\N,2,retract
