entity_id,entity_type,organization_id,vendor_code,contract_ref,contract_kind,starts_on,ends_on,valid_from,valid_to,system_from,system_to,revision,operation
acme:contract:v0074-ctr-00105~aee3ef15f9fa,contract,acme,v0074,CTR-00105,support,2021-01-02,2022-12-23,2021-01-02T00:45:45Z,2021-05-17T01:29:26Z,2021-01-02T00:45:45Z,\N,1,assert
acme:contract:v0058-ctr-00000~83d0b84b9c94,contract,acme,v0058,CTR-00000,licence,2021-01-02,2022-12-23,2021-01-02T02:35:13Z,\N,2021-01-02T02:35:13Z,\N,1,assert
acme:contract:v0159-ctr-00020~162510185cb9,contract,acme,v0159,CTR-00020,support,2021-01-02,2022-12-23,2021-01-02T04:08:13Z,\N,2021-01-02T04:08:13Z,2025-12-31T08:02:44Z,1,assert
acme:contract:v0074-ctr-00086~4acb3c8e43b3,contract,acme,v0074,CTR-00086,msa,2021-01-02,2022-12-23,2021-01-02T05:28:07Z,2021-04-28T17:04:07Z,2021-01-02T05:28:07Z,\N,1,assert
acme:contract:v0000-ctr-00227~b8f86d209115,contract,acme,v0000,CTR-00227,msa,2021-01-02,2022-12-23,2021-01-02T06:26:17Z,2021-09-16T04:47:38Z,2021-01-02T06:26:17Z,\N,1,assert
acme:contract:v0118-ctr-00165~7636ba98653c,contract,acme,v0118,CTR-00165,licence,2021-01-02,2022-12-23,2021-01-02T06:53:56Z,2021-07-16T01:21:04Z,2021-01-02T06:53:56Z,\N,1,assert
acme:contract:v0034-ctr-00046~654bfc005edf,contract,acme,v0034,CTR-00046,licence,2021-01-02,2022-12-23,2021-01-02T16:16:28Z,2021-03-19T04:35:58Z,2021-01-02T16:16:28Z,\N,1,assert
acme:contract:v0152-ctr-00005~0c686cfe5ebe,contract,acme,v0152,CTR-00005,saas,2021-01-02,2022-12-23,2021-01-02T17:11:57Z,\N,2021-01-02T17:11:57Z,\N,1,assert
acme:contract:v0074-ctr-00007~240c56cce8ca,contract,acme,v0074,CTR-00007,licence,2021-01-02,2022-12-23,2021-01-02T03:52:33Z,\N,2021-01-02T03:52:33Z,\N,1,assert
acme:contract:v0109-ctr-00008~950bcbbd16c0,contract,acme,v0109,CTR-00008,support,2021-01-02,2022-12-23,2021-01-02T13:44:16Z,\N,2021-01-02T13:44:16Z,\N,1,assert
acme:contract:v0091-ctr-00010~c4f13cee3541,contract,acme,v0091,CTR-00010,msa,2021-01-02,2022-12-23,2021-01-02T02:10:20Z,\N,2021-01-02T02:10:20Z,\N,1,assert
acme:contract:v0109-ctr-00013~1d9738e0c946,contract,acme,v0109,CTR-00013,lease,2021-01-02,2022-12-23,2021-01-02T13:49:42Z,\N,2021-01-02T13:49:42Z,\N,1,assert
acme:contract:v0000-ctr-00027~249588cbd990,contract,acme,v0000,CTR-00027,msa,2021-01-02,2022-12-23,2021-01-02T20:22:07Z,\N,2021-01-02T20:22:07Z,\N,1,assert
acme:contract:v0148-ctr-00028~38a28ae83643,contract,acme,v0148,CTR-00028,licence,2021-01-02,2022-12-23,2021-01-02T21:44:14Z,\N,2021-01-02T21:44:14Z,\N,1,assert
acme:contract:v0148-ctr-00038~3460d3ddf582,contract,acme,v0148,CTR-00038,support,2021-01-02,2022-12-23,2021-01-02T12:04:30Z,\N,2021-01-02T12:04:30Z,\N,1,assert
acme:contract:v0164-ctr-00040~a2de18e79104,contract,acme,v0164,CTR-00040,licence,2021-01-02,2022-12-23,2021-01-02T10:34:48Z,\N,2021-01-02T10:34:48Z,\N,1,assert
acme:contract:v0138-ctr-00041~fc910945ff08,contract,acme,v0138,CTR-00041,licence,2021-01-02,2022-12-23,2021-01-02T00:45:21Z,\N,2021-01-02T00:45:21Z,\N,1,assert
acme:contract:v0124-ctr-00042~d231feec7346,contract,acme,v0124,CTR-00042,lease,2021-01-02,2022-12-23,2021-01-02T00:30:18Z,\N,2021-01-02T00:30:18Z,\N,1,assert
acme:contract:v0044-ctr-00052~07394bee7125,contract,acme,v0044,CTR-00052,support,2021-01-02,2022-12-23,2021-01-02T18:14:36Z,\N,2021-01-02T18:14:36Z,\N,1,assert
acme:contract:v0024-ctr-00054~550e0e6127eb,contract,acme,v0024,CTR-00054,licence,2021-01-02,2022-12-23,2021-01-02T03:59:48Z,\N,2021-01-02T03:59:48Z,\N,1,assert
acme:contract:v0119-ctr-00056~71dc02cd3114,contract,acme,v0119,CTR-00056,support,2021-01-02,2022-12-23,2021-01-02T09:14:33Z,\N,2021-01-02T09:14:33Z,\N,1,assert
acme:contract:v0076-ctr-00061~974e514d9b1b,contract,acme,v0076,CTR-00061,licence,2021-01-02,2022-12-23,2021-01-02T04:20:12Z,\N,2021-01-02T04:20:12Z,\N,1,assert
acme:contract:v0170-ctr-00062~4403b92e0dc8,contract,acme,v0170,CTR-00062,support,2021-01-02,2022-12-23,2021-01-02T08:07:56Z,\N,2021-01-02T08:07:56Z,\N,1,assert
acme:contract:v0131-ctr-00074~bdffbe123d8f,contract,acme,v0131,CTR-00074,licence,2021-01-02,2022-12-23,2021-01-02T18:06:35Z,\N,2021-01-02T18:06:35Z,\N,1,assert
acme:contract:v0148-ctr-00079~59bf061cbc56,contract,acme,v0148,CTR-00079,msa,2021-01-02,2022-12-23,2021-01-02T06:33:50Z,\N,2021-01-02T06:33:50Z,\N,1,assert
acme:contract:v0167-ctr-00082~808979415ff1,contract,acme,v0167,CTR-00082,support,2021-01-02,2022-12-23,2021-01-02T06:01:30Z,\N,2021-01-02T06:01:30Z,\N,1,assert
acme:contract:v0032-ctr-00087~a7584ab640c7,contract,acme,v0032,CTR-00087,licence,2021-01-02,2022-12-23,2021-01-02T02:28:58Z,\N,2021-01-02T02:28:58Z,\N,1,assert
acme:contract:v0071-ctr-00090~f81a40e39351,contract,acme,v0071,CTR-00090,support,2021-01-02,2022-12-23,2021-01-02T11:12:42Z,\N,2021-01-02T11:12:42Z,\N,1,assert
acme:contract:v0031-ctr-00091~ae20aff5b580,contract,acme,v0031,CTR-00091,support,2021-01-02,2022-12-23,2021-01-02T21:42:25Z,\N,2021-01-02T21:42:25Z,\N,1,assert
acme:contract:v0025-ctr-00096~f93344b59e0d,contract,acme,v0025,CTR-00096,support,2021-01-02,2022-12-23,2021-01-02T14:20:33Z,\N,2021-01-02T14:20:33Z,\N,1,assert
acme:contract:v0031-ctr-00097~aa5f747329f7,contract,acme,v0031,CTR-00097,msa,2021-01-02,2022-12-23,2021-01-02T09:36:28Z,\N,2021-01-02T09:36:28Z,\N,1,assert
acme:contract:v0151-ctr-00120~12709d088dd1,contract,acme,v0151,CTR-00120,licence,2021-01-02,2022-12-23,2021-01-02T05:15:29Z,\N,2021-01-02T05:15:29Z,\N,1,assert
acme:contract:v0076-ctr-00121~6a9fb8946f7a,contract,acme,v0076,CTR-00121,msa,2021-01-02,2022-12-23,2021-01-02T03:22:13Z,\N,2021-01-02T03:22:13Z,\N,1,assert
acme:contract:v0044-ctr-00122~1eb9edf586c2,contract,acme,v0044,CTR-00122,msa,2021-01-02,2022-12-23,2021-01-02T06:18:41Z,\N,2021-01-02T06:18:41Z,\N,1,assert
acme:contract:v0048-ctr-00126~4b6cb68c85c3,contract,acme,v0048,CTR-00126,saas,2021-01-02,2022-12-23,2021-01-02T23:26:53Z,\N,2021-01-02T23:26:53Z,\N,1,assert
acme:contract:v0082-ctr-00127~2606e210f693,contract,acme,v0082,CTR-00127,msa,2021-01-02,2022-12-23,2021-01-02T16:45:42Z,\N,2021-01-02T16:45:42Z,\N,1,assert
acme:contract:v0091-ctr-00131~ac4af2d4aafd,contract,acme,v0091,CTR-00131,msa,2021-01-02,2022-12-23,2021-01-02T01:40:14Z,\N,2021-01-02T01:40:14Z,\N,1,assert
acme:contract:v0025-ctr-00132~dc53d0e47e81,contract,acme,v0025,CTR-00132,licence,2021-01-02,2022-12-23,2021-01-02T14:55:20Z,\N,2021-01-02T14:55:20Z,\N,1,assert
acme:contract:v0140-ctr-00138~7d0f3d0d8c4e,contract,acme,v0140,CTR-00138,support,2021-01-02,2022-12-23,2021-01-02T15:26:08Z,\N,2021-01-02T15:26:08Z,\N,1,assert
acme:contract:v0170-ctr-00142~3143eb81fabf,contract,acme,v0170,CTR-00142,saas,2021-01-02,2022-12-23,2021-01-02T18:49:38Z,\N,2021-01-02T18:49:38Z,\N,1,assert
acme:contract:v0085-ctr-00147~d13fff456e2f,contract,acme,v0085,CTR-00147,lease,2021-01-02,2022-12-23,2021-01-02T01:12:00Z,\N,2021-01-02T01:12:00Z,\N,1,assert
acme:contract:v0167-ctr-00152~b2ee6c9fe359,contract,acme,v0167,CTR-00152,saas,2021-01-02,2022-12-23,2021-01-02T00:35:22Z,\N,2021-01-02T00:35:22Z,\N,1,assert
acme:contract:v0059-ctr-00160~b53af355c5a7,contract,acme,v0059,CTR-00160,licence,2021-01-02,2022-12-23,2021-01-02T01:18:52Z,\N,2021-01-02T01:18:52Z,\N,1,assert
acme:contract:v0071-ctr-00162~704391680cd4,contract,acme,v0071,CTR-00162,licence,2021-01-02,2022-12-23,2021-01-02T19:56:54Z,\N,2021-01-02T19:56:54Z,\N,1,assert
acme:contract:v0071-ctr-00176~521b7d6eaebf,contract,acme,v0071,CTR-00176,licence,2021-01-02,2022-12-23,2021-01-02T15:07:15Z,\N,2021-01-02T15:07:15Z,\N,1,assert
acme:contract:v0028-ctr-00177~1518d3eb25b5,contract,acme,v0028,CTR-00177,msa,2021-01-02,2022-12-23,2021-01-02T10:21:37Z,\N,2021-01-02T10:21:37Z,\N,1,assert
acme:contract:v0000-ctr-00191~fed0197d5fe6,contract,acme,v0000,CTR-00191,support,2021-01-02,2022-12-23,2021-01-02T06:29:22Z,\N,2021-01-02T06:29:22Z,\N,1,assert
acme:contract:v0055-ctr-00192~6c58d362cb7a,contract,acme,v0055,CTR-00192,licence,2021-01-02,2022-12-23,2021-01-02T16:28:02Z,\N,2021-01-02T16:28:02Z,\N,1,assert
acme:contract:v0031-ctr-00202~13945288aa7e,contract,acme,v0031,CTR-00202,licence,2021-01-02,2022-12-23,2021-01-02T06:07:29Z,\N,2021-01-02T06:07:29Z,\N,1,assert
acme:contract:v0071-ctr-00215~ac0b43f04aee,contract,acme,v0071,CTR-00215,msa,2021-01-02,2022-12-23,2021-01-02T04:01:12Z,\N,2021-01-02T04:01:12Z,\N,1,assert
acme:contract:v0166-ctr-00218~e552a7a8f529,contract,acme,v0166,CTR-00218,licence,2021-01-02,2022-12-23,2021-01-02T23:51:42Z,\N,2021-01-02T23:51:42Z,\N,1,assert
acme:contract:v0025-ctr-00221~84c136018209,contract,acme,v0025,CTR-00221,support,2021-01-02,2022-12-23,2021-01-02T11:18:22Z,\N,2021-01-02T11:18:22Z,\N,1,assert
acme:contract:v0140-ctr-00222~e1e0cadfeaa8,contract,acme,v0140,CTR-00222,support,2021-01-02,2022-12-23,2021-01-02T07:29:01Z,\N,2021-01-02T07:29:01Z,\N,1,assert
acme:contract:v0017-ctr-00226~47d5940996c3,contract,acme,v0017,CTR-00226,licence,2021-01-02,2022-12-23,2021-01-02T11:30:46Z,\N,2021-01-02T11:30:46Z,\N,1,assert
acme:contract:v0109-ctr-00228~eeb2cac68afb,contract,acme,v0109,CTR-00228,licence,2021-01-02,2022-12-23,2021-01-02T18:14:32Z,\N,2021-01-02T18:14:32Z,\N,1,assert
acme:contract:v0058-ctr-00236~80a43f7afc20,contract,acme,v0058,CTR-00236,saas,2021-01-02,2022-12-23,2021-01-02T03:25:06Z,\N,2021-01-02T03:25:06Z,\N,1,assert
acme:contract:v0082-ctr-00239~222a811e7b2a,contract,acme,v0082,CTR-00239,support,2021-01-02,2022-12-23,2021-01-02T08:05:18Z,\N,2021-01-02T08:05:18Z,\N,1,assert
acme:contract:v0140-ctr-00208~e06897235a0a,contract,acme,v0140,CTR-00208,licence,2021-01-03,2022-12-24,2021-01-03T01:00:44Z,\N,2021-01-03T01:00:44Z,2022-01-31T17:05:38Z,1,assert
acme:contract:v0115-ctr-00229~7700326840f0,contract,acme,v0115,CTR-00229,msa,2021-01-03,2022-12-24,2021-01-03T04:02:27Z,2021-09-19T11:54:01Z,2021-01-03T04:02:27Z,\N,1,assert
acme:contract:v0176-ctr-00016~9ba57f1f73a5,contract,acme,v0176,CTR-00016,support,2021-01-03,2022-12-24,2021-01-03T08:44:30Z,2021-02-18T00:14:33Z,2021-01-03T08:44:30Z,\N,1,assert
acme:contract:v0060-ctr-00223~7fef880a91ec,contract,acme,v0060,CTR-00223,licence,2021-01-03,2022-12-24,2021-01-03T10:26:06Z,2021-09-13T18:01:16Z,2021-01-03T10:26:06Z,\N,1,assert
acme:contract:v0115-ctr-00094~8294d5b2a993,contract,acme,v0115,CTR-00094,licence,2021-01-03,2022-12-24,2021-01-03T10:54:48Z,2021-05-07T02:37:31Z,2021-01-03T10:54:48Z,\N,1,assert
acme:contract:v0148-ctr-00071~938c00bed638,contract,acme,v0148,CTR-00071,licence,2021-01-03,2022-12-24,2021-01-03T13:21:52Z,2021-04-14T05:50:57Z,2021-01-03T13:21:52Z,\N,1,assert
acme:contract:v0082-ctr-00051~e6d7ed91dc5b,contract,acme,v0082,CTR-00051,support,2021-01-03,2022-12-24,2021-01-03T16:59:09Z,2021-03-25T19:49:15Z,2021-01-03T16:59:09Z,\N,1,assert
acme:contract:v0153-ctr-00001~6472f122a2f6,contract,acme,v0153,CTR-00001,support,2021-01-03,2022-12-24,2021-01-03T22:31:42Z,\N,2021-01-03T22:31:42Z,\N,1,assert
acme:contract:v0072-ctr-00002~9c7083906275,contract,acme,v0072,CTR-00002,msa,2021-01-03,2022-12-24,2021-01-03T07:31:55Z,\N,2021-01-03T07:31:55Z,\N,1,assert
acme:contract:v0077-ctr-00003~5663791491d4,contract,acme,v0077,CTR-00003,support,2021-01-03,2022-12-24,2021-01-03T17:15:08Z,\N,2021-01-03T17:15:08Z,\N,1,assert
acme:contract:v0036-ctr-00004~51720cb938f3,contract,acme,v0036,CTR-00004,licence,2021-01-03,2022-12-24,2021-01-03T08:29:05Z,\N,2021-01-03T08:29:05Z,\N,1,assert
acme:contract:v0054-ctr-00011~87dad0771019,contract,acme,v0054,CTR-00011,support,2021-01-03,2022-12-24,2021-01-03T16:36:54Z,\N,2021-01-03T16:36:54Z,\N,1,assert
acme:contract:v0121-ctr-00019~eb83e09a44a1,contract,acme,v0121,CTR-00019,msa,2021-01-03,2022-12-24,2021-01-03T00:54:37Z,\N,2021-01-03T00:54:37Z,\N,1,assert
acme:contract:v0083-ctr-00021~5b77435b9098,contract,acme,v0083,CTR-00021,licence,2021-01-03,2022-12-24,2021-01-03T16:04:02Z,\N,2021-01-03T16:04:02Z,\N,1,assert
acme:contract:v0164-ctr-00023~b1ac1821e904,contract,acme,v0164,CTR-00023,msa,2021-01-03,2022-12-24,2021-01-03T11:37:20Z,\N,2021-01-03T11:37:20Z,\N,1,assert
acme:contract:v0017-ctr-00024~500d11e4506a,contract,acme,v0017,CTR-00024,support,2021-01-03,2022-12-24,2021-01-03T08:21:01Z,\N,2021-01-03T08:21:01Z,\N,1,assert
acme:contract:v0151-ctr-00034~84a01a16fceb,contract,acme,v0151,CTR-00034,licence,2021-01-03,2022-12-24,2021-01-03T13:12:32Z,\N,2021-01-03T13:12:32Z,\N,1,assert
acme:contract:v0144-ctr-00035~ce8a8acb484e,contract,acme,v0144,CTR-00035,support,2021-01-03,2022-12-24,2021-01-03T11:03:53Z,\N,2021-01-03T11:03:53Z,\N,1,assert
acme:contract:v0170-ctr-00037~2b07724a3e94,contract,acme,v0170,CTR-00037,licence,2021-01-03,2022-12-24,2021-01-03T15:36:31Z,\N,2021-01-03T15:36:31Z,\N,1,assert
acme:contract:v0054-ctr-00039~73dc5789e1a1,contract,acme,v0054,CTR-00039,licence,2021-01-03,2022-12-24,2021-01-03T08:55:22Z,\N,2021-01-03T08:55:22Z,\N,1,assert
acme:contract:v0074-ctr-00043~f7f876bf0623,contract,acme,v0074,CTR-00043,saas,2021-01-03,2022-12-24,2021-01-03T21:21:21Z,\N,2021-01-03T21:21:21Z,\N,1,assert
acme:contract:v0167-ctr-00044~1754ba94e8f8,contract,acme,v0167,CTR-00044,msa,2021-01-03,2022-12-24,2021-01-03T00:27:32Z,\N,2021-01-03T00:27:32Z,\N,1,assert
acme:contract:v0065-ctr-00083~bc7d406229bd,contract,acme,v0065,CTR-00083,licence,2021-01-03,2022-12-24,2021-01-03T12:56:29Z,\N,2021-01-03T12:56:29Z,\N,1,assert
acme:contract:v0119-ctr-00089~8b5d71b09a13,contract,acme,v0119,CTR-00089,msa,2021-01-03,2022-12-24,2021-01-03T18:02:54Z,\N,2021-01-03T18:02:54Z,\N,1,assert
acme:contract:v0178-ctr-00095~4307a2cc3999,contract,acme,v0178,CTR-00095,msa,2021-01-03,2022-12-24,2021-01-03T10:19:14Z,\N,2021-01-03T10:19:14Z,\N,1,assert
acme:contract:v0062-ctr-00106~6a0eb405c732,contract,acme,v0062,CTR-00106,licence,2021-01-03,2022-12-24,2021-01-03T19:53:03Z,\N,2021-01-03T19:53:03Z,\N,1,assert
acme:contract:v0142-ctr-00108~da1931ad4c64,contract,acme,v0142,CTR-00108,licence,2021-01-03,2022-12-24,2021-01-03T20:15:22Z,\N,2021-01-03T20:15:22Z,\N,1,assert
acme:contract:v0079-ctr-00109~6e23b8e22178,contract,acme,v0079,CTR-00109,licence,2021-01-03,2022-12-24,2021-01-03T13:42:03Z,\N,2021-01-03T13:42:03Z,\N,1,assert
acme:contract:v0082-ctr-00111~c94207358be5,contract,acme,v0082,CTR-00111,licence,2021-01-03,2022-12-24,2021-01-03T22:49:50Z,\N,2021-01-03T22:49:50Z,\N,1,assert
acme:contract:v0082-ctr-00113~8f688e1f4b30,contract,acme,v0082,CTR-00113,licence,2021-01-03,2022-12-24,2021-01-03T00:55:21Z,\N,2021-01-03T00:55:21Z,\N,1,assert
acme:contract:v0158-ctr-00118~552013b30956,contract,acme,v0158,CTR-00118,saas,2021-01-03,2022-12-24,2021-01-03T08:05:47Z,\N,2021-01-03T08:05:47Z,\N,1,assert
acme:contract:v0109-ctr-00137~cebd816efc0c,contract,acme,v0109,CTR-00137,support,2021-01-03,2022-12-24,2021-01-03T18:57:20Z,\N,2021-01-03T18:57:20Z,\N,1,assert
acme:contract:v0003-ctr-00140~efa4807b6546,contract,acme,v0003,CTR-00140,support,2021-01-03,2022-12-24,2021-01-03T00:11:24Z,\N,2021-01-03T00:11:24Z,\N,1,assert
acme:contract:v0060-ctr-00143~79a0ecfbe2ac,contract,acme,v0060,CTR-00143,licence,2021-01-03,2022-12-24,2021-01-03T02:10:31Z,\N,2021-01-03T02:10:31Z,\N,1,assert
acme:contract:v0055-ctr-00144~98ca27f8bec6,contract,acme,v0055,CTR-00144,licence,2021-01-03,2022-12-24,2021-01-03T02:21:00Z,\N,2021-01-03T02:21:00Z,\N,1,assert
acme:contract:v0036-ctr-00151~77b86e9fec2c,contract,acme,v0036,CTR-00151,licence,2021-01-03,2022-12-24,2021-01-03T18:47:34Z,\N,2021-01-03T18:47:34Z,\N,1,assert
acme:contract:v0173-ctr-00153~377c91988921,contract,acme,v0173,CTR-00153,msa,2021-01-03,2022-12-24,2021-01-03T07:37:10Z,\N,2021-01-03T07:37:10Z,\N,1,assert
acme:contract:v0151-ctr-00158~78839c61557f,contract,acme,v0151,CTR-00158,msa,2021-01-03,2022-12-24,2021-01-03T14:05:36Z,\N,2021-01-03T14:05:36Z,\N,1,assert
acme:contract:v0058-ctr-00159~8cff135121e0,contract,acme,v0058,CTR-00159,licence,2021-01-03,2022-12-24,2021-01-03T06:54:55Z,\N,2021-01-03T06:54:55Z,\N,1,assert
acme:contract:v0055-ctr-00167~91756f3c2cfc,contract,acme,v0055,CTR-00167,support,2021-01-03,2022-12-24,2021-01-03T14:27:43Z,\N,2021-01-03T14:27:43Z,\N,1,assert
acme:contract:v0119-ctr-00172~16ab0a2818ee,contract,acme,v0119,CTR-00172,msa,2021-01-03,2022-12-24,2021-01-03T21:11:59Z,\N,2021-01-03T21:11:59Z,\N,1,assert
acme:contract:v0152-ctr-00174~22ce79180b1e,contract,acme,v0152,CTR-00174,support,2021-01-03,2022-12-24,2021-01-03T12:48:52Z,\N,2021-01-03T12:48:52Z,\N,1,assert
acme:contract:v0070-ctr-00175~a9aea102ec73,contract,acme,v0070,CTR-00175,licence,2021-01-03,2022-12-24,2021-01-03T14:42:04Z,\N,2021-01-03T14:42:04Z,\N,1,assert
acme:contract:v0064-ctr-00181~1d86ecd944bd,contract,acme,v0064,CTR-00181,licence,2021-01-03,2022-12-24,2021-01-03T23:03:54Z,\N,2021-01-03T23:03:54Z,\N,1,assert
acme:contract:v0064-ctr-00184~7d98827500f4,contract,acme,v0064,CTR-00184,support,2021-01-03,2022-12-24,2021-01-03T02:49:47Z,\N,2021-01-03T02:49:47Z,\N,1,assert
acme:contract:v0142-ctr-00187~83c8656f9a47,contract,acme,v0142,CTR-00187,saas,2021-01-03,2022-12-24,2021-01-03T22:19:04Z,\N,2021-01-03T22:19:04Z,\N,1,assert
acme:contract:v0060-ctr-00198~12772c43478d,contract,acme,v0060,CTR-00198,saas,2021-01-03,2022-12-24,2021-01-03T02:56:33Z,\N,2021-01-03T02:56:33Z,\N,1,assert
acme:contract:v0140-ctr-00214~6305cae48126,contract,acme,v0140,CTR-00214,msa,2021-01-03,2022-12-24,2021-01-03T21:43:20Z,\N,2021-01-03T21:43:20Z,\N,1,assert
acme:contract:v0030-ctr-00219~aa63792d44d4,contract,acme,v0030,CTR-00219,support,2021-01-03,2022-12-24,2021-01-03T17:18:47Z,\N,2021-01-03T17:18:47Z,\N,1,assert
acme:contract:v0007-ctr-00224~a4122ac2d8de,contract,acme,v0007,CTR-00224,licence,2021-01-03,2022-12-24,2021-01-03T02:43:08Z,\N,2021-01-03T02:43:08Z,\N,1,assert
acme:contract:v0142-ctr-00231~ad6c1dddf84c,contract,acme,v0142,CTR-00231,support,2021-01-03,2022-12-24,2021-01-03T00:46:39Z,\N,2021-01-03T00:46:39Z,\N,1,assert
acme:contract:v0134-ctr-00232~9a141c596164,contract,acme,v0134,CTR-00232,msa,2021-01-03,2022-12-24,2021-01-03T05:26:30Z,\N,2021-01-03T05:26:30Z,\N,1,assert
acme:contract:v0065-ctr-00190~b0359675229b,contract,acme,v0065,CTR-00190,msa,2021-01-04,2022-12-25,2021-01-04T02:27:37Z,\N,2021-01-04T02:27:37Z,2025-11-09T20:38:20Z,1,assert
acme:contract:v0082-ctr-00014~973d935c1fa4,contract,acme,v0082,CTR-00014,support,2021-01-04,2022-12-25,2021-01-04T12:26:49Z,\N,2021-01-04T12:26:49Z,\N,1,assert
acme:contract:v0178-ctr-00015~0e0349170917,contract,acme,v0178,CTR-00015,support,2021-01-04,2022-12-25,2021-01-04T13:55:53Z,\N,2021-01-04T13:55:53Z,\N,1,assert
acme:contract:v0093-ctr-00049~13e48fc0bede,contract,acme,v0093,CTR-00049,msa,2021-01-04,2022-12-25,2021-01-04T14:11:33Z,2021-03-24T03:28:51Z,2021-01-04T14:11:33Z,\N,1,assert
acme:contract:v0038-ctr-00025~deae38e844b0,contract,acme,v0038,CTR-00025,msa,2021-01-04,2022-12-25,2021-01-04T15:14:56Z,\N,2021-01-04T15:14:56Z,\N,1,assert
acme:contract:v0024-ctr-00031~c78e5381f88b,contract,acme,v0024,CTR-00031,saas,2021-01-04,2022-12-25,2021-01-04T14:23:12Z,\N,2021-01-04T14:23:12Z,\N,1,assert
acme:contract:v0068-ctr-00033~3da7f64da921,contract,acme,v0068,CTR-00033,support,2021-01-04,2022-12-25,2021-01-04T23:01:38Z,\N,2021-01-04T23:01:38Z,\N,1,assert
acme:contract:v0071-ctr-00036~4562f870f697,contract,acme,v0071,CTR-00036,licence,2021-01-04,2022-12-25,2021-01-04T21:19:45Z,\N,2021-01-04T21:19:45Z,\N,1,assert
acme:contract:v0154-ctr-00053~00111d96a9e4,contract,acme,v0154,CTR-00053,lease,2021-01-04,2022-12-25,2021-01-04T10:05:22Z,\N,2021-01-04T10:05:22Z,\N,1,assert
acme:contract:v0085-ctr-00057~f97de742df44,contract,acme,v0085,CTR-00057,saas,2021-01-04,2022-12-25,2021-01-04T03:05:53Z,\N,2021-01-04T03:05:53Z,\N,1,assert
acme:contract:v0074-ctr-00065~cce294b9f269,contract,acme,v0074,CTR-00065,support,2021-01-04,2022-12-25,2021-01-04T13:37:18Z,\N,2021-01-04T13:37:18Z,\N,1,assert
acme:contract:v0114-ctr-00068~3bd67fd28e38,contract,acme,v0114,CTR-00068,licence,2021-01-04,2022-12-25,2021-01-04T20:10:20Z,\N,2021-01-04T20:10:20Z,\N,1,assert
acme:contract:v0067-ctr-00069~2f8daec1bd64,contract,acme,v0067,CTR-00069,msa,2021-01-04,2022-12-25,2021-01-04T08:47:39Z,\N,2021-01-04T08:47:39Z,\N,1,assert
acme:contract:v0139-ctr-00070~64c936b2d195,contract,acme,v0139,CTR-00070,lease,2021-01-04,2022-12-25,2021-01-04T12:52:14Z,\N,2021-01-04T12:52:14Z,\N,1,assert
acme:contract:v0025-ctr-00072~f93275a29012,contract,acme,v0025,CTR-00072,msa,2021-01-04,2022-12-25,2021-01-04T11:07:49Z,\N,2021-01-04T11:07:49Z,\N,1,assert
acme:contract:v0085-ctr-00073~29f2f71c7542,contract,acme,v0085,CTR-00073,licence,2021-01-04,2022-12-25,2021-01-04T22:59:50Z,\N,2021-01-04T22:59:50Z,\N,1,assert
acme:contract:v0027-ctr-00085~676f12dc7b00,contract,acme,v0027,CTR-00085,support,2021-01-04,2022-12-25,2021-01-04T21:25:02Z,\N,2021-01-04T21:25:02Z,\N,1,assert
acme:contract:v0059-ctr-00100~7ccc831412c1,contract,acme,v0059,CTR-00100,lease,2021-01-04,2022-12-25,2021-01-04T07:45:50Z,\N,2021-01-04T07:45:50Z,\N,1,assert
acme:contract:v0076-ctr-00101~fac0207bcb0e,contract,acme,v0076,CTR-00101,support,2021-01-04,2022-12-25,2021-01-04T08:16:34Z,\N,2021-01-04T08:16:34Z,\N,1,assert
acme:contract:v0074-ctr-00117~38a23259c275,contract,acme,v0074,CTR-00117,support,2021-01-04,2022-12-25,2021-01-04T23:57:45Z,\N,2021-01-04T23:57:45Z,\N,1,assert
acme:contract:v0068-ctr-00123~abedf26a8a55,contract,acme,v0068,CTR-00123,licence,2021-01-04,2022-12-25,2021-01-04T02:59:18Z,\N,2021-01-04T02:59:18Z,\N,1,assert
acme:contract:v0068-ctr-00125~dc9a0e6ff62c,contract,acme,v0068,CTR-00125,support,2021-01-04,2022-12-25,2021-01-04T14:31:26Z,\N,2021-01-04T14:31:26Z,\N,1,assert
acme:contract:v0025-ctr-00128~2582fe984abc,contract,acme,v0025,CTR-00128,support,2021-01-04,2022-12-25,2021-01-04T11:02:20Z,\N,2021-01-04T11:02:20Z,\N,1,assert
acme:contract:v0045-ctr-00130~7bf3b5a0e2d7,contract,acme,v0045,CTR-00130,support,2021-01-04,2022-12-25,2021-01-04T20:22:04Z,\N,2021-01-04T20:22:04Z,\N,1,assert
acme:contract:v0085-ctr-00133~7d95785c0d25,contract,acme,v0085,CTR-00133,msa,2021-01-04,2022-12-25,2021-01-04T14:04:51Z,\N,2021-01-04T14:04:51Z,\N,1,assert
acme:contract:v0116-ctr-00148~ba533ce1f1d0,contract,acme,v0116,CTR-00148,saas,2021-01-04,2022-12-25,2021-01-04T11:46:59Z,\N,2021-01-04T11:46:59Z,\N,1,assert
acme:contract:v0126-ctr-00150~0a7918464843,contract,acme,v0126,CTR-00150,licence,2021-01-04,2022-12-25,2021-01-04T11:11:59Z,\N,2021-01-04T11:11:59Z,\N,1,assert
acme:contract:v0119-ctr-00154~0d3aea644814,contract,acme,v0119,CTR-00154,licence,2021-01-04,2022-12-25,2021-01-04T16:11:32Z,\N,2021-01-04T16:11:32Z,\N,1,assert
acme:contract:v0116-ctr-00164~6739726137e8,contract,acme,v0116,CTR-00164,msa,2021-01-04,2022-12-25,2021-01-04T20:51:12Z,\N,2021-01-04T20:51:12Z,\N,1,assert
acme:contract:v0079-ctr-00171~7b86d9998c7d,contract,acme,v0079,CTR-00171,licence,2021-01-04,2022-12-25,2021-01-04T08:07:23Z,\N,2021-01-04T08:07:23Z,\N,1,assert
acme:contract:v0017-ctr-00173~1cd69cf7809b,contract,acme,v0017,CTR-00173,licence,2021-01-04,2022-12-25,2021-01-04T09:54:45Z,\N,2021-01-04T09:54:45Z,\N,1,assert
acme:contract:v0028-ctr-00185~9aca59a257c0,contract,acme,v0028,CTR-00185,licence,2021-01-04,2022-12-25,2021-01-04T03:04:11Z,\N,2021-01-04T03:04:11Z,\N,1,assert
acme:contract:v0065-ctr-00186~91c7118b6867,contract,acme,v0065,CTR-00186,support,2021-01-04,2022-12-25,2021-01-04T18:33:58Z,\N,2021-01-04T18:33:58Z,\N,1,assert
acme:contract:v0005-ctr-00188~0dd09b06268d,contract,acme,v0005,CTR-00188,support,2021-01-04,2022-12-25,2021-01-04T04:46:44Z,\N,2021-01-04T04:46:44Z,\N,1,assert
acme:contract:v0054-ctr-00195~5ed8b371744e,contract,acme,v0054,CTR-00195,support,2021-01-04,2022-12-25,2021-01-04T09:11:20Z,\N,2021-01-04T09:11:20Z,\N,1,assert
acme:contract:v0140-ctr-00203~4546fe42d320,contract,acme,v0140,CTR-00203,support,2021-01-04,2022-12-25,2021-01-04T02:42:41Z,\N,2021-01-04T02:42:41Z,\N,1,assert
acme:contract:v0040-ctr-00207~047cbffbb865,contract,acme,v0040,CTR-00207,saas,2021-01-04,2022-12-25,2021-01-04T21:02:53Z,\N,2021-01-04T21:02:53Z,\N,1,assert
acme:contract:v0145-ctr-00210~b1fd1c30065b,contract,acme,v0145,CTR-00210,support,2021-01-04,2022-12-25,2021-01-04T03:05:14Z,\N,2021-01-04T03:05:14Z,\N,1,assert
acme:contract:v0072-ctr-00235~26052559c65f,contract,acme,v0072,CTR-00235,msa,2021-01-04,2022-12-25,2021-01-04T20:28:46Z,\N,2021-01-04T20:28:46Z,\N,1,assert
acme:contract:v0019-ctr-00238~319ad16a62c9,contract,acme,v0019,CTR-00238,licence,2021-01-04,2022-12-25,2021-01-04T23:49:37Z,\N,2021-01-04T23:49:37Z,\N,1,assert
acme:contract:v0024-ctr-00006~977947d94dfe,contract,acme,v0024,CTR-00006,support,2021-01-05,2022-12-26,2021-01-05T10:54:52Z,\N,2021-01-05T10:54:52Z,\N,1,assert
acme:contract:v0010-ctr-00017~173015443be9,contract,acme,v0010,CTR-00017,support,2021-01-05,2022-12-26,2021-01-05T08:57:33Z,\N,2021-01-05T08:57:33Z,\N,1,assert
acme:contract:v0059-ctr-00022~1296902077d0,contract,acme,v0059,CTR-00022,msa,2021-01-05,2022-12-26,2021-01-05T07:26:52Z,\N,2021-01-05T07:26:52Z,\N,1,assert
acme:contract:v0151-ctr-00026~a05ac9cb13d8,contract,acme,v0151,CTR-00026,msa,2021-01-05,2022-12-26,2021-01-05T05:58:20Z,\N,2021-01-05T05:58:20Z,\N,1,assert
acme:contract:v0028-ctr-00230~1067602239bd,contract,acme,v0028,CTR-00230,lease,2021-01-05,2022-12-26,2021-01-05T12:17:29Z,2021-09-22T04:13:22Z,2021-01-05T12:17:29Z,\N,1,assert
acme:contract:v0077-ctr-00030~68df2833464b,contract,acme,v0077,CTR-00030,support,2021-01-05,2022-12-26,2021-01-05T13:18:08Z,\N,2021-01-05T13:18:08Z,2022-05-30T14:15:33Z,1,assert
acme:contract:v0099-ctr-00199~6bb0def895a8,contract,acme,v0099,CTR-00199,licence,2021-01-05,2022-12-26,2021-01-05T15:11:03Z,2021-08-22T00:51:35Z,2021-01-05T15:11:03Z,\N,1,assert
acme:contract:v0136-ctr-00146~e4a788cf3e0b,contract,acme,v0136,CTR-00146,support,2021-01-05,2022-12-26,2021-01-05T15:42:43Z,2021-06-30T01:28:45Z,2021-01-05T15:42:43Z,\N,1,assert
acme:contract:v0119-ctr-00032~eb317787779e,contract,acme,v0119,CTR-00032,support,2021-01-05,2022-12-26,2021-01-05T17:20:29Z,\N,2021-01-05T17:20:29Z,\N,1,assert
acme:contract:v0086-ctr-00047~0c9277f562fb,contract,acme,v0086,CTR-00047,saas,2021-01-05,2022-12-26,2021-01-05T05:49:22Z,\N,2021-01-05T05:49:22Z,\N,1,assert
acme:contract:v0100-ctr-00104~13b203691a53,contract,acme,v0100,CTR-00104,support,2021-01-05,2022-12-26,2021-01-05T18:39:36Z,\N,2021-01-05T18:39:36Z,2021-05-20T08:32:00Z,1,assert
acme:contract:v0092-ctr-00058~48ac096e4485,contract,acme,v0092,CTR-00058,msa,2021-01-05,2022-12-26,2021-01-05T20:28:45Z,\N,2021-01-05T20:28:45Z,\N,1,assert
acme:contract:v0142-ctr-00060~7314f899cc40,contract,acme,v0142,CTR-00060,licence,2021-01-05,2022-12-26,2021-01-05T11:25:59Z,\N,2021-01-05T11:25:59Z,\N,1,assert
acme:contract:v0014-ctr-00066~861995d409e3,contract,acme,v0014,CTR-00066,support,2021-01-05,2022-12-26,2021-01-05T20:33:35Z,\N,2021-01-05T20:33:35Z,\N,1,assert
acme:contract:v0119-ctr-00067~1d21bef364ee,contract,acme,v0119,CTR-00067,support,2021-01-05,2022-12-26,2021-01-05T22:07:25Z,\N,2021-01-05T22:07:25Z,\N,1,assert
acme:contract:v0086-ctr-00093~9def3b2a52d3,contract,acme,v0086,CTR-00093,licence,2021-01-05,2022-12-26,2021-01-05T00:54:21Z,\N,2021-01-05T00:54:21Z,\N,1,assert
acme:contract:v0095-ctr-00103~1dfef977aba3,contract,acme,v0095,CTR-00103,saas,2021-01-05,2022-12-26,2021-01-05T15:35:58Z,\N,2021-01-05T15:35:58Z,\N,1,assert
acme:contract:v0148-ctr-00107~607bba8ba18f,contract,acme,v0148,CTR-00107,support,2021-01-05,2022-12-26,2021-01-05T19:27:20Z,\N,2021-01-05T19:27:20Z,\N,1,assert
acme:contract:v0082-ctr-00110~d92c1cd3444e,contract,acme,v0082,CTR-00110,licence,2021-01-05,2022-12-26,2021-01-05T16:04:59Z,\N,2021-01-05T16:04:59Z,\N,1,assert
acme:contract:v0086-ctr-00115~378b77f75350,contract,acme,v0086,CTR-00115,support,2021-01-05,2022-12-26,2021-01-05T18:12:30Z,\N,2021-01-05T18:12:30Z,\N,1,assert
acme:contract:v0033-ctr-00116~89095d5125c4,contract,acme,v0033,CTR-00116,saas,2021-01-05,2022-12-26,2021-01-05T07:56:57Z,\N,2021-01-05T07:56:57Z,\N,1,assert
acme:contract:v0087-ctr-00119~0cbc173389da,contract,acme,v0087,CTR-00119,licence,2021-01-05,2022-12-26,2021-01-05T09:56:06Z,\N,2021-01-05T09:56:06Z,\N,1,assert
acme:contract:v0055-ctr-00124~c201d570caa5,contract,acme,v0055,CTR-00124,saas,2021-01-05,2022-12-26,2021-01-05T22:20:22Z,\N,2021-01-05T22:20:22Z,\N,1,assert
acme:contract:v0024-ctr-00136~d59b77fc5f65,contract,acme,v0024,CTR-00136,licence,2021-01-05,2022-12-26,2021-01-05T05:40:02Z,\N,2021-01-05T05:40:02Z,\N,1,assert
acme:contract:v0018-ctr-00141~0ad3b1467c41,contract,acme,v0018,CTR-00141,support,2021-01-05,2022-12-26,2021-01-05T03:10:11Z,\N,2021-01-05T03:10:11Z,\N,1,assert
acme:contract:v0067-ctr-00145~956ccc5048ff,contract,acme,v0067,CTR-00145,licence,2021-01-05,2022-12-26,2021-01-05T08:29:07Z,\N,2021-01-05T08:29:07Z,\N,1,assert
acme:contract:v0112-ctr-00149~99b6929c8b97,contract,acme,v0112,CTR-00149,support,2021-01-05,2022-12-26,2021-01-05T11:12:41Z,\N,2021-01-05T11:12:41Z,\N,1,assert
acme:contract:v0023-ctr-00163~cb6f24b9bfd2,contract,acme,v0023,CTR-00163,support,2021-01-05,2022-12-26,2021-01-05T16:10:45Z,\N,2021-01-05T16:10:45Z,\N,1,assert
acme:contract:v0027-ctr-00166~04d5aa9baae0,contract,acme,v0027,CTR-00166,support,2021-01-05,2022-12-26,2021-01-05T01:47:08Z,\N,2021-01-05T01:47:08Z,\N,1,assert
acme:contract:v0001-ctr-00169~6425fcc33aa6,contract,acme,v0001,CTR-00169,msa,2021-01-05,2022-12-26,2021-01-05T02:19:40Z,\N,2021-01-05T02:19:40Z,\N,1,assert
acme:contract:v0159-ctr-00170~3a33493b49c4,contract,acme,v0159,CTR-00170,licence,2021-01-05,2022-12-26,2021-01-05T13:53:38Z,\N,2021-01-05T13:53:38Z,\N,1,assert
acme:contract:v0168-ctr-00178~411a436f5ada,contract,acme,v0168,CTR-00178,support,2021-01-05,2022-12-26,2021-01-05T22:08:58Z,\N,2021-01-05T22:08:58Z,\N,1,assert
acme:contract:v0109-ctr-00179~8198b20fbff4,contract,acme,v0109,CTR-00179,msa,2021-01-05,2022-12-26,2021-01-05T06:47:54Z,\N,2021-01-05T06:47:54Z,\N,1,assert
acme:contract:v0171-ctr-00182~9af3354782fa,contract,acme,v0171,CTR-00182,support,2021-01-05,2022-12-26,2021-01-05T12:07:38Z,\N,2021-01-05T12:07:38Z,\N,1,assert
acme:contract:v0018-ctr-00205~1802c28f06ea,contract,acme,v0018,CTR-00205,support,2021-01-05,2022-12-26,2021-01-05T23:54:34Z,\N,2021-01-05T23:54:34Z,\N,1,assert
acme:contract:v0006-ctr-00209~683186835631,contract,acme,v0006,CTR-00209,licence,2021-01-05,2022-12-26,2021-01-05T15:16:59Z,\N,2021-01-05T15:16:59Z,\N,1,assert
acme:contract:v0113-ctr-00212~a9be5eaef34e,contract,acme,v0113,CTR-00212,msa,2021-01-05,2022-12-26,2021-01-05T22:18:40Z,\N,2021-01-05T22:18:40Z,\N,1,assert
acme:contract:v0098-ctr-00213~49d64b67a893,contract,acme,v0098,CTR-00213,msa,2021-01-05,2022-12-26,2021-01-05T04:23:14Z,\N,2021-01-05T04:23:14Z,\N,1,assert
acme:contract:v0170-ctr-00225~8547b8c8c7a8,contract,acme,v0170,CTR-00225,support,2021-01-05,2022-12-26,2021-01-05T12:10:06Z,\N,2021-01-05T12:10:06Z,\N,1,assert
acme:contract:v0112-ctr-00233~45f89e6b1954,contract,acme,v0112,CTR-00233,msa,2021-01-05,2022-12-26,2021-01-05T11:55:39Z,\N,2021-01-05T11:55:39Z,\N,1,assert
acme:contract:v0007-ctr-00168~4fc79a0eca77,contract,acme,v0007,CTR-00168,licence,2021-01-06,2022-12-27,2021-01-06T03:24:50Z,\N,2021-01-06T03:24:50Z,2024-10-23T12:39:00Z,1,assert
acme:contract:v0075-ctr-00194~e1a3b73a54af,contract,acme,v0075,CTR-00194,support,2021-01-06,2022-12-27,2021-01-06T04:53:22Z,2021-08-18T11:45:35Z,2021-01-06T04:53:22Z,\N,1,assert
acme:contract:v0002-ctr-00081~6efe310446b9,contract,acme,v0002,CTR-00081,licence,2021-01-06,2022-12-27,2021-01-06T09:48:37Z,2021-04-27T00:28:01Z,2021-01-06T09:48:37Z,\N,1,assert
acme:contract:v0057-ctr-00129~7097a8f91075,contract,acme,v0057,CTR-00129,msa,2021-01-06,2022-12-27,2021-01-06T13:13:51Z,\N,2021-01-06T13:13:51Z,2026-01-15T18:22:42Z,1,assert
acme:contract:v0166-ctr-00059~8a1745d81a26,contract,acme,v0166,CTR-00059,support,2021-01-06,2022-12-27,2021-01-06T14:59:49Z,\N,2021-01-06T14:59:49Z,2026-09-02T06:11:19Z,1,assert
acme:contract:v0070-ctr-00234~208fdcfb722f,contract,acme,v0070,CTR-00234,msa,2021-01-06,2022-12-27,2021-01-06T19:13:23Z,2021-09-27T21:38:20Z,2021-01-06T19:13:23Z,\N,1,assert
acme:contract:v0131-ctr-00029~18719e58843f,contract,acme,v0131,CTR-00029,support,2021-01-06,2022-12-27,2021-01-06T22:48:00Z,2021-03-06T07:47:25Z,2021-01-06T22:48:00Z,\N,1,assert
acme:contract:v0178-ctr-00009~ef69538ee316,contract,acme,v0178,CTR-00009,licence,2021-01-06,2022-12-27,2021-01-06T22:52:57Z,\N,2021-01-06T22:52:57Z,\N,1,assert
acme:contract:v0039-ctr-00012~23c11d40b36f,contract,acme,v0039,CTR-00012,licence,2021-01-06,2022-12-27,2021-01-06T13:07:36Z,\N,2021-01-06T13:07:36Z,\N,1,assert
acme:contract:v0134-ctr-00018~b136100ee15e,contract,acme,v0134,CTR-00018,licence,2021-01-06,2022-12-27,2021-01-06T18:54:41Z,\N,2021-01-06T18:54:41Z,\N,1,assert
acme:contract:v0114-ctr-00045~bcf76a80bdce,contract,acme,v0114,CTR-00045,support,2021-01-06,2022-12-27,2021-01-06T22:06:50Z,\N,2021-01-06T22:06:50Z,\N,1,assert
acme:contract:v0029-ctr-00048~75a597ca41aa,contract,acme,v0029,CTR-00048,licence,2021-01-06,2022-12-27,2021-01-06T14:26:03Z,\N,2021-01-06T14:26:03Z,\N,1,assert
acme:contract:v0000-ctr-00050~363ab2ccfad8,contract,acme,v0000,CTR-00050,licence,2021-01-06,2022-12-27,2021-01-06T14:05:25Z,\N,2021-01-06T14:05:25Z,\N,1,assert
acme:contract:v0017-ctr-00055~675ed86d5176,contract,acme,v0017,CTR-00055,msa,2021-01-06,2022-12-27,2021-01-06T02:55:11Z,\N,2021-01-06T02:55:11Z,\N,1,assert
acme:contract:v0149-ctr-00063~3d9def0bb732,contract,acme,v0149,CTR-00063,licence,2021-01-06,2022-12-27,2021-01-06T18:54:02Z,\N,2021-01-06T18:54:02Z,\N,1,assert
acme:contract:v0081-ctr-00064~1f0e65e077bb,contract,acme,v0081,CTR-00064,support,2021-01-06,2022-12-27,2021-01-06T22:53:21Z,\N,2021-01-06T22:53:21Z,\N,1,assert
acme:contract:v0109-ctr-00075~164b0b724248,contract,acme,v0109,CTR-00075,licence,2021-01-06,2022-12-27,2021-01-06T23:22:15Z,\N,2021-01-06T23:22:15Z,\N,1,assert
acme:contract:v0045-ctr-00076~f539a3c19683,contract,acme,v0045,CTR-00076,licence,2021-01-06,2022-12-27,2021-01-06T17:55:36Z,\N,2021-01-06T17:55:36Z,\N,1,assert
acme:contract:v0144-ctr-00077~35aa5dfe46b9,contract,acme,v0144,CTR-00077,licence,2021-01-06,2022-12-27,2021-01-06T13:15:34Z,\N,2021-01-06T13:15:34Z,\N,1,assert
acme:contract:v0124-ctr-00078~4bcd5266cc45,contract,acme,v0124,CTR-00078,licence,2021-01-06,2022-12-27,2021-01-06T05:51:27Z,\N,2021-01-06T05:51:27Z,\N,1,assert
acme:contract:v0091-ctr-00080~880eb12283e7,contract,acme,v0091,CTR-00080,support,2021-01-06,2022-12-27,2021-01-06T12:03:35Z,\N,2021-01-06T12:03:35Z,\N,1,assert
acme:contract:v0046-ctr-00084~f70058d787b7,contract,acme,v0046,CTR-00084,support,2021-01-06,2022-12-27,2021-01-06T03:07:30Z,\N,2021-01-06T03:07:30Z,\N,1,assert
acme:contract:v0013-ctr-00088~a1e052aea692,contract,acme,v0013,CTR-00088,licence,2021-01-06,2022-12-27,2021-01-06T07:41:24Z,\N,2021-01-06T07:41:24Z,\N,1,assert
acme:contract:v0145-ctr-00092~40c7edd8aa2c,contract,acme,v0145,CTR-00092,licence,2021-01-06,2022-12-27,2021-01-06T10:42:06Z,\N,2021-01-06T10:42:06Z,\N,1,assert
acme:contract:v0022-ctr-00098~84f2691e22df,contract,acme,v0022,CTR-00098,saas,2021-01-06,2022-12-27,2021-01-06T08:30:33Z,\N,2021-01-06T08:30:33Z,\N,1,assert
acme:contract:v0129-ctr-00099~0aa9d9af0e50,contract,acme,v0129,CTR-00099,licence,2021-01-06,2022-12-27,2021-01-06T17:43:12Z,\N,2021-01-06T17:43:12Z,\N,1,assert
acme:contract:v0026-ctr-00102~35fa0d3e3954,contract,acme,v0026,CTR-00102,saas,2021-01-06,2022-12-27,2021-01-06T13:33:05Z,\N,2021-01-06T13:33:05Z,\N,1,assert
acme:contract:v0032-ctr-00112~a1f6aa0977f2,contract,acme,v0032,CTR-00112,msa,2021-01-06,2022-12-27,2021-01-06T14:37:43Z,\N,2021-01-06T14:37:43Z,\N,1,assert
acme:contract:v0031-ctr-00114~2c3ebd702db3,contract,acme,v0031,CTR-00114,licence,2021-01-06,2022-12-27,2021-01-06T20:36:23Z,\N,2021-01-06T20:36:23Z,\N,1,assert
acme:contract:v0007-ctr-00134~812f96fe89ee,contract,acme,v0007,CTR-00134,support,2021-01-06,2022-12-27,2021-01-06T21:00:45Z,\N,2021-01-06T21:00:45Z,\N,1,assert
acme:contract:v0097-ctr-00135~48facc2d5027,contract,acme,v0097,CTR-00135,support,2021-01-06,2022-12-27,2021-01-06T01:25:47Z,\N,2021-01-06T01:25:47Z,\N,1,assert
acme:contract:v0125-ctr-00139~21af256d6ec4,contract,acme,v0125,CTR-00139,support,2021-01-06,2022-12-27,2021-01-06T08:11:58Z,\N,2021-01-06T08:11:58Z,\N,1,assert
acme:contract:v0095-ctr-00155~0c66870ca284,contract,acme,v0095,CTR-00155,lease,2021-01-06,2022-12-27,2021-01-06T00:53:27Z,\N,2021-01-06T00:53:27Z,\N,1,assert
acme:contract:v0075-ctr-00156~5dd8eb52f8a1,contract,acme,v0075,CTR-00156,licence,2021-01-06,2022-12-27,2021-01-06T06:11:22Z,\N,2021-01-06T06:11:22Z,\N,1,assert
acme:contract:v0089-ctr-00157~e89e06e9d52e,contract,acme,v0089,CTR-00157,saas,2021-01-06,2022-12-27,2021-01-06T15:55:12Z,\N,2021-01-06T15:55:12Z,\N,1,assert
acme:contract:v0087-ctr-00161~cd834245af9a,contract,acme,v0087,CTR-00161,licence,2021-01-06,2022-12-27,2021-01-06T09:58:47Z,\N,2021-01-06T09:58:47Z,\N,1,assert
acme:contract:v0010-ctr-00180~94ae69138077,contract,acme,v0010,CTR-00180,licence,2021-01-06,2022-12-27,2021-01-06T08:32:55Z,\N,2021-01-06T08:32:55Z,\N,1,assert
acme:contract:v0104-ctr-00183~111e9f193e63,contract,acme,v0104,CTR-00183,licence,2021-01-06,2022-12-27,2021-01-06T00:01:37Z,\N,2021-01-06T00:01:37Z,\N,1,assert
acme:contract:v0030-ctr-00189~7702c684cf84,contract,acme,v0030,CTR-00189,lease,2021-01-06,2022-12-27,2021-01-06T14:38:53Z,\N,2021-01-06T14:38:53Z,\N,1,assert
acme:contract:v0149-ctr-00193~cfba01791f07,contract,acme,v0149,CTR-00193,licence,2021-01-06,2022-12-27,2021-01-06T18:35:04Z,\N,2021-01-06T18:35:04Z,\N,1,assert
acme:contract:v0148-ctr-00196~736bb43eb16f,contract,acme,v0148,CTR-00196,licence,2021-01-06,2022-12-27,2021-01-06T08:07:45Z,\N,2021-01-06T08:07:45Z,\N,1,assert
acme:contract:v0047-ctr-00197~7ff68baaa1b8,contract,acme,v0047,CTR-00197,licence,2021-01-06,2022-12-27,2021-01-06T18:56:06Z,\N,2021-01-06T18:56:06Z,\N,1,assert
acme:contract:v0117-ctr-00200~4ddbd1b527be,contract,acme,v0117,CTR-00200,licence,2021-01-06,2022-12-27,2021-01-06T04:00:24Z,\N,2021-01-06T04:00:24Z,\N,1,assert
acme:contract:v0123-ctr-00201~d3d4fc8b759d,contract,acme,v0123,CTR-00201,msa,2021-01-06,2022-12-27,2021-01-06T03:55:54Z,\N,2021-01-06T03:55:54Z,\N,1,assert
acme:contract:v0105-ctr-00204~87e6684f2a29,contract,acme,v0105,CTR-00204,licence,2021-01-06,2022-12-27,2021-01-06T00:24:38Z,\N,2021-01-06T00:24:38Z,\N,1,assert
acme:contract:v0169-ctr-00206~34a8df03fb56,contract,acme,v0169,CTR-00206,msa,2021-01-06,2022-12-27,2021-01-06T01:08:19Z,\N,2021-01-06T01:08:19Z,\N,1,assert
acme:contract:v0075-ctr-00211~fc76970ec772,contract,acme,v0075,CTR-00211,licence,2021-01-06,2022-12-27,2021-01-06T01:40:05Z,\N,2021-01-06T01:40:05Z,\N,1,assert
acme:contract:v0150-ctr-00216~ce3125719927,contract,acme,v0150,CTR-00216,support,2021-01-06,2022-12-27,2021-01-06T19:04:05Z,\N,2021-01-06T19:04:05Z,\N,1,assert
acme:contract:v0103-ctr-00217~a9e109290565,contract,acme,v0103,CTR-00217,msa,2021-01-06,2022-12-27,2021-01-06T10:45:28Z,\N,2021-01-06T10:45:28Z,\N,1,assert
acme:contract:v0065-ctr-00220~485412858db8,contract,acme,v0065,CTR-00220,licence,2021-01-06,2022-12-27,2021-01-06T00:29:34Z,\N,2021-01-06T00:29:34Z,\N,1,assert
acme:contract:v0104-ctr-00237~4509ccd44e10,contract,acme,v0104,CTR-00237,licence,2021-01-06,2022-12-27,2021-01-06T14:32:27Z,\N,2021-01-06T14:32:27Z,\N,1,assert
acme:contract:v0100-ctr-00104~13b203691a53,contract,acme,v0100,CTR-00104,support,2021-01-05,2024-05-04,2021-01-05T18:39:36Z,\N,2021-05-20T08:32:00Z,\N,2,assert
acme:contract:v0140-ctr-00208~e06897235a0a,contract,acme,v0140,CTR-00208,licence,2021-01-03,2025-01-15,2021-01-03T01:00:44Z,\N,2022-01-31T17:05:38Z,\N,2,assert
acme:contract:v0077-ctr-00030~68df2833464b,contract,acme,v0077,CTR-00030,support,2021-01-05,2025-05-14,2021-01-05T13:18:08Z,\N,2022-05-30T14:15:33Z,\N,2,assert
acme:contract:v0007-ctr-00168~4fc79a0eca77,contract,acme,v0007,CTR-00168,licence,2021-01-06,2027-10-08,2021-01-06T03:24:50Z,\N,2024-10-23T12:39:00Z,\N,2,assert
acme:contract:v0065-ctr-00190~b0359675229b,contract,acme,v0065,CTR-00190,msa,2021-01-04,2028-10-24,2021-01-04T02:27:37Z,\N,2025-11-09T20:38:20Z,\N,2,assert
acme:contract:v0159-ctr-00020~162510185cb9,contract,acme,v0159,CTR-00020,support,2021-01-02,2028-12-15,2021-01-02T04:08:13Z,\N,2025-12-31T08:02:44Z,\N,2,assert
acme:contract:v0057-ctr-00129~7097a8f91075,contract,acme,v0057,CTR-00129,msa,2021-01-06,2028-12-30,2021-01-06T13:13:51Z,\N,2026-01-15T18:22:42Z,\N,2,assert
acme:contract:v0115-ctr-00094~8294d5b2a993,contract,acme,\N,\N,\N,\N,\N,2021-05-07T02:37:31Z,\N,2026-01-23T22:53:39Z,\N,2,retract
acme:contract:v0034-ctr-00046~654bfc005edf,contract,acme,\N,\N,\N,\N,\N,2021-03-19T04:35:58Z,\N,2026-02-11T12:57:51Z,\N,2,retract
acme:contract:v0099-ctr-00199~6bb0def895a8,contract,acme,\N,\N,\N,\N,\N,2021-08-22T00:51:35Z,\N,2026-02-15T09:13:26Z,\N,2,retract
acme:contract:v0148-ctr-00071~938c00bed638,contract,acme,\N,\N,\N,\N,\N,2021-04-14T05:50:57Z,\N,2026-04-16T01:08:16Z,\N,2,retract
acme:contract:v0070-ctr-00234~208fdcfb722f,contract,acme,\N,\N,\N,\N,\N,2021-09-27T21:38:20Z,\N,2026-05-10T17:36:32Z,\N,2,retract
acme:contract:v0074-ctr-00086~4acb3c8e43b3,contract,acme,\N,\N,\N,\N,\N,2021-04-28T17:04:07Z,\N,2026-05-22T18:19:13Z,\N,2,retract
acme:contract:v0075-ctr-00194~e1a3b73a54af,contract,acme,\N,\N,\N,\N,\N,2021-08-18T11:45:35Z,\N,2026-06-13T04:17:02Z,\N,2,retract
acme:contract:v0136-ctr-00146~e4a788cf3e0b,contract,acme,\N,\N,\N,\N,\N,2021-06-30T01:28:45Z,\N,2026-06-25T09:54:37Z,\N,2,retract
acme:contract:v0166-ctr-00059~8a1745d81a26,contract,acme,v0166,CTR-00059,support,2021-01-06,2029-08-17,2021-01-06T14:59:49Z,\N,2026-09-02T06:11:19Z,\N,2,assert
acme:contract:v0082-ctr-00051~e6d7ed91dc5b,contract,acme,\N,\N,\N,\N,\N,2021-03-25T19:49:15Z,\N,2026-10-12T23:00:44Z,\N,2,retract
acme:contract:v0176-ctr-00016~9ba57f1f73a5,contract,acme,\N,\N,\N,\N,\N,2021-02-18T00:14:33Z,\N,2026-11-02T15:27:49Z,\N,2,retract
acme:contract:v0115-ctr-00229~7700326840f0,contract,acme,\N,\N,\N,\N,\N,2021-09-19T11:54:01Z,\N,2026-12-01T06:31:00Z,\N,2,retract
acme:contract:v0131-ctr-00029~18719e58843f,contract,acme,\N,\N,\N,\N,\N,2021-03-06T07:47:25Z,\N,2026-12-14T09:06:50Z,\N,2,retract
acme:contract:v0060-ctr-00223~7fef880a91ec,contract,acme,\N,\N,\N,\N,\N,2021-09-13T18:01:16Z,\N,2027-01-08T07:46:56Z,\N,2,retract
acme:contract:v0093-ctr-00049~13e48fc0bede,contract,acme,\N,\N,\N,\N,\N,2021-03-24T03:28:51Z,\N,2027-01-08T18:27:31Z,\N,2,retract
acme:contract:v0000-ctr-00227~b8f86d209115,contract,acme,\N,\N,\N,\N,\N,2021-09-16T04:47:38Z,\N,2027-01-18T17:46:57Z,\N,2,retract
acme:contract:v0118-ctr-00165~7636ba98653c,contract,acme,\N,\N,\N,\N,\N,2021-07-16T01:21:04Z,\N,2027-02-03T18:27:16Z,\N,2,retract
acme:contract:v0002-ctr-00081~6efe310446b9,contract,acme,\N,\N,\N,\N,\N,2021-04-27T00:28:01Z,\N,2027-02-28T15:16:45Z,\N,2,retract
acme:contract:v0028-ctr-00230~1067602239bd,contract,acme,\N,\N,\N,\N,\N,2021-09-22T04:13:22Z,\N,2027-03-25T15:18:49Z,\N,2,retract
acme:contract:v0074-ctr-00105~aee3ef15f9fa,contract,acme,\N,\N,\N,\N,\N,2021-05-17T01:29:26Z,\N,2027-04-11T11:43:06Z,\N,2,retract
