entity_id,entity_type,organization_id,privilege_name,privilege_kind,valid_from,valid_to,system_from,system_to,revision,operation
acme:privilege:system-privileged-role-0000~187308e09b07,privilege,acme,system.privileged-role-0000,system,2021-01-02T02:35:13Z,\N,2021-01-02T02:35:13Z,\N,1,assert
acme:privilege:cloud-privileged-role-0005~2187e4ce771c,privilege,acme,cloud.privileged-role-0005,cloud,2021-01-02T17:11:57Z,\N,2021-01-02T17:11:57Z,\N,1,assert
acme:privilege:cloud-privileged-role-0006~6c1cceedd676,privilege,acme,cloud.privileged-role-0006,cloud,2021-01-02T07:08:01Z,\N,2021-01-02T07:08:01Z,\N,1,assert
acme:privilege:system-privileged-role-0010~6d0892d563ac,privilege,acme,system.privileged-role-0010,system,2021-01-02T02:10:20Z,\N,2021-01-02T02:10:20Z,\N,1,assert
acme:privilege:network-privileged-role-0014~419ceee5e762,privilege,acme,network.privileged-role-0014,network,2021-01-02T13:44:14Z,\N,2021-01-02T13:44:14Z,\N,1,assert
acme:privilege:system-privileged-role-0016~ae165da97610,privilege,acme,system.privileged-role-0016,system,2021-01-02T23:37:17Z,\N,2021-01-02T23:37:17Z,\N,1,assert
acme:privilege:cloud-privileged-role-0022~aadf168a0484,privilege,acme,cloud.privileged-role-0022,cloud,2021-01-02T22:43:24Z,\N,2021-01-02T22:43:24Z,\N,1,assert
acme:privilege:database-privileged-role-0029~8d7b429b110b,privilege,acme,database.privileged-role-0029,database,2021-01-02T07:54:03Z,\N,2021-01-02T07:54:03Z,\N,1,assert
acme:privilege:system-privileged-role-0034~4b4ff0cbaf48,privilege,acme,system.privileged-role-0034,system,2021-01-02T01:24:16Z,\N,2021-01-02T01:24:16Z,\N,1,assert
acme:privilege:database-privileged-role-0039~28295f987a75,privilege,acme,database.privileged-role-0039,database,2021-01-02T11:49:50Z,\N,2021-01-02T11:49:50Z,\N,1,assert
acme:privilege:cloud-privileged-role-0045~32edbb98114f,privilege,acme,cloud.privileged-role-0045,cloud,2021-01-02T10:02:37Z,\N,2021-01-02T10:02:37Z,\N,1,assert
acme:privilege:directory-privileged-role-0053~828a7bfbc8e0,privilege,acme,directory.privileged-role-0053,directory,2021-01-02T12:38:46Z,\N,2021-01-02T12:38:46Z,\N,1,assert
acme:privilege:database-privileged-role-0055~121de7622371,privilege,acme,database.privileged-role-0055,database,2021-01-02T06:24:22Z,\N,2021-01-02T06:24:22Z,\N,1,assert
acme:privilege:directory-privileged-role-0056~3acea76cbd4c,privilege,acme,directory.privileged-role-0056,directory,2021-01-02T09:14:33Z,\N,2021-01-02T09:14:33Z,\N,1,assert
acme:privilege:system-privileged-role-0064~0609c533822e,privilege,acme,system.privileged-role-0064,system,2021-01-02T23:37:46Z,\N,2021-01-02T23:37:46Z,\N,1,assert
acme:privilege:database-privileged-role-0067~d9c64328aa35,privilege,acme,database.privileged-role-0067,database,2021-01-02T13:48:39Z,\N,2021-01-02T13:48:39Z,\N,1,assert
acme:privilege:system-privileged-role-0070~23e5202b1788,privilege,acme,system.privileged-role-0070,system,2021-01-02T06:12:00Z,\N,2021-01-02T06:12:00Z,\N,1,assert
acme:privilege:database-privileged-role-0071~7e87dcb54261,privilege,acme,database.privileged-role-0071,database,2021-01-02T20:19:42Z,\N,2021-01-02T20:19:42Z,\N,1,assert
acme:privilege:directory-privileged-role-0075~741d79cbd1cc,privilege,acme,directory.privileged-role-0075,directory,2021-01-02T21:05:10Z,\N,2021-01-02T21:05:10Z,\N,1,assert
acme:privilege:cloud-privileged-role-0079~07dbb0de53df,privilege,acme,cloud.privileged-role-0079,cloud,2021-01-02T06:33:50Z,\N,2021-01-02T06:33:50Z,\N,1,assert
acme:privilege:cloud-privileged-role-0083~05dd8bbfdee1,privilege,acme,cloud.privileged-role-0083,cloud,2021-01-02T08:56:31Z,\N,2021-01-02T08:56:31Z,\N,1,assert
acme:privilege:system-privileged-role-0084~27451d211be2,privilege,acme,system.privileged-role-0084,system,2021-01-02T06:25:39Z,\N,2021-01-02T06:25:39Z,\N,1,assert
acme:privilege:network-privileged-role-0086~02bf18188bfa,privilege,acme,network.privileged-role-0086,network,2021-01-02T05:28:07Z,\N,2021-01-02T05:28:07Z,\N,1,assert
acme:privilege:database-privileged-role-0093~185d63c6cb1c,privilege,acme,database.privileged-role-0093,database,2021-01-02T11:06:13Z,\N,2021-01-02T11:06:13Z,\N,1,assert
acme:privilege:system-privileged-role-0095~92e1cb3f0c5f,privilege,acme,system.privileged-role-0095,system,2021-01-02T15:34:04Z,\N,2021-01-02T15:34:04Z,\N,1,assert
acme:privilege:database-privileged-role-0097~e6ccd28a930a,privilege,acme,database.privileged-role-0097,database,2021-01-02T09:36:28Z,\N,2021-01-02T09:36:28Z,\N,1,assert
acme:privilege:network-privileged-role-0105~1510e01e8b82,privilege,acme,network.privileged-role-0105,network,2021-01-02T00:45:45Z,\N,2021-01-02T00:45:45Z,\N,1,assert
acme:privilege:cloud-privileged-role-0119~6ed70564f323,privilege,acme,cloud.privileged-role-0119,cloud,2021-01-02T03:12:14Z,\N,2021-01-02T03:12:14Z,\N,1,assert
acme:privilege:database-privileged-role-0122~c49cdbe12903,privilege,acme,database.privileged-role-0122,database,2021-01-02T06:18:41Z,\N,2021-01-02T06:18:41Z,\N,1,assert
acme:privilege:directory-privileged-role-0133~86ac3cc5fe2e,privilege,acme,directory.privileged-role-0133,directory,2021-01-02T09:23:49Z,\N,2021-01-02T09:23:49Z,\N,1,assert
acme:privilege:directory-privileged-role-0144~3f7489aad94f,privilege,acme,directory.privileged-role-0144,directory,2021-01-02T00:39:48Z,\N,2021-01-02T00:39:48Z,\N,1,assert
acme:privilege:system-privileged-role-0145~a1014ea77092,privilege,acme,system.privileged-role-0145,system,2021-01-02T04:51:23Z,\N,2021-01-02T04:51:23Z,\N,1,assert
acme:privilege:database-privileged-role-0154~488ec8439992,privilege,acme,database.privileged-role-0154,database,2021-01-02T13:30:56Z,\N,2021-01-02T13:30:56Z,\N,1,assert
acme:privilege:cloud-privileged-role-0155~7729d295851f,privilege,acme,cloud.privileged-role-0155,cloud,2021-01-02T13:12:59Z,\N,2021-01-02T13:12:59Z,\N,1,assert
acme:privilege:cloud-privileged-role-0158~2697cf27687e,privilege,acme,cloud.privileged-role-0158,cloud,2021-01-02T07:43:28Z,\N,2021-01-02T07:43:28Z,\N,1,assert
acme:privilege:system-privileged-role-0162~18bd1a635956,privilege,acme,system.privileged-role-0162,system,2021-01-02T19:56:54Z,\N,2021-01-02T19:56:54Z,\N,1,assert
acme:privilege:directory-privileged-role-0164~6c91f20f6ca5,privilege,acme,directory.privileged-role-0164,directory,2021-01-02T06:06:59Z,\N,2021-01-02T06:06:59Z,\N,1,assert
acme:privilege:system-privileged-role-0166~437570d18970,privilege,acme,system.privileged-role-0166,system,2021-01-02T06:03:55Z,\N,2021-01-02T06:03:55Z,\N,1,assert
acme:privilege:database-privileged-role-0169~2a999835b96d,privilege,acme,database.privileged-role-0169,database,2021-01-02T18:44:00Z,\N,2021-01-02T18:44:00Z,\N,1,assert
acme:privilege:system-privileged-role-0171~31f6808f7c80,privilege,acme,system.privileged-role-0171,system,2021-01-02T11:19:44Z,\N,2021-01-02T11:19:44Z,\N,1,assert
acme:privilege:cloud-privileged-role-0185~803c673cbcfd,privilege,acme,cloud.privileged-role-0185,cloud,2021-01-02T10:05:45Z,\N,2021-01-02T10:05:45Z,\N,1,assert
acme:privilege:cloud-privileged-role-0189~44901a0826b6,privilege,acme,cloud.privileged-role-0189,cloud,2021-01-02T22:57:52Z,\N,2021-01-02T22:57:52Z,\N,1,assert
acme:privilege:database-privileged-role-0194~b50b68e09665,privilege,acme,database.privileged-role-0194,database,2021-01-02T04:03:48Z,\N,2021-01-02T04:03:48Z,\N,1,assert
acme:privilege:network-privileged-role-0197~94a3588bea16,privilege,acme,network.privileged-role-0197,network,2021-01-02T21:03:36Z,\N,2021-01-02T21:03:36Z,\N,1,assert
acme:privilege:database-privileged-role-0199~0c746bc77d2c,privilege,acme,database.privileged-role-0199,database,2021-01-02T00:13:07Z,\N,2021-01-02T00:13:07Z,\N,1,assert
acme:privilege:database-privileged-role-0202~6a0052ed3ec9,privilege,acme,database.privileged-role-0202,database,2021-01-02T06:07:29Z,\N,2021-01-02T06:07:29Z,\N,1,assert
acme:privilege:directory-privileged-role-0203~280eb251b110,privilege,acme,directory.privileged-role-0203,directory,2021-01-02T01:54:16Z,\N,2021-01-02T01:54:16Z,\N,1,assert
acme:privilege:database-privileged-role-0215~3eb35ca6b00e,privilege,acme,database.privileged-role-0215,database,2021-01-02T04:01:12Z,\N,2021-01-02T04:01:12Z,\N,1,assert
acme:privilege:directory-privileged-role-0216~2811554f2592,privilege,acme,directory.privileged-role-0216,directory,2021-01-02T18:48:48Z,\N,2021-01-02T18:48:48Z,\N,1,assert
acme:privilege:network-privileged-role-0001~4133d16cfe71,privilege,acme,network.privileged-role-0001,network,2021-01-03T22:31:42Z,\N,2021-01-03T22:31:42Z,\N,1,assert
acme:privilege:database-privileged-role-0004~8d29a6c71cae,privilege,acme,database.privileged-role-0004,database,2021-01-03T08:29:05Z,\N,2021-01-03T08:29:05Z,\N,1,assert
acme:privilege:directory-privileged-role-0008~af5f57b43692,privilege,acme,directory.privileged-role-0008,directory,2021-01-03T15:21:09Z,\N,2021-01-03T15:21:09Z,\N,1,assert
acme:privilege:system-privileged-role-0015~4099e0906929,privilege,acme,system.privileged-role-0015,system,2021-01-03T01:11:45Z,\N,2021-01-03T01:11:45Z,\N,1,assert
acme:privilege:system-privileged-role-0020~e9f1e3186969,privilege,acme,system.privileged-role-0020,system,2021-01-03T22:19:42Z,\N,2021-01-03T22:19:42Z,\N,1,assert
acme:privilege:network-privileged-role-0021~61974bb524ef,privilege,acme,network.privileged-role-0021,network,2021-01-03T16:04:02Z,\N,2021-01-03T16:04:02Z,\N,1,assert
acme:privilege:system-privileged-role-0026~9027dad0f568,privilege,acme,system.privileged-role-0026,system,2021-01-03T22:54:00Z,\N,2021-01-03T22:54:00Z,\N,1,assert
acme:privilege:database-privileged-role-0048~818c490612f7,privilege,acme,database.privileged-role-0048,database,2021-01-03T16:30:29Z,\N,2021-01-03T16:30:29Z,\N,1,assert
acme:privilege:database-privileged-role-0049~9a504c42cd0a,privilege,acme,database.privileged-role-0049,database,2021-01-03T09:30:22Z,\N,2021-01-03T09:30:22Z,\N,1,assert
acme:privilege:network-privileged-role-0050~d55fc0325189,privilege,acme,network.privileged-role-0050,network,2021-01-03T14:18:56Z,\N,2021-01-03T14:18:56Z,\N,1,assert
acme:privilege:directory-privileged-role-0052~3283dbe460fa,privilege,acme,directory.privileged-role-0052,directory,2021-01-03T04:19:32Z,\N,2021-01-03T04:19:32Z,\N,1,assert
acme:privilege:database-privileged-role-0065~698131497480,privilege,acme,database.privileged-role-0065,database,2021-01-03T09:59:44Z,\N,2021-01-03T09:59:44Z,\N,1,assert
acme:privilege:database-privileged-role-0068~4b75315d91c4,privilege,acme,database.privileged-role-0068,database,2021-01-03T06:31:55Z,\N,2021-01-03T06:31:55Z,\N,1,assert
acme:privilege:database-privileged-role-0073~b3fc316b070d,privilege,acme,database.privileged-role-0073,database,2021-01-03T13:18:22Z,\N,2021-01-03T13:18:22Z,\N,1,assert
acme:privilege:cloud-privileged-role-0074~4a2e33ab1f14,privilege,acme,cloud.privileged-role-0074,cloud,2021-01-03T12:49:09Z,\N,2021-01-03T12:49:09Z,\N,1,assert
acme:privilege:database-privileged-role-0077~636cdca978fd,privilege,acme,database.privileged-role-0077,database,2021-01-03T13:02:06Z,\N,2021-01-03T13:02:06Z,\N,1,assert
acme:privilege:database-privileged-role-0082~145d7659377e,privilege,acme,database.privileged-role-0082,database,2021-01-03T09:29:32Z,\N,2021-01-03T09:29:32Z,\N,1,assert
acme:privilege:cloud-privileged-role-0085~61788b981794,privilege,acme,cloud.privileged-role-0085,cloud,2021-01-03T08:09:54Z,\N,2021-01-03T08:09:54Z,\N,1,assert
acme:privilege:directory-privileged-role-0088~b08e48bdf480,privilege,acme,directory.privileged-role-0088,directory,2021-01-03T15:33:10Z,\N,2021-01-03T15:33:10Z,\N,1,assert
acme:privilege:cloud-privileged-role-0094~1017b8c023ad,privilege,acme,cloud.privileged-role-0094,cloud,2021-01-03T10:54:48Z,\N,2021-01-03T10:54:48Z,\N,1,assert
acme:privilege:cloud-privileged-role-0096~50b2ab3be296,privilege,acme,cloud.privileged-role-0096,cloud,2021-01-03T15:23:08Z,\N,2021-01-03T15:23:08Z,\N,1,assert
acme:privilege:cloud-privileged-role-0098~c21df2a29612,privilege,acme,cloud.privileged-role-0098,cloud,2021-01-03T09:52:23Z,\N,2021-01-03T09:52:23Z,\N,1,assert
acme:privilege:network-privileged-role-0104~51d09229b01d,privilege,acme,network.privileged-role-0104,network,2021-01-03T00:38:36Z,\N,2021-01-03T00:38:36Z,\N,1,assert
acme:privilege:cloud-privileged-role-0109~0d4c57403caa,privilege,acme,cloud.privileged-role-0109,cloud,2021-01-03T13:42:03Z,\N,2021-01-03T13:42:03Z,\N,1,assert
acme:privilege:network-privileged-role-0110~2eab161a7124,privilege,acme,network.privileged-role-0110,network,2021-01-03T06:29:00Z,\N,2021-01-03T06:29:00Z,\N,1,assert
acme:privilege:database-privileged-role-0117~dafcdead6bc9,privilege,acme,database.privileged-role-0117,database,2021-01-03T08:02:52Z,\N,2021-01-03T08:02:52Z,\N,1,assert
acme:privilege:system-privileged-role-0123~cc2c739c2e4d,privilege,acme,system.privileged-role-0123,system,2021-01-03T18:37:11Z,\N,2021-01-03T18:37:11Z,\N,1,assert
acme:privilege:directory-privileged-role-0127~403446df4949,privilege,acme,directory.privileged-role-0127,directory,2021-01-03T10:05:24Z,\N,2021-01-03T10:05:24Z,\N,1,assert
acme:privilege:network-privileged-role-0140~a8cd8a399500,privilege,acme,network.privileged-role-0140,network,2021-01-03T00:11:24Z,\N,2021-01-03T00:11:24Z,\N,1,assert
acme:privilege:cloud-privileged-role-0141~0b269a7919c4,privilege,acme,cloud.privileged-role-0141,cloud,2021-01-03T16:15:20Z,\N,2021-01-03T16:15:20Z,\N,1,assert
acme:privilege:system-privileged-role-0143~ea06b2726d2a,privilege,acme,system.privileged-role-0143,system,2021-01-03T02:10:31Z,\N,2021-01-03T02:10:31Z,\N,1,assert
acme:privilege:network-privileged-role-0146~92f142108c77,privilege,acme,network.privileged-role-0146,network,2021-01-03T03:50:07Z,\N,2021-01-03T03:50:07Z,\N,1,assert
acme:privilege:network-privileged-role-0147~7bf0edea0b73,privilege,acme,network.privileged-role-0147,network,2021-01-03T18:55:16Z,\N,2021-01-03T18:55:16Z,\N,1,assert
acme:privilege:cloud-privileged-role-0148~6758e8a20b30,privilege,acme,cloud.privileged-role-0148,cloud,2021-01-03T11:45:08Z,\N,2021-01-03T11:45:08Z,\N,1,assert
acme:privilege:directory-privileged-role-0165~c51d06768e2c,privilege,acme,directory.privileged-role-0165,directory,2021-01-03T16:43:49Z,\N,2021-01-03T16:43:49Z,\N,1,assert
acme:privilege:database-privileged-role-0174~684abacc30a6,privilege,acme,database.privileged-role-0174,database,2021-01-03T12:48:52Z,\N,2021-01-03T12:48:52Z,\N,1,assert
acme:privilege:network-privileged-role-0175~b0a7e7248445,privilege,acme,network.privileged-role-0175,network,2021-01-03T14:42:04Z,\N,2021-01-03T14:42:04Z,\N,1,assert
acme:privilege:database-privileged-role-0180~34e053e34f4f,privilege,acme,database.privileged-role-0180,database,2021-01-03T02:16:01Z,\N,2021-01-03T02:16:01Z,\N,1,assert
acme:privilege:system-privileged-role-0181~7a61f8559354,privilege,acme,system.privileged-role-0181,system,2021-01-03T23:03:54Z,\N,2021-01-03T23:03:54Z,\N,1,assert
acme:privilege:database-privileged-role-0188~293a1ec4b98c,privilege,acme,database.privileged-role-0188,database,2021-01-03T22:59:18Z,\N,2021-01-03T22:59:18Z,\N,1,assert
acme:privilege:system-privileged-role-0193~adadebe62fc6,privilege,acme,system.privileged-role-0193,system,2021-01-03T01:31:11Z,\N,2021-01-03T01:31:11Z,\N,1,assert
acme:privilege:cloud-privileged-role-0201~6bdcacdfd72b,privilege,acme,cloud.privileged-role-0201,cloud,2021-01-03T07:01:05Z,\N,2021-01-03T07:01:05Z,\N,1,assert
acme:privilege:directory-privileged-role-0204~ee3cfb1b1235,privilege,acme,directory.privileged-role-0204,directory,2021-01-03T20:56:41Z,\N,2021-01-03T20:56:41Z,\N,1,assert
acme:privilege:system-privileged-role-0211~7366640c4b8e,privilege,acme,system.privileged-role-0211,system,2021-01-03T18:05:53Z,\N,2021-01-03T18:05:53Z,\N,1,assert
acme:privilege:network-privileged-role-0218~e5d35fe21fcf,privilege,acme,network.privileged-role-0218,network,2021-01-03T20:07:15Z,\N,2021-01-03T20:07:15Z,\N,1,assert
acme:privilege:system-privileged-role-0219~a686c99544e0,privilege,acme,system.privileged-role-0219,system,2021-01-03T17:18:47Z,\N,2021-01-03T17:18:47Z,\N,1,assert
acme:privilege:system-privileged-role-0002~66319b668467,privilege,acme,system.privileged-role-0002,system,2021-01-04T20:38:06Z,\N,2021-01-04T20:38:06Z,\N,1,assert
acme:privilege:network-privileged-role-0018~16885639801b,privilege,acme,network.privileged-role-0018,network,2021-01-04T00:38:29Z,\N,2021-01-04T00:38:29Z,\N,1,assert
acme:privilege:network-privileged-role-0023~cdba7a728893,privilege,acme,network.privileged-role-0023,network,2021-01-04T08:44:20Z,\N,2021-01-04T08:44:20Z,\N,1,assert
acme:privilege:cloud-privileged-role-0025~df8db34eef3e,privilege,acme,cloud.privileged-role-0025,cloud,2021-01-04T15:14:56Z,\N,2021-01-04T15:14:56Z,\N,1,assert
acme:privilege:system-privileged-role-0028~8b9b8422ec78,privilege,acme,system.privileged-role-0028,system,2021-01-04T13:24:16Z,\N,2021-01-04T13:24:16Z,\N,1,assert
acme:privilege:network-privileged-role-0030~53ebde258105,privilege,acme,network.privileged-role-0030,network,2021-01-04T02:36:53Z,\N,2021-01-04T02:36:53Z,\N,1,assert
acme:privilege:database-privileged-role-0031~7e6ff7168bcb,privilege,acme,database.privileged-role-0031,database,2021-01-04T14:23:12Z,\N,2021-01-04T14:23:12Z,\N,1,assert
acme:privilege:database-privileged-role-0035~29b8c4e4d4aa,privilege,acme,database.privileged-role-0035,database,2021-01-04T10:08:14Z,\N,2021-01-04T10:08:14Z,\N,1,assert
acme:privilege:cloud-privileged-role-0036~b626e7eb3caa,privilege,acme,cloud.privileged-role-0036,cloud,2021-01-04T21:19:45Z,\N,2021-01-04T21:19:45Z,\N,1,assert
acme:privilege:directory-privileged-role-0040~70d901874f55,privilege,acme,directory.privileged-role-0040,directory,2021-01-04T08:26:53Z,\N,2021-01-04T08:26:53Z,\N,1,assert
acme:privilege:directory-privileged-role-0041~442bf261f964,privilege,acme,directory.privileged-role-0041,directory,2021-01-04T21:56:13Z,\N,2021-01-04T21:56:13Z,\N,1,assert
acme:privilege:directory-privileged-role-0044~0837fe1fc857,privilege,acme,directory.privileged-role-0044,directory,2021-01-04T17:38:14Z,\N,2021-01-04T17:38:14Z,\N,1,assert
acme:privilege:network-privileged-role-0054~5042f2114907,privilege,acme,network.privileged-role-0054,network,2021-01-04T17:24:55Z,\N,2021-01-04T17:24:55Z,\N,1,assert
acme:privilege:network-privileged-role-0058~a63b86155728,privilege,acme,network.privileged-role-0058,network,2021-01-04T20:18:35Z,\N,2021-01-04T20:18:35Z,\N,1,assert
acme:privilege:system-privileged-role-0060~79419ae9ac37,privilege,acme,system.privileged-role-0060,system,2021-01-04T03:44:19Z,\N,2021-01-04T03:44:19Z,\N,1,assert
acme:privilege:cloud-privileged-role-0061~2e7bea44131d,privilege,acme,cloud.privileged-role-0061,cloud,2021-01-04T13:16:36Z,\N,2021-01-04T13:16:36Z,\N,1,assert
acme:privilege:directory-privileged-role-0062~3a14cde0882c,privilege,acme,directory.privileged-role-0062,directory,2021-01-04T11:46:20Z,\N,2021-01-04T11:46:20Z,\N,1,assert
acme:privilege:database-privileged-role-0063~7c8ba2d3f2e6,privilege,acme,database.privileged-role-0063,database,2021-01-04T20:34:09Z,\N,2021-01-04T20:34:09Z,\N,1,assert
acme:privilege:cloud-privileged-role-0072~259419ec1357,privilege,acme,cloud.privileged-role-0072,cloud,2021-01-04T11:07:49Z,\N,2021-01-04T11:07:49Z,\N,1,assert
acme:privilege:directory-privileged-role-0076~973d22b0918d,privilege,acme,directory.privileged-role-0076,directory,2021-01-04T18:17:31Z,\N,2021-01-04T18:17:31Z,\N,1,assert
acme:privilege:network-privileged-role-0091~a6d8fc655225,privilege,acme,network.privileged-role-0091,network,2021-01-04T05:21:14Z,\N,2021-01-04T05:21:14Z,\N,1,assert
acme:privilege:directory-privileged-role-0099~806082405635,privilege,acme,directory.privileged-role-0099,directory,2021-01-04T02:09:34Z,\N,2021-01-04T02:09:34Z,\N,1,assert
acme:privilege:database-privileged-role-0100~33b4f6c907a4,privilege,acme,database.privileged-role-0100,database,2021-01-04T07:45:50Z,\N,2021-01-04T07:45:50Z,\N,1,assert
acme:privilege:directory-privileged-role-0102~0605a206a23d,privilege,acme,directory.privileged-role-0102,directory,2021-01-04T20:57:14Z,\N,2021-01-04T20:57:14Z,\N,1,assert
acme:privilege:directory-privileged-role-0108~a63e10e751d9,privilege,acme,directory.privileged-role-0108,directory,2021-01-04T07:25:14Z,\N,2021-01-04T07:25:14Z,\N,1,assert
acme:privilege:database-privileged-role-0114~e9ec17934ee7,privilege,acme,database.privileged-role-0114,database,2021-01-04T02:12:10Z,\N,2021-01-04T02:12:10Z,\N,1,assert
acme:privilege:system-privileged-role-0116~0977f9ba1178,privilege,acme,system.privileged-role-0116,system,2021-01-04T13:09:49Z,\N,2021-01-04T13:09:49Z,\N,1,assert
acme:privilege:database-privileged-role-0124~27c730379de2,privilege,acme,database.privileged-role-0124,database,2021-01-04T08:49:53Z,\N,2021-01-04T08:49:53Z,\N,1,assert
acme:privilege:system-privileged-role-0125~cd743c6d0c61,privilege,acme,system.privileged-role-0125,system,2021-01-04T14:31:26Z,\N,2021-01-04T14:31:26Z,\N,1,assert
acme:privilege:directory-privileged-role-0126~cb7305e14f6a,privilege,acme,directory.privileged-role-0126,directory,2021-01-04T05:52:57Z,\N,2021-01-04T05:52:57Z,\N,1,assert
acme:privilege:cloud-privileged-role-0131~8e1eb10c8d7f,privilege,acme,cloud.privileged-role-0131,cloud,2021-01-04T10:44:59Z,\N,2021-01-04T10:44:59Z,\N,1,assert
acme:privilege:network-privileged-role-0136~3fde4ee7e3a2,privilege,acme,network.privileged-role-0136,network,2021-01-04T12:08:21Z,\N,2021-01-04T12:08:21Z,\N,1,assert
acme:privilege:cloud-privileged-role-0139~1c16aff1b4df,privilege,acme,cloud.privileged-role-0139,cloud,2021-01-04T11:59:08Z,\N,2021-01-04T11:59:08Z,\N,1,assert
acme:privilege:database-privileged-role-0149~72ec53a621b9,privilege,acme,database.privileged-role-0149,database,2021-01-04T15:24:12Z,\N,2021-01-04T15:24:12Z,\N,1,assert
acme:privilege:database-privileged-role-0150~c1e7938ec665,privilege,acme,database.privileged-role-0150,database,2021-01-04T11:11:59Z,\N,2021-01-04T11:11:59Z,\N,1,assert
acme:privilege:cloud-privileged-role-0151~3416097617ee,privilege,acme,cloud.privileged-role-0151,cloud,2021-01-04T00:23:17Z,\N,2021-01-04T00:23:17Z,\N,1,assert
acme:privilege:directory-privileged-role-0153~a7f02d4fa4f1,privilege,acme,directory.privileged-role-0153,directory,2021-01-04T09:49:29Z,\N,2021-01-04T09:49:29Z,\N,1,assert
acme:privilege:network-privileged-role-0157~dcebf67cac05,privilege,acme,network.privileged-role-0157,network,2021-01-04T22:12:29Z,\N,2021-01-04T22:12:29Z,\N,1,assert
acme:privilege:directory-privileged-role-0163~43dde17bb70c,privilege,acme,directory.privileged-role-0163,directory,2021-01-04T13:13:00Z,\N,2021-01-04T13:13:00Z,\N,1,assert
acme:privilege:network-privileged-role-0186~6e279233a836,privilege,acme,network.privileged-role-0186,network,2021-01-04T18:33:58Z,\N,2021-01-04T18:33:58Z,\N,1,assert
acme:privilege:network-privileged-role-0191~3025df112380,privilege,acme,network.privileged-role-0191,network,2021-01-04T11:16:42Z,\N,2021-01-04T11:16:42Z,\N,1,assert
acme:privilege:system-privileged-role-0192~bf34077c4490,privilege,acme,system.privileged-role-0192,system,2021-01-04T21:04:42Z,\N,2021-01-04T21:04:42Z,\N,1,assert
acme:privilege:directory-privileged-role-0198~77475226f01d,privilege,acme,directory.privileged-role-0198,directory,2021-01-04T05:07:50Z,\N,2021-01-04T05:07:50Z,\N,1,assert
acme:privilege:directory-privileged-role-0200~37cd65cc0ee6,privilege,acme,directory.privileged-role-0200,directory,2021-01-04T13:44:37Z,\N,2021-01-04T13:44:37Z,\N,1,assert
acme:privilege:network-privileged-role-0206~657e3e1cd6d3,privilege,acme,network.privileged-role-0206,network,2021-01-04T19:06:59Z,\N,2021-01-04T19:06:59Z,\N,1,assert
acme:privilege:system-privileged-role-0207~6b8cc8671f16,privilege,acme,system.privileged-role-0207,system,2021-01-04T21:02:53Z,\N,2021-01-04T21:02:53Z,\N,1,assert
acme:privilege:system-privileged-role-0209~c89bcb9d7918,privilege,acme,system.privileged-role-0209,system,2021-01-04T19:56:43Z,\N,2021-01-04T19:56:43Z,\N,1,assert
acme:privilege:directory-privileged-role-0003~7eeb51ea05d5,privilege,acme,directory.privileged-role-0003,directory,2021-01-05T09:04:12Z,\N,2021-01-05T09:04:12Z,\N,1,assert
acme:privilege:directory-privileged-role-0012~4daaf8324383,privilege,acme,directory.privileged-role-0012,directory,2021-01-05T03:23:51Z,\N,2021-01-05T03:23:51Z,\N,1,assert
acme:privilege:system-privileged-role-0017~079b77b03e44,privilege,acme,system.privileged-role-0017,system,2021-01-05T08:57:33Z,\N,2021-01-05T08:57:33Z,\N,1,assert
acme:privilege:database-privileged-role-0019~90a676fe913f,privilege,acme,database.privileged-role-0019,database,2021-01-05T20:37:25Z,\N,2021-01-05T20:37:25Z,\N,1,assert
acme:privilege:cloud-privileged-role-0027~a959c56f013d,privilege,acme,cloud.privileged-role-0027,cloud,2021-01-05T11:33:31Z,\N,2021-01-05T11:33:31Z,\N,1,assert
acme:privilege:cloud-privileged-role-0037~fcddddaec4a6,privilege,acme,cloud.privileged-role-0037,cloud,2021-01-05T10:30:53Z,\N,2021-01-05T10:30:53Z,\N,1,assert
acme:privilege:database-privileged-role-0042~dc1e0bb0c547,privilege,acme,database.privileged-role-0042,database,2021-01-05T00:19:10Z,\N,2021-01-05T00:19:10Z,\N,1,assert
acme:privilege:network-privileged-role-0043~4403b28ff366,privilege,acme,network.privileged-role-0043,network,2021-01-05T15:03:26Z,\N,2021-01-05T15:03:26Z,\N,1,assert
acme:privilege:cloud-privileged-role-0046~7677dddbc90d,privilege,acme,cloud.privileged-role-0046,cloud,2021-01-05T21:39:08Z,\N,2021-01-05T21:39:08Z,\N,1,assert
acme:privilege:directory-privileged-role-0047~7606bff439fa,privilege,acme,directory.privileged-role-0047,directory,2021-01-05T05:49:22Z,\N,2021-01-05T05:49:22Z,\N,1,assert
acme:privilege:cloud-privileged-role-0057~ccd92fb97946,privilege,acme,cloud.privileged-role-0057,cloud,2021-01-05T06:01:24Z,\N,2021-01-05T06:01:24Z,\N,1,assert
acme:privilege:system-privileged-role-0069~b44dba94847b,privilege,acme,system.privileged-role-0069,system,2021-01-05T05:28:45Z,\N,2021-01-05T05:28:45Z,\N,1,assert
acme:privilege:directory-privileged-role-0078~44c0d5710b08,privilege,acme,directory.privileged-role-0078,directory,2021-01-05T15:38:22Z,\N,2021-01-05T15:38:22Z,\N,1,assert
acme:privilege:cloud-privileged-role-0081~55cce4ba082a,privilege,acme,cloud.privileged-role-0081,cloud,2021-01-05T01:14:50Z,\N,2021-01-05T01:14:50Z,\N,1,assert
acme:privilege:database-privileged-role-0089~8d5c45056350,privilege,acme,database.privileged-role-0089,database,2021-01-05T17:15:40Z,\N,2021-01-05T17:15:40Z,\N,1,assert
acme:privilege:network-privileged-role-0092~68c629f974b4,privilege,acme,network.privileged-role-0092,network,2021-01-05T09:43:06Z,\N,2021-01-05T09:43:06Z,\N,1,assert
acme:privilege:system-privileged-role-0112~2aab1a285e37,privilege,acme,system.privileged-role-0112,system,2021-01-05T05:19:52Z,\N,2021-01-05T05:19:52Z,\N,1,assert
acme:privilege:network-privileged-role-0113~08914d9a6de6,privilege,acme,network.privileged-role-0113,network,2021-01-05T00:22:56Z,\N,2021-01-05T00:22:56Z,\N,1,assert
acme:privilege:directory-privileged-role-0118~ee0886d45f9e,privilege,acme,directory.privileged-role-0118,directory,2021-01-05T21:35:40Z,\N,2021-01-05T21:35:40Z,\N,1,assert
acme:privilege:network-privileged-role-0121~e6f886a6aa11,privilege,acme,network.privileged-role-0121,network,2021-01-05T01:38:04Z,\N,2021-01-05T01:38:04Z,\N,1,assert
acme:privilege:cloud-privileged-role-0132~1dfe20e7cbd7,privilege,acme,cloud.privileged-role-0132,cloud,2021-01-05T13:49:32Z,\N,2021-01-05T13:49:32Z,\N,1,assert
acme:privilege:directory-privileged-role-0135~88cb71b579c0,privilege,acme,directory.privileged-role-0135,directory,2021-01-05T07:29:46Z,\N,2021-01-05T07:29:46Z,\N,1,assert
acme:privilege:system-privileged-role-0152~7ee01edcca59,privilege,acme,system.privileged-role-0152,system,2021-01-05T15:30:41Z,\N,2021-01-05T15:30:41Z,\N,1,assert
acme:privilege:cloud-privileged-role-0156~e6a0a849dc6d,privilege,acme,cloud.privileged-role-0156,cloud,2021-01-05T01:45:28Z,\N,2021-01-05T01:45:28Z,\N,1,assert
acme:privilege:cloud-privileged-role-0159~d066ee4cb3e5,privilege,acme,cloud.privileged-role-0159,cloud,2021-01-05T14:19:08Z,\N,2021-01-05T14:19:08Z,\N,1,assert
acme:privilege:network-privileged-role-0167~15c9225813b3,privilege,acme,network.privileged-role-0167,network,2021-01-05T04:49:54Z,\N,2021-01-05T04:49:54Z,\N,1,assert
acme:privilege:database-privileged-role-0168~17beae0c9f32,privilege,acme,database.privileged-role-0168,database,2021-01-05T06:03:13Z,\N,2021-01-05T06:03:13Z,\N,1,assert
acme:privilege:directory-privileged-role-0172~6398d851ed33,privilege,acme,directory.privileged-role-0172,directory,2021-01-05T05:22:23Z,\N,2021-01-05T05:22:23Z,\N,1,assert
acme:privilege:cloud-privileged-role-0178~1f9dbda7c488,privilege,acme,cloud.privileged-role-0178,cloud,2021-01-05T22:08:58Z,\N,2021-01-05T22:08:58Z,\N,1,assert
acme:privilege:network-privileged-role-0182~2302f0427090,privilege,acme,network.privileged-role-0182,network,2021-01-05T12:07:38Z,\N,2021-01-05T12:07:38Z,\N,1,assert
acme:privilege:cloud-privileged-role-0183~b26461d0b1ef,privilege,acme,cloud.privileged-role-0183,cloud,2021-01-05T03:09:31Z,\N,2021-01-05T03:09:31Z,\N,1,assert
acme:privilege:system-privileged-role-0195~3f55bea5f50c,privilege,acme,system.privileged-role-0195,system,2021-01-05T15:33:21Z,\N,2021-01-05T15:33:21Z,\N,1,assert
acme:privilege:network-privileged-role-0208~5aef0292064a,privilege,acme,network.privileged-role-0208,network,2021-01-05T13:34:50Z,\N,2021-01-05T13:34:50Z,\N,1,assert
acme:privilege:system-privileged-role-0212~2608c51869b8,privilege,acme,system.privileged-role-0212,system,2021-01-05T22:18:40Z,\N,2021-01-05T22:18:40Z,\N,1,assert
acme:privilege:network-privileged-role-0217~489e74171a37,privilege,acme,network.privileged-role-0217,network,2021-01-05T21:57:38Z,\N,2021-01-05T21:57:38Z,\N,1,assert
acme:privilege:directory-privileged-role-0007~1b8f03e34698,privilege,acme,directory.privileged-role-0007,directory,2021-01-06T04:37:48Z,\N,2021-01-06T04:37:48Z,\N,1,assert
acme:privilege:cloud-privileged-role-0009~ef174fb8f608,privilege,acme,cloud.privileged-role-0009,cloud,2021-01-06T22:52:57Z,\N,2021-01-06T22:52:57Z,\N,1,assert
acme:privilege:network-privileged-role-0011~88a34f17e921,privilege,acme,network.privileged-role-0011,network,2021-01-06T04:57:47Z,\N,2021-01-06T04:57:47Z,\N,1,assert
acme:privilege:network-privileged-role-0013~5fe7505b27c1,privilege,acme,network.privileged-role-0013,network,2021-01-06T06:20:25Z,\N,2021-01-06T06:20:25Z,\N,1,assert
acme:privilege:network-privileged-role-0024~0cacce888992,privilege,acme,network.privileged-role-0024,network,2021-01-06T13:02:45Z,\N,2021-01-06T13:02:45Z,\N,1,assert
acme:privilege:network-privileged-role-0032~264f02018cb8,privilege,acme,network.privileged-role-0032,network,2021-01-06T14:34:47Z,\N,2021-01-06T14:34:47Z,\N,1,assert
acme:privilege:cloud-privileged-role-0033~b136460f3c57,privilege,acme,cloud.privileged-role-0033,cloud,2021-01-06T14:35:22Z,\N,2021-01-06T14:35:22Z,\N,1,assert
acme:privilege:directory-privileged-role-0038~26b7c47adf92,privilege,acme,directory.privileged-role-0038,directory,2021-01-06T10:52:24Z,\N,2021-01-06T10:52:24Z,\N,1,assert
acme:privilege:cloud-privileged-role-0051~c554620a8066,privilege,acme,cloud.privileged-role-0051,cloud,2021-01-06T03:33:17Z,\N,2021-01-06T03:33:17Z,\N,1,assert
acme:privilege:directory-privileged-role-0059~2d2c59d7065c,privilege,acme,directory.privileged-role-0059,directory,2021-01-06T14:59:49Z,\N,2021-01-06T14:59:49Z,\N,1,assert
acme:privilege:database-privileged-role-0066~3cd2ede94a29,privilege,acme,database.privileged-role-0066,database,2021-01-06T02:04:27Z,\N,2021-01-06T02:04:27Z,\N,1,assert
acme:privilege:directory-privileged-role-0080~ac55095d34e6,privilege,acme,directory.privileged-role-0080,directory,2021-01-06T12:03:35Z,\N,2021-01-06T12:03:35Z,\N,1,assert
acme:privilege:directory-privileged-role-0087~2292b8626f22,privilege,acme,directory.privileged-role-0087,directory,2021-01-06T20:40:07Z,\N,2021-01-06T20:40:07Z,\N,1,assert
acme:privilege:system-privileged-role-0090~ec3ef34e6c49,privilege,acme,system.privileged-role-0090,system,2021-01-06T02:09:19Z,\N,2021-01-06T02:09:19Z,\N,1,assert
acme:privilege:database-privileged-role-0101~e1df92979cbc,privilege,acme,database.privileged-role-0101,database,2021-01-06T22:32:19Z,\N,2021-01-06T22:32:19Z,\N,1,assert
acme:privilege:cloud-privileged-role-0103~5df1651765dd,privilege,acme,cloud.privileged-role-0103,cloud,2021-01-06T19:38:25Z,\N,2021-01-06T19:38:25Z,\N,1,assert
acme:privilege:cloud-privileged-role-0106~409e6ceeae08,privilege,acme,cloud.privileged-role-0106,cloud,2021-01-06T02:23:53Z,\N,2021-01-06T02:23:53Z,\N,1,assert
acme:privilege:cloud-privileged-role-0107~752b681b6558,privilege,acme,cloud.privileged-role-0107,cloud,2021-01-06T23:41:28Z,\N,2021-01-06T23:41:28Z,\N,1,assert
acme:privilege:network-privileged-role-0111~99772b192d10,privilege,acme,network.privileged-role-0111,network,2021-01-06T22:53:51Z,\N,2021-01-06T22:53:51Z,\N,1,assert
acme:privilege:database-privileged-role-0115~aa058a5fdce6,privilege,acme,database.privileged-role-0115,database,2021-01-06T16:41:29Z,\N,2021-01-06T16:41:29Z,\N,1,assert
acme:privilege:system-privileged-role-0120~45c1be98bc64,privilege,acme,system.privileged-role-0120,system,2021-01-06T02:38:01Z,\N,2021-01-06T02:38:01Z,\N,1,assert
acme:privilege:network-privileged-role-0128~7e5f88e4338b,privilege,acme,network.privileged-role-0128,network,2021-01-06T17:19:30Z,\N,2021-01-06T17:19:30Z,\N,1,assert
acme:privilege:cloud-privileged-role-0129~5c0ad8db26fe,privilege,acme,cloud.privileged-role-0129,cloud,2021-01-06T13:13:51Z,\N,2021-01-06T13:13:51Z,\N,1,assert
acme:privilege:network-privileged-role-0130~3b20214956bd,privilege,acme,network.privileged-role-0130,network,2021-01-06T14:27:40Z,\N,2021-01-06T14:27:40Z,\N,1,assert
acme:privilege:system-privileged-role-0134~d8056f7c19ca,privilege,acme,system.privileged-role-0134,system,2021-01-06T21:00:45Z,\N,2021-01-06T21:00:45Z,\N,1,assert
acme:privilege:network-privileged-role-0137~ebb122de3c44,privilege,acme,network.privileged-role-0137,network,2021-01-06T01:03:24Z,\N,2021-01-06T01:03:24Z,\N,1,assert
acme:privilege:directory-privileged-role-0138~3e45e327f968,privilege,acme,directory.privileged-role-0138,directory,2021-01-06T21:27:19Z,\N,2021-01-06T21:27:19Z,\N,1,assert
acme:privilege:network-privileged-role-0142~4d54123cd588,privilege,acme,network.privileged-role-0142,network,2021-01-06T04:33:17Z,\N,2021-01-06T04:33:17Z,\N,1,assert
acme:privilege:network-privileged-role-0160~99460f2e4572,privilege,acme,network.privileged-role-0160,network,2021-01-06T02:58:53Z,\N,2021-01-06T02:58:53Z,\N,1,assert
acme:privilege:directory-privileged-role-0161~1e5b246b1903,privilege,acme,directory.privileged-role-0161,directory,2021-01-06T09:58:47Z,\N,2021-01-06T09:58:47Z,\N,1,assert
acme:privilege:directory-privileged-role-0170~8065835154ef,privilege,acme,directory.privileged-role-0170,directory,2021-01-06T12:24:52Z,\N,2021-01-06T12:24:52Z,\N,1,assert
acme:privilege:cloud-privileged-role-0173~84e74ed87263,privilege,acme,cloud.privileged-role-0173,cloud,2021-01-06T15:54:01Z,\N,2021-01-06T15:54:01Z,\N,1,assert
acme:privilege:directory-privileged-role-0176~e755639f05fc,privilege,acme,directory.privileged-role-0176,directory,2021-01-06T16:54:53Z,\N,2021-01-06T16:54:53Z,\N,1,assert
acme:privilege:cloud-privileged-role-0177~777de45d240e,privilege,acme,cloud.privileged-role-0177,cloud,2021-01-06T18:50:28Z,\N,2021-01-06T18:50:28Z,\N,1,assert
acme:privilege:directory-privileged-role-0179~58b25e8408c8,privilege,acme,directory.privileged-role-0179,directory,2021-01-06T03:44:46Z,\N,2021-01-06T03:44:46Z,\N,1,assert
acme:privilege:cloud-privileged-role-0184~296188c3be16,privilege,acme,cloud.privileged-role-0184,cloud,2021-01-06T21:05:13Z,\N,2021-01-06T21:05:13Z,\N,1,assert
acme:privilege:network-privileged-role-0187~1c37afa7fcf7,privilege,acme,network.privileged-role-0187,network,2021-01-06T00:56:42Z,\N,2021-01-06T00:56:42Z,\N,1,assert
acme:privilege:database-privileged-role-0190~7720b0c84969,privilege,acme,database.privileged-role-0190,database,2021-01-06T20:32:54Z,\N,2021-01-06T20:32:54Z,\N,1,assert
acme:privilege:system-privileged-role-0196~b2d680accd30,privilege,acme,system.privileged-role-0196,system,2021-01-06T08:07:45Z,\N,2021-01-06T08:07:45Z,\N,1,assert
acme:privilege:system-privileged-role-0205~eb8172a9952e,privilege,acme,system.privileged-role-0205,system,2021-01-06T13:59:07Z,\N,2021-01-06T13:59:07Z,\N,1,assert
acme:privilege:cloud-privileged-role-0210~48baaa4558b7,privilege,acme,cloud.privileged-role-0210,cloud,2021-01-06T18:14:16Z,\N,2021-01-06T18:14:16Z,\N,1,assert
acme:privilege:cloud-privileged-role-0213~a7cc00d0bd04,privilege,acme,cloud.privileged-role-0213,cloud,2021-01-06T03:09:09Z,\N,2021-01-06T03:09:09Z,\N,1,assert
acme:privilege:cloud-privileged-role-0214~16daf63b4b16,privilege,acme,cloud.privileged-role-0214,cloud,2021-01-06T14:15:03Z,\N,2021-01-06T14:15:03Z,\N,1,assert
