entity_id,entity_type,vendor_code,vendor_name,vendor_country,valid_from,valid_to,system_from,system_to,revision,operation
acme:vendor:v0000~bd6df0af28a2,vendor,v0000,Zoltan Rasmussen V0000 Ltd,NL,2021-01-02T02:35:13Z,\N,2021-01-02T02:35:13Z,\N,1,assert
acme:vendor:v0017~a5593afb4188,vendor,v0017,Rafael Yilmaz V0017 Ltd,DE,2021-01-02T04:02:32Z,\N,2021-01-02T04:02:32Z,\N,1,assert
acme:vendor:v0024~cbc9a4f37bb4,vendor,v0024,Anders Vaughan V0024 Ltd,NL,2021-01-02T17:38:31Z,\N,2021-01-02T17:38:31Z,\N,1,assert
acme:vendor:v0025~9a812cb882c8,vendor,v0025,Renata Quintero V0025 Ltd,JP,2021-01-02T14:11:35Z,\N,2021-01-02T14:11:35Z,\N,1,assert
acme:vendor:v0028~b079110f8fd0,vendor,v0028,Keiko Pereira V0028 Ltd,DE,2021-01-02T21:44:14Z,\N,2021-01-02T21:44:14Z,\N,1,assert
acme:vendor:v0031~a4cc42e22bf1,vendor,v0031,Leila Baptiste V0031 Ltd,US,2021-01-02T13:53:01Z,\N,2021-01-02T13:53:01Z,\N,1,assert
acme:vendor:v0032~5215d7ab3a4e,vendor,v0032,Anders Pereira V0032 Ltd,NL,2021-01-02T10:40:39Z,\N,2021-01-02T10:40:39Z,\N,1,assert
acme:vendor:v0034~eb9ed7acd8dd,vendor,v0034,Alan Pereira V0034 Ltd,GB,2021-01-02T01:24:16Z,\N,2021-01-02T01:24:16Z,\N,1,assert
acme:vendor:v0044~578a9c47b02f,vendor,v0044,Keiko Vaughan V0044 Ltd,SG,2021-01-02T23:52:52Z,\N,2021-01-02T23:52:52Z,\N,1,assert
acme:vendor:v0048~bddca595ca0d,vendor,v0048,Mira Castellanos V0048 Ltd,JP,2021-01-02T07:46:53Z,\N,2021-01-02T07:46:53Z,\N,1,assert
acme:vendor:v0055~f33680295a44,vendor,v0055,Priya Rasmussen V0055 Ltd,DE,2021-01-02T06:24:22Z,\N,2021-01-02T06:24:22Z,\N,1,assert
acme:vendor:v0058~0ed585ad0f65,vendor,v0058,Priya Haddad V0058 Ltd,IE,2021-01-02T19:52:58Z,\N,2021-01-02T19:52:58Z,\N,1,assert
acme:vendor:v0059~08dfa9709cb9,vendor,v0059,Vikram Bergstrom V0059 Ltd,DE,2021-01-02T02:55:05Z,\N,2021-01-02T02:55:05Z,\N,1,assert
acme:vendor:v0065~dcdedc13b4c3,vendor,v0065,Keiko Baptiste V0065 Ltd,IE,2021-01-02T20:58:05Z,\N,2021-01-02T20:58:05Z,\N,1,assert
acme:vendor:v0071~a2199dddd9c8,vendor,v0071,Carla Novak V0071 Ltd,JP,2021-01-02T20:19:42Z,\N,2021-01-02T20:19:42Z,\N,1,assert
acme:vendor:v0074~4826790e51bb,vendor,v0074,Ibrahim Gallagher V0074 Ltd,GB,2021-01-02T18:06:35Z,\N,2021-01-02T18:06:35Z,\N,1,assert
acme:vendor:v0076~50d94f454a43,vendor,v0076,Farid Gallagher V0076 Ltd,GB,2021-01-02T05:13:33Z,\N,2021-01-02T05:13:33Z,\N,1,assert
acme:vendor:v0082~14b712d6d537,vendor,v0082,Yusuf Thorsen V0082 Ltd,GB,2021-01-02T06:01:30Z,\N,2021-01-02T06:01:30Z,\N,1,assert
acme:vendor:v0085~776aed418398,vendor,v0085,Quinn Zhang V0085 Ltd,US,2021-01-02T12:03:10Z,\N,2021-01-02T12:03:10Z,\N,1,assert
acme:vendor:v0091~5a7f5f8b52dd,vendor,v0091,Mira Novak V0091 Ltd,GB,2021-01-02T21:42:25Z,\N,2021-01-02T21:42:25Z,\N,1,assert
acme:vendor:v0109~0490842c897f,vendor,v0109,Quinn Nakamura V0109 Ltd,NL,2021-01-02T11:00:20Z,\N,2021-01-02T11:00:20Z,\N,1,assert
acme:vendor:v0118~e3895ca4340f,vendor,v0118,Leila Weiss V0118 Ltd,JP,2021-01-02T17:43:24Z,\N,2021-01-02T17:43:24Z,\N,1,assert
acme:vendor:v0119~67c4cb9ae312,vendor,v0119,Lars Schneider V0119 Ltd,GB,2021-01-02T03:12:14Z,\N,2021-01-02T03:12:14Z,\N,1,assert
acme:vendor:v0120~3f5045fa719b,vendor,v0120,Paola Lindqvist V0120 Ltd,SG,2021-01-02T05:15:29Z,\N,2021-01-02T05:15:29Z,\N,1,assert
acme:vendor:v0124~4bce44877305,vendor,v0124,Quinn Gundersen V0124 Ltd,DE,2021-01-02T20:43:34Z,\N,2021-01-02T20:43:34Z,\N,1,assert
acme:vendor:v0131~5499e5aaf636,vendor,v0131,Samir Wagner V0131 Ltd,NL,2021-01-02T01:40:14Z,\N,2021-01-02T01:40:14Z,\N,1,assert
acme:vendor:v0138~8ba64ebc1e9d,vendor,v0138,Ada Abbott V0138 Ltd,IE,2021-01-02T15:26:08Z,\N,2021-01-02T15:26:08Z,\N,1,assert
acme:vendor:v0140~6df213d69b39,vendor,v0140,Farid Okonkwo V0140 Ltd,NL,2021-01-02T06:45:45Z,\N,2021-01-02T06:45:45Z,\N,1,assert
acme:vendor:v0144~c5d60f1c01cc,vendor,v0144,Quinn Baptiste V0144 Ltd,NL,2021-01-02T00:39:48Z,\N,2021-01-02T00:39:48Z,\N,1,assert
acme:vendor:v0148~4c0ce0a508ba,vendor,v0148,Felix Silvestri V0148 Ltd,JP,2021-01-02T00:35:06Z,\N,2021-01-02T00:35:06Z,\N,1,assert
acme:vendor:v0151~f23da6df4f78,vendor,v0151,Yusuf Oyelaran V0151 Ltd,US,2021-01-02T01:02:24Z,\N,2021-01-02T01:02:24Z,\N,1,assert
acme:vendor:v0152~118e9163963d,vendor,v0152,Alan Schneider V0152 Ltd,JP,2021-01-02T00:35:22Z,\N,2021-01-02T00:35:22Z,\N,1,assert
acme:vendor:v0158~4f47d772517f,vendor,v0158,Jonas Rasmussen V0158 Ltd,GB,2021-01-02T07:43:28Z,\N,2021-01-02T07:43:28Z,\N,1,assert
acme:vendor:v0159~1b5ce2672a8d,vendor,v0159,Rafael Castellanos V0159 Ltd,SG,2021-01-02T10:36:39Z,\N,2021-01-02T10:36:39Z,\N,1,assert
acme:vendor:v0164~5761e5396611,vendor,v0164,Farid Bergstrom V0164 Ltd,IE,2021-01-02T06:06:59Z,\N,2021-01-02T06:06:59Z,\N,1,assert
acme:vendor:v0166~081cba235a84,vendor,v0166,Anders Novak V0166 Ltd,GB,2021-01-02T06:03:55Z,\N,2021-01-02T06:03:55Z,\N,1,assert
acme:vendor:v0167~034070e49283,vendor,v0167,Jonas Ueda V0167 Ltd,DE,2021-01-02T10:08:22Z,\N,2021-01-02T10:08:22Z,\N,1,assert
acme:vendor:v0170~95c3f4937666,vendor,v0170,Anika Kovac V0170 Ltd,US,2021-01-02T02:42:16Z,\N,2021-01-02T02:42:16Z,\N,1,assert
acme:vendor:v0001~ccf3d890df02,vendor,v0001,Zoltan Fontaine V0001 Ltd,SG,2021-01-03T22:31:42Z,\N,2021-01-03T22:31:42Z,\N,1,assert
acme:vendor:v0003~75e4bfba6e5c,vendor,v0003,Mira Schneider V0003 Ltd,US,2021-01-03T17:15:08Z,\N,2021-01-03T17:15:08Z,\N,1,assert
acme:vendor:v0005~488bf3b26ece,vendor,v0005,Bruno Ivanova V0005 Ltd,SG,2021-01-03T12:20:59Z,\N,2021-01-03T12:20:59Z,\N,1,assert
acme:vendor:v0006~7f887ed39c87,vendor,v0006,Farid Silvestri V0006 Ltd,GB,2021-01-03T17:05:04Z,\N,2021-01-03T17:05:04Z,\N,1,assert
acme:vendor:v0007~919736852141,vendor,v0007,Fatima Kovac V0007 Ltd,JP,2021-01-03T15:53:50Z,\N,2021-01-03T15:53:50Z,\N,1,assert
acme:vendor:v0011~aec766f84f5c,vendor,v0011,Sofia Gallagher V0011 Ltd,DE,2021-01-03T16:36:54Z,\N,2021-01-03T16:36:54Z,\N,1,assert
acme:vendor:v0013~d6406452f9e9,vendor,v0013,Samir Silvestri V0013 Ltd,GB,2021-01-03T21:57:29Z,\N,2021-01-03T21:57:29Z,\N,1,assert
acme:vendor:v0019~9de965a09995,vendor,v0019,Carla Rasmussen V0019 Ltd,SG,2021-01-03T00:54:37Z,\N,2021-01-03T00:54:37Z,\N,1,assert
acme:vendor:v0030~815d421bded4,vendor,v0030,Hugo Delacroix V0030 Ltd,US,2021-01-03T17:28:58Z,\N,2021-01-03T17:28:58Z,\N,1,assert
acme:vendor:v0033~1966e28fa596,vendor,v0033,Leila Kovac V0033 Ltd,NL,2021-01-03T15:56:10Z,\N,2021-01-03T15:56:10Z,\N,1,assert
acme:vendor:v0036~aa7da58335cf,vendor,v0036,Ursula Abbott V0036 Ltd,JP,2021-01-03T09:02:37Z,\N,2021-01-03T09:02:37Z,\N,1,assert
acme:vendor:v0038~0b962308c5e4,vendor,v0038,Ibrahim Oyelaran V0038 Ltd,SG,2021-01-03T11:16:49Z,\N,2021-01-03T11:16:49Z,\N,1,assert
acme:vendor:v0043~68aa3dc31d53,vendor,v0043,Farid Eberhardt V0043 Ltd,SG,2021-01-03T21:21:21Z,\N,2021-01-03T21:21:21Z,\N,1,assert
acme:vendor:v0046~9a4880b14932,vendor,v0046,Ibrahim Ivanova V0046 Ltd,SG,2021-01-03T18:33:19Z,\N,2021-01-03T18:33:19Z,\N,1,assert
acme:vendor:v0054~ebeb40cb55ab,vendor,v0054,Mira Tanaka V0054 Ltd,DE,2021-01-03T16:50:33Z,\N,2021-01-03T16:50:33Z,\N,1,assert
acme:vendor:v0060~fee9796387ef,vendor,v0060,Rafael Nakamura V0060 Ltd,DE,2021-01-03T19:32:08Z,\N,2021-01-03T19:32:08Z,\N,1,assert
acme:vendor:v0062~edb0b3c9c206,vendor,v0062,Oliver Delacroix V0062 Ltd,NL,2021-01-03T06:03:41Z,\N,2021-01-03T06:03:41Z,\N,1,assert
acme:vendor:v0064~db30b22ec58e,vendor,v0064,Yara Delacroix V0064 Ltd,NL,2021-01-03T07:28:54Z,\N,2021-01-03T07:28:54Z,\N,1,assert
acme:vendor:v0068~ca3824ead91c,vendor,v0068,Yara Abbott V0068 Ltd,NL,2021-01-03T06:31:55Z,\N,2021-01-03T06:31:55Z,\N,1,assert
acme:vendor:v0070~de5fdf6b378d,vendor,v0070,Noor Tanaka V0070 Ltd,JP,2021-01-03T01:48:58Z,\N,2021-01-03T01:48:58Z,\N,1,assert
acme:vendor:v0072~8fbe18f09e51,vendor,v0072,Tomas Abbott V0072 Ltd,SG,2021-01-03T09:10:47Z,\N,2021-01-03T09:10:47Z,\N,1,assert
acme:vendor:v0077~09c6b523f0f3,vendor,v0077,Wen Zhang V0077 Ltd,NL,2021-01-03T13:02:06Z,\N,2021-01-03T13:02:06Z,\N,1,assert
acme:vendor:v0079~fb016c99c870,vendor,v0079,Quinn Quintero V0079 Ltd,DE,2021-01-03T15:20:24Z,\N,2021-01-03T15:20:24Z,\N,1,assert
acme:vendor:v0083~74bb4c524709,vendor,v0083,Anika Mbatha V0083 Ltd,SG,2021-01-03T12:56:29Z,\N,2021-01-03T12:56:29Z,\N,1,assert
acme:vendor:v0088~1c76d28c5941,vendor,v0088,Kwame Gundersen V0088 Ltd,US,2021-01-03T15:33:10Z,\N,2021-01-03T15:33:10Z,\N,1,assert
acme:vendor:v0095~a9b4128a2847,vendor,v0095,Zara Oyelaran V0095 Ltd,SG,2021-01-03T10:19:14Z,\N,2021-01-03T10:19:14Z,\N,1,assert
acme:vendor:v0097~d20793af1f03,vendor,v0097,Ibrahim Schneider V0097 Ltd,JP,2021-01-03T21:24:33Z,\N,2021-01-03T21:24:33Z,\N,1,assert
acme:vendor:v0098~b3c74165c9c4,vendor,v0098,Zoltan Jablonski V0098 Ltd,GB,2021-01-03T09:52:23Z,\N,2021-01-03T09:52:23Z,\N,1,assert
acme:vendor:v0104~fa7dc75f503c,vendor,v0104,Mira Gallagher V0104 Ltd,JP,2021-01-03T00:38:36Z,\N,2021-01-03T00:38:36Z,\N,1,assert
acme:vendor:v0106~6b8944f8824d,vendor,v0106,Yara Nakamura V0106 Ltd,SG,2021-01-03T19:53:03Z,\N,2021-01-03T19:53:03Z,\N,1,assert
acme:vendor:v0115~23b30f0c43d4,vendor,v0115,Bruno Castellanos V0115 Ltd,US,2021-01-03T01:30:02Z,\N,2021-01-03T01:30:02Z,\N,1,assert
acme:vendor:v0121~4f9fd5f9d733,vendor,v0121,Chidi Kovac V0121 Ltd,DE,2021-01-03T20:52:50Z,\N,2021-01-03T20:52:50Z,\N,1,assert
acme:vendor:v0134~c7cb943ef06c,vendor,v0134,Anika Tanaka V0134 Ltd,GB,2021-01-03T21:49:33Z,\N,2021-01-03T21:49:33Z,\N,1,assert
acme:vendor:v0139~ede9c7b6cad8,vendor,v0139,Anika Novak V0139 Ltd,US,2021-01-03T07:12:03Z,\N,2021-01-03T07:12:03Z,\N,1,assert
acme:vendor:v0142~768962e365d0,vendor,v0142,Ursula Vaughan V0142 Ltd,SG,2021-01-03T11:10:30Z,\N,2021-01-03T11:10:30Z,\N,1,assert
acme:vendor:v0153~3caf9c1ae33a,vendor,v0153,Vikram Ueda V0153 Ltd,NL,2021-01-03T07:37:10Z,\N,2021-01-03T07:37:10Z,\N,1,assert
acme:vendor:v0168~925e6b493003,vendor,v0168,Dmitri Bergstrom V0168 Ltd,NL,2021-01-03T18:03:53Z,\N,2021-01-03T18:03:53Z,\N,1,assert
acme:vendor:v0169~678763929242,vendor,v0169,Yusuf Santos V0169 Ltd,IE,2021-01-03T07:58:01Z,\N,2021-01-03T07:58:01Z,\N,1,assert
acme:vendor:v0173~1ca9a0b744a3,vendor,v0173,Kwame Fontaine V0173 Ltd,SG,2021-01-03T15:43:56Z,\N,2021-01-03T15:43:56Z,\N,1,assert
acme:vendor:v0176~394f490177b9,vendor,v0176,Felix Vaughan V0176 Ltd,IE,2021-01-03T19:40:59Z,\N,2021-01-03T19:40:59Z,\N,1,assert
acme:vendor:v0178~c32ac9ec6d75,vendor,v0178,Yusuf Thorsen V0178 Ltd,IE,2021-01-03T06:51:38Z,\N,2021-01-03T06:51:38Z,\N,1,assert
acme:vendor:v0002~3ea8b7a738d2,vendor,v0002,Oliver Delacroix V0002 Ltd,GB,2021-01-04T20:38:06Z,\N,2021-01-04T20:38:06Z,\N,1,assert
acme:vendor:v0009~fdac459beb7e,vendor,v0009,Amara Ueda V0009 Ltd,NL,2021-01-04T07:28:49Z,\N,2021-01-04T07:28:49Z,\N,1,assert
acme:vendor:v0010~ef8799196ab4,vendor,v0010,Lucia Rasmussen V0010 Ltd,US,2021-01-04T21:06:31Z,\N,2021-01-04T21:06:31Z,\N,1,assert
acme:vendor:v0014~334a2c34ee46,vendor,v0014,Kwame Haddad V0014 Ltd,IE,2021-01-04T12:26:49Z,\N,2021-01-04T12:26:49Z,\N,1,assert
acme:vendor:v0027~3341f90a885b,vendor,v0027,Ursula Quintero V0027 Ltd,JP,2021-01-04T05:34:03Z,\N,2021-01-04T05:34:03Z,\N,1,assert
acme:vendor:v0040~c0d282fd41f5,vendor,v0040,Oliver Kovac V0040 Ltd,NL,2021-01-04T08:26:53Z,\N,2021-01-04T08:26:53Z,\N,1,assert
acme:vendor:v0045~d8946d25a683,vendor,v0045,Renata Lindqvist V0045 Ltd,US,2021-01-04T12:11:16Z,\N,2021-01-04T12:11:16Z,\N,1,assert
acme:vendor:v0050~1019d45f5d02,vendor,v0050,Alan Ueda V0050 Ltd,SG,2021-01-04T19:55:02Z,\N,2021-01-04T19:55:02Z,\N,1,assert
acme:vendor:v0057~d35b994d0095,vendor,v0057,Renata Novak V0057 Ltd,IE,2021-01-04T03:05:53Z,\N,2021-01-04T03:05:53Z,\N,1,assert
acme:vendor:v0067~a10ed24dd53a,vendor,v0067,Chidi Eberhardt V0067 Ltd,JP,2021-01-04T11:41:34Z,\N,2021-01-04T11:41:34Z,\N,1,assert
acme:vendor:v0087~d955875a021e,vendor,v0087,Xenia Quintero V0087 Ltd,IE,2021-01-04T05:02:30Z,\N,2021-01-04T05:02:30Z,\N,1,assert
acme:vendor:v0089~8ce2b85781a1,vendor,v0089,Felix Tanaka V0089 Ltd,JP,2021-01-04T02:25:45Z,\N,2021-01-04T02:25:45Z,\N,1,assert
acme:vendor:v0092~a6dbec8afd8d,vendor,v0092,Leila Jablonski V0092 Ltd,US,2021-01-04T17:05:28Z,\N,2021-01-04T17:05:28Z,\N,1,assert
acme:vendor:v0093~929123fef74a,vendor,v0093,Tomas Yilmaz V0093 Ltd,DE,2021-01-04T18:44:38Z,\N,2021-01-04T18:44:38Z,\N,1,assert
acme:vendor:v0113~6356a39db0e6,vendor,v0113,Oliver Rasmussen V0113 Ltd,DE,2021-01-04T10:19:12Z,\N,2021-01-04T10:19:12Z,\N,1,assert
acme:vendor:v0114~18d1e8d4c3f5,vendor,v0114,Mira Yilmaz V0114 Ltd,NL,2021-01-04T02:12:10Z,\N,2021-01-04T02:12:10Z,\N,1,assert
acme:vendor:v0116~1323a526f34b,vendor,v0116,Noor Kaminski V0116 Ltd,SG,2021-01-04T13:09:49Z,\N,2021-01-04T13:09:49Z,\N,1,assert
acme:vendor:v0126~cebac3e5de33,vendor,v0126,Keiko Haddad V0126 Ltd,DE,2021-01-04T05:52:57Z,\N,2021-01-04T05:52:57Z,\N,1,assert
acme:vendor:v0133~fad937969438,vendor,v0133,Paola Zhang V0133 Ltd,DE,2021-01-04T14:04:51Z,\N,2021-01-04T14:04:51Z,\N,1,assert
acme:vendor:v0143~ddccc47c9ed1,vendor,v0143,Leila Yilmaz V0143 Ltd,IE,2021-01-04T06:37:23Z,\N,2021-01-04T06:37:23Z,\N,1,assert
acme:vendor:v0145~95993894c549,vendor,v0145,Elena Vaughan V0145 Ltd,IE,2021-01-04T15:55:03Z,\N,2021-01-04T15:55:03Z,\N,1,assert
acme:vendor:v0150~bd3b61b41b7a,vendor,v0150,Ursula Baptiste V0150 Ltd,JP,2021-01-04T11:11:59Z,\N,2021-01-04T11:11:59Z,\N,1,assert
acme:vendor:v0154~f8c7794ec539,vendor,v0154,Oliver Vaughan V0154 Ltd,NL,2021-01-04T16:11:32Z,\N,2021-01-04T16:11:32Z,\N,1,assert
acme:vendor:v0160~6dc7c6600bd1,vendor,v0160,Ibrahim Rasmussen V0160 Ltd,US,2021-01-04T07:23:15Z,\N,2021-01-04T07:23:15Z,\N,1,assert
acme:vendor:v0175~79abee0805e1,vendor,v0175,Zara Novak V0175 Ltd,JP,2021-01-04T11:09:39Z,\N,2021-01-04T11:09:39Z,\N,1,assert
acme:vendor:v0177~ea5d999c85b7,vendor,v0177,Priya Vaughan V0177 Ltd,SG,2021-01-04T06:08:40Z,\N,2021-01-04T06:08:40Z,\N,1,assert
acme:vendor:v0015~2431600da069,vendor,v0015,Farid Chowdhury V0015 Ltd,DE,2021-01-05T20:33:17Z,\N,2021-01-05T20:33:17Z,\N,1,assert
acme:vendor:v0018~2cd96046f1e0,vendor,v0018,Paola Weiss V0018 Ltd,US,2021-01-05T04:41:21Z,\N,2021-01-05T04:41:21Z,\N,1,assert
acme:vendor:v0021~01c63472a0cb,vendor,v0021,Paola Wagner V0021 Ltd,JP,2021-01-05T08:14:52Z,\N,2021-01-05T08:14:52Z,\N,1,assert
acme:vendor:v0023~3dfeb04e89ae,vendor,v0023,Ibrahim Thorsen V0023 Ltd,US,2021-01-05T14:11:32Z,\N,2021-01-05T14:11:32Z,\N,1,assert
acme:vendor:v0029~802c4ed3dff9,vendor,v0029,Carla Silvestri V0029 Ltd,JP,2021-01-05T03:49:48Z,\N,2021-01-05T03:49:48Z,\N,1,assert
acme:vendor:v0035~ed59d3c02dc5,vendor,v0035,Zara Kaminski V0035 Ltd,JP,2021-01-05T05:11:03Z,\N,2021-01-05T05:11:03Z,\N,1,assert
acme:vendor:v0041~24b1fa308997,vendor,v0041,Tomas Schneider V0041 Ltd,IE,2021-01-05T13:45:43Z,\N,2021-01-05T13:45:43Z,\N,1,assert
acme:vendor:v0047~379b8a74ecac,vendor,v0047,Priya Okonkwo V0047 Ltd,IE,2021-01-05T05:49:22Z,\N,2021-01-05T05:49:22Z,\N,1,assert
acme:vendor:v0061~bc03b90161c0,vendor,v0061,Tomas Abbott V0061 Ltd,US,2021-01-05T23:14:20Z,\N,2021-01-05T23:14:20Z,\N,1,assert
acme:vendor:v0069~60abef878257,vendor,v0069,Jonas Chowdhury V0069 Ltd,DE,2021-01-05T05:28:45Z,\N,2021-01-05T05:28:45Z,\N,1,assert
acme:vendor:v0075~9b75bbedea45,vendor,v0075,Chidi Jablonski V0075 Ltd,JP,2021-01-05T08:39:16Z,\N,2021-01-05T08:39:16Z,\N,1,assert
acme:vendor:v0078~e54356eb8a9f,vendor,v0078,Mira Wagner V0078 Ltd,DE,2021-01-05T15:38:22Z,\N,2021-01-05T15:38:22Z,\N,1,assert
acme:vendor:v0084~cc3078e37b6e,vendor,v0084,Jonas Ueda V0084 Ltd,NL,2021-01-05T01:35:23Z,\N,2021-01-05T01:35:23Z,\N,1,assert
acme:vendor:v0086~b48de5dd50ab,vendor,v0086,Carla Santos V0086 Ltd,NL,2021-01-05T09:53:46Z,\N,2021-01-05T09:53:46Z,\N,1,assert
acme:vendor:v0096~e39c10745f52,vendor,v0096,Leila Fontaine V0096 Ltd,DE,2021-01-05T06:11:52Z,\N,2021-01-05T06:11:52Z,\N,1,assert
acme:vendor:v0099~9bfd2a949648,vendor,v0099,Yara Okonkwo V0099 Ltd,SG,2021-01-05T15:16:53Z,\N,2021-01-05T15:16:53Z,\N,1,assert
acme:vendor:v0100~c3bad7fb3d46,vendor,v0100,Nadia Okonkwo V0100 Ltd,IE,2021-01-05T10:31:36Z,\N,2021-01-05T10:31:36Z,\N,1,assert
acme:vendor:v0103~850f105612b9,vendor,v0103,Ursula Novak V0103 Ltd,SG,2021-01-05T15:35:58Z,\N,2021-01-05T15:35:58Z,\N,1,assert
acme:vendor:v0107~cb380916dc11,vendor,v0107,Lars Gundersen V0107 Ltd,DE,2021-01-05T19:27:20Z,\N,2021-01-05T19:27:20Z,\N,1,assert
acme:vendor:v0112~2783060fba70,vendor,v0112,Clara Delacroix V0112 Ltd,GB,2021-01-05T05:19:52Z,\N,2021-01-05T05:19:52Z,\N,1,assert
acme:vendor:v0117~135642906c95,vendor,v0117,Oliver Jablonski V0117 Ltd,IE,2021-01-05T09:25:16Z,\N,2021-01-05T09:25:16Z,\N,1,assert
acme:vendor:v0129~4217fbf869b5,vendor,v0129,Quinn Nakamura V0129 Ltd,US,2021-01-05T07:06:20Z,\N,2021-01-05T07:06:20Z,\N,1,assert
acme:vendor:v0130~b88ebfa12869,vendor,v0130,Nadia Abbott V0130 Ltd,DE,2021-01-05T20:16:23Z,\N,2021-01-05T20:16:23Z,\N,1,assert
acme:vendor:v0132~31c3bdf484ee,vendor,v0132,Leila Ueda V0132 Ltd,DE,2021-01-05T13:49:32Z,\N,2021-01-05T13:49:32Z,\N,1,assert
acme:vendor:v0136~7a758decfb69,vendor,v0136,Priya Castellanos V0136 Ltd,US,2021-01-05T05:40:02Z,\N,2021-01-05T05:40:02Z,\N,1,assert
acme:vendor:v0147~6fcbc0bfafba,vendor,v0147,Mira Eberhardt V0147 Ltd,DE,2021-01-05T17:27:41Z,\N,2021-01-05T17:27:41Z,\N,1,assert
acme:vendor:v0149~34cd16d903fb,vendor,v0149,Yusuf Delacroix V0149 Ltd,IE,2021-01-05T11:12:41Z,\N,2021-01-05T11:12:41Z,\N,1,assert
acme:vendor:v0157~5e01f2fdd5b8,vendor,v0157,Fatima Gundersen V0157 Ltd,NL,2021-01-05T13:36:45Z,\N,2021-01-05T13:36:45Z,\N,1,assert
acme:vendor:v0161~97bb82f60830,vendor,v0161,Samir Marchetti V0161 Ltd,SG,2021-01-05T00:18:47Z,\N,2021-01-05T00:18:47Z,\N,1,assert
acme:vendor:v0163~76eecb985904,vendor,v0163,Nadia Haddad V0163 Ltd,US,2021-01-05T16:10:45Z,\N,2021-01-05T16:10:45Z,\N,1,assert
acme:vendor:v0171~279ce3cac2d3,vendor,v0171,Dmitri Pereira V0171 Ltd,US,2021-01-05T13:15:39Z,\N,2021-01-05T13:15:39Z,\N,1,assert
acme:vendor:v0004~8e336c82b5e4,vendor,v0004,Keiko Ivanova V0004 Ltd,JP,2021-01-06T00:50:09Z,\N,2021-01-06T00:50:09Z,\N,1,assert
acme:vendor:v0008~4d9020913937,vendor,v0008,Paola Kaminski V0008 Ltd,SG,2021-01-06T20:14:48Z,\N,2021-01-06T20:14:48Z,\N,1,assert
acme:vendor:v0012~e26ac21e5cda,vendor,v0012,Renata Pereira V0012 Ltd,SG,2021-01-06T13:07:36Z,\N,2021-01-06T13:07:36Z,\N,1,assert
acme:vendor:v0016~f3e1242337d7,vendor,v0016,Yara Zhang V0016 Ltd,NL,2021-01-06T19:08:09Z,\N,2021-01-06T19:08:09Z,\N,1,assert
acme:vendor:v0020~f6984fdae88d,vendor,v0020,Rafael Kaminski V0020 Ltd,NL,2021-01-06T04:41:34Z,\N,2021-01-06T04:41:34Z,\N,1,assert
acme:vendor:v0022~d2ec86fe604c,vendor,v0022,Yara Yilmaz V0022 Ltd,GB,2021-01-06T05:52:38Z,\N,2021-01-06T05:52:38Z,\N,1,assert
acme:vendor:v0026~6bbfb98cb9d4,vendor,v0026,Anika Tanaka V0026 Ltd,DE,2021-01-06T19:45:10Z,\N,2021-01-06T19:45:10Z,\N,1,assert
acme:vendor:v0037~5dedd6a5725b,vendor,v0037,Zoltan Pereira V0037 Ltd,DE,2021-01-06T11:33:21Z,\N,2021-01-06T11:33:21Z,\N,1,assert
acme:vendor:v0039~930a050b1616,vendor,v0039,Quinn Marchetti V0039 Ltd,GB,2021-01-06T12:14:01Z,\N,2021-01-06T12:14:01Z,\N,1,assert
acme:vendor:v0042~a9ed728b76ae,vendor,v0042,Felix Abbott V0042 Ltd,IE,2021-01-06T16:20:34Z,\N,2021-01-06T16:20:34Z,\N,1,assert
acme:vendor:v0049~9dd8add54c95,vendor,v0049,Tomas Bergstrom V0049 Ltd,SG,2021-01-06T21:16:19Z,\N,2021-01-06T21:16:19Z,\N,1,assert
acme:vendor:v0051~d3b359f9701c,vendor,v0051,Nadia Gallagher V0051 Ltd,DE,2021-01-06T03:33:17Z,\N,2021-01-06T03:33:17Z,\N,1,assert
acme:vendor:v0052~782adae40d67,vendor,v0052,Felix Haddad V0052 Ltd,IE,2021-01-06T19:12:12Z,\N,2021-01-06T19:12:12Z,\N,1,assert
acme:vendor:v0053~fd383dd01f70,vendor,v0053,Ibrahim Santos V0053 Ltd,NL,2021-01-06T15:00:57Z,\N,2021-01-06T15:00:57Z,\N,1,assert
acme:vendor:v0056~6d3329f70e73,vendor,v0056,Yara Pereira V0056 Ltd,SG,2021-01-06T11:36:37Z,\N,2021-01-06T11:36:37Z,\N,1,assert
acme:vendor:v0063~28ba8ada4f5e,vendor,v0063,Mira Lindqvist V0063 Ltd,DE,2021-01-06T18:54:02Z,\N,2021-01-06T18:54:02Z,\N,1,assert
acme:vendor:v0066~d2029b0faf72,vendor,v0066,Oliver Wagner V0066 Ltd,DE,2021-01-06T02:04:27Z,\N,2021-01-06T02:04:27Z,\N,1,assert
acme:vendor:v0073~5b06de70b8cd,vendor,v0073,Dmitri Ivanova V0073 Ltd,IE,2021-01-06T10:24:41Z,\N,2021-01-06T10:24:41Z,\N,1,assert
acme:vendor:v0080~f8579e22b83a,vendor,v0080,Keiko Gundersen V0080 Ltd,NL,2021-01-06T12:03:35Z,\N,2021-01-06T12:03:35Z,\N,1,assert
acme:vendor:v0081~4e0e8055b022,vendor,v0081,Zara Lindqvist V0081 Ltd,IE,2021-01-06T09:48:37Z,\N,2021-01-06T09:48:37Z,\N,1,assert
acme:vendor:v0090~8a5e43b4aece,vendor,v0090,Leila Marchetti V0090 Ltd,US,2021-01-06T02:09:19Z,\N,2021-01-06T02:09:19Z,\N,1,assert
acme:vendor:v0094~54a8a09c2c76,vendor,v0094,Zara Silvestri V0094 Ltd,IE,2021-01-06T05:02:28Z,\N,2021-01-06T05:02:28Z,\N,1,assert
acme:vendor:v0101~36c121004824,vendor,v0101,Noor Rasmussen V0101 Ltd,JP,2021-01-06T22:32:19Z,\N,2021-01-06T22:32:19Z,\N,1,assert
acme:vendor:v0102~9fb13237a092,vendor,v0102,Renata Quintero V0102 Ltd,IE,2021-01-06T13:33:05Z,\N,2021-01-06T13:33:05Z,\N,1,assert
acme:vendor:v0105~20c0df7986e7,vendor,v0105,Hugo Haddad V0105 Ltd,DE,2021-01-06T17:23:26Z,\N,2021-01-06T17:23:26Z,\N,1,assert
acme:vendor:v0108~d145995cb438,vendor,v0108,Liam Ivanova V0108 Ltd,DE,2021-01-06T21:06:51Z,\N,2021-01-06T21:06:51Z,\N,1,assert
acme:vendor:v0110~796933c49caf,vendor,v0110,Wen Vaughan V0110 Ltd,GB,2021-01-06T12:32:08Z,\N,2021-01-06T12:32:08Z,\N,1,assert
acme:vendor:v0111~69e8de821bcc,vendor,v0111,Gita Pereira V0111 Ltd,JP,2021-01-06T22:53:51Z,\N,2021-01-06T22:53:51Z,\N,1,assert
acme:vendor:v0122~197640932992,vendor,v0122,Lucia Baptiste V0122 Ltd,IE,2021-01-06T14:25:01Z,\N,2021-01-06T14:25:01Z,\N,1,assert
acme:vendor:v0123~4bd911b399b8,vendor,v0123,Vikram Baptiste V0123 Ltd,US,2021-01-06T10:34:38Z,\N,2021-01-06T10:34:38Z,\N,1,assert
acme:vendor:v0125~76bebe170c9a,vendor,v0125,Marcus Eberhardt V0125 Ltd,IE,2021-01-06T13:54:22Z,\N,2021-01-06T13:54:22Z,\N,1,assert
acme:vendor:v0127~a10e9b33be08,vendor,v0127,Leila Thorsen V0127 Ltd,GB,2021-01-06T19:24:34Z,\N,2021-01-06T19:24:34Z,\N,1,assert
acme:vendor:v0128~40be17e45e7a,vendor,v0128,Lars Fontaine V0128 Ltd,IE,2021-01-06T17:19:30Z,\N,2021-01-06T17:19:30Z,\N,1,assert
acme:vendor:v0135~90d4525235be,vendor,v0135,Chidi Okonkwo V0135 Ltd,US,2021-01-06T01:25:47Z,\N,2021-01-06T01:25:47Z,\N,1,assert
acme:vendor:v0137~2991790fc3b3,vendor,v0137,Dmitri Schneider V0137 Ltd,GB,2021-01-06T01:03:24Z,\N,2021-01-06T01:03:24Z,\N,1,assert
acme:vendor:v0141~5541cbba6023,vendor,v0141,Gita Okonkwo V0141 Ltd,GB,2021-01-06T18:51:14Z,\N,2021-01-06T18:51:14Z,\N,1,assert
acme:vendor:v0146~067e65e15ecf,vendor,v0146,Zoltan Delacroix V0146 Ltd,SG,2021-01-06T01:35:57Z,\N,2021-01-06T01:35:57Z,\N,1,assert
acme:vendor:v0155~dccd8bc33938,vendor,v0155,Zoltan Kovac V0155 Ltd,SG,2021-01-06T00:53:27Z,\N,2021-01-06T00:53:27Z,\N,1,assert
acme:vendor:v0156~0d42f9577745,vendor,v0156,Kwame Quintero V0156 Ltd,SG,2021-01-06T06:11:22Z,\N,2021-01-06T06:11:22Z,\N,1,assert
acme:vendor:v0162~143eb1213def,vendor,v0162,Paola Wagner V0162 Ltd,GB,2021-01-06T02:29:52Z,\N,2021-01-06T02:29:52Z,\N,1,assert
acme:vendor:v0165~e2b3aa52bd13,vendor,v0165,Tomas Abbott V0165 Ltd,DE,2021-01-06T04:41:54Z,\N,2021-01-06T04:41:54Z,\N,1,assert
acme:vendor:v0172~de24c76bf0de,vendor,v0172,Renata Gallagher V0172 Ltd,JP,2021-01-06T12:44:51Z,\N,2021-01-06T12:44:51Z,\N,1,assert
acme:vendor:v0174~f748fce85592,vendor,v0174,Keiko Vaughan V0174 Ltd,US,2021-01-06T20:26:16Z,\N,2021-01-06T20:26:16Z,\N,1,assert
acme:vendor:v0179~cb5b34fd8c91,vendor,v0179,Noor Nakamura V0179 Ltd,DE,2021-01-06T03:44:46Z,\N,2021-01-06T03:44:46Z,\N,1,assert
