entity_id,entity_type,privilege_id,privilege_label,privilege_group,is_dangerous,valid_from,valid_to,system_from,system_to,revision,operation
acme:vsphere.vsphere_privilege:virtualmachine-inventory-delete-000~9fe8985eb07c,vsphere.vsphere_privilege,VirtualMachine.Inventory.Delete.000,000,Virtual Machine,true,2021-01-02T02:35:13Z,\N,2021-01-02T02:35:13Z,\N,1,assert
acme:vsphere.vsphere_privilege:virtualmachine-inventory~15b78ea52c01,vsphere.vsphere_privilege,VirtualMachine.Inventory.StandaloneAccess.001,001,Virtual Machine,true,2021-01-02T06:36:40Z,\N,2021-01-02T06:36:40Z,\N,1,assert
acme:vsphere.vsphere_privilege:virtualmachine-inventory-delete-002~24c86eba856c,vsphere.vsphere_privilege,VirtualMachine.Inventory.Delete.002,002,Virtual Machine,true,2021-01-02T03:13:03Z,\N,2021-01-02T03:13:03Z,\N,1,assert
acme:vsphere.vsphere_privilege:virtualmachine-inventory-delete-009~2e98afba74b0,vsphere.vsphere_privilege,VirtualMachine.Inventory.Delete.009,009,Virtual Machine,true,2021-01-02T00:08:31Z,\N,2021-01-02T00:08:31Z,\N,1,assert
acme:vsphere.vsphere_privilege:virtualmachine-inventory~8366d101fc24,vsphere.vsphere_privilege,VirtualMachine.Inventory.StandaloneAccess.010,010,Virtual Machine,true,2021-01-02T02:10:20Z,\N,2021-01-02T02:10:20Z,\N,1,assert
acme:vsphere.vsphere_privilege:virtualmachine-inventory-delete-012~0f062bbc778e,vsphere.vsphere_privilege,VirtualMachine.Inventory.Delete.012,012,Virtual Machine,true,2021-01-02T15:35:31Z,\N,2021-01-02T15:35:31Z,\N,1,assert
acme:vsphere.vsphere_privilege:virtualmachine-inventory-delete-018~dbd98f158c25,vsphere.vsphere_privilege,VirtualMachine.Inventory.Delete.018,018,Virtual Machine,true,2021-01-02T10:04:28Z,\N,2021-01-02T10:04:28Z,\N,1,assert
acme:vsphere.vsphere_privilege:virtualmachine-inventory-delete-025~e225d168b41a,vsphere.vsphere_privilege,VirtualMachine.Inventory.Delete.025,025,Virtual Machine,true,2021-01-02T14:11:35Z,\N,2021-01-02T14:11:35Z,\N,1,assert
acme:vsphere.vsphere_privilege:virtualmachine-inventory~62f9555a8d42,vsphere.vsphere_privilege,VirtualMachine.Inventory.StandaloneAccess.029,029,Virtual Machine,true,2021-01-02T07:54:03Z,\N,2021-01-02T07:54:03Z,\N,1,assert
acme:vsphere.vsphere_privilege:virtualmachine-inventory-clone-032~8334b33eec75,vsphere.vsphere_privilege,VirtualMachine.Inventory.Clone.032,032,Virtual Machine,false,2021-01-02T10:40:39Z,\N,2021-01-02T10:40:39Z,\N,1,assert
acme:vsphere.vsphere_privilege:virtualmachine-inventory-delete-038~e6faf55694e0,vsphere.vsphere_privilege,VirtualMachine.Inventory.Delete.038,038,Virtual Machine,true,2021-01-02T12:04:30Z,\N,2021-01-02T12:04:30Z,\N,1,assert
acme:vsphere.vsphere_privilege:virtualmachine-inventory-clone-047~6e0f8607d37f,vsphere.vsphere_privilege,VirtualMachine.Inventory.Clone.047,047,Virtual Machine,false,2021-01-02T16:05:34Z,\N,2021-01-02T16:05:34Z,\N,1,assert
acme:vsphere.vsphere_privilege:virtualmachine-inventory~393cce5602cc,vsphere.vsphere_privilege,VirtualMachine.Inventory.StandaloneAccess.050,050,Virtual Machine,true,2021-01-02T05:27:24Z,\N,2021-01-02T05:27:24Z,\N,1,assert
acme:vsphere.vsphere_privilege:virtualmachine-inventory~8bdada252cf0,vsphere.vsphere_privilege,VirtualMachine.Inventory.StandaloneAccess.051,051,Virtual Machine,true,2021-01-02T23:41:54Z,\N,2021-01-02T23:41:54Z,\N,1,assert
acme:vsphere.vsphere_privilege:virtualmachine-inventory-clone-055~4bc2402bec52,vsphere.vsphere_privilege,VirtualMachine.Inventory.Clone.055,055,Virtual Machine,false,2021-01-02T06:24:22Z,\N,2021-01-02T06:24:22Z,\N,1,assert
acme:vsphere.vsphere_privilege:virtualmachine-inventory-delete-057~911239b235ae,vsphere.vsphere_privilege,VirtualMachine.Inventory.Delete.057,057,Virtual Machine,true,2021-01-02T09:48:51Z,\N,2021-01-02T09:48:51Z,\N,1,assert
acme:vsphere.vsphere_privilege:virtualmachine-inventory-clone-058~a64379559667,vsphere.vsphere_privilege,VirtualMachine.Inventory.Clone.058,058,Virtual Machine,false,2021-01-02T19:52:58Z,\N,2021-01-02T19:52:58Z,\N,1,assert
acme:vsphere.vsphere_privilege:virtualmachine-inventory-delete-061~c753e4abf9cc,vsphere.vsphere_privilege,VirtualMachine.Inventory.Delete.061,061,Virtual Machine,true,2021-01-02T04:20:12Z,\N,2021-01-02T04:20:12Z,\N,1,assert
acme:vsphere.vsphere_privilege:virtualmachine-inventory~6e0255c064b7,vsphere.vsphere_privilege,VirtualMachine.Inventory.StandaloneAccess.063,063,Virtual Machine,true,2021-01-02T23:23:23Z,\N,2021-01-02T23:23:23Z,\N,1,assert
acme:vsphere.vsphere_privilege:virtualmachine-inventory-clone-070~8281c5b503ba,vsphere.vsphere_privilege,VirtualMachine.Inventory.Clone.070,070,Virtual Machine,false,2021-01-02T06:12:00Z,\N,2021-01-02T06:12:00Z,\N,1,assert
acme:vsphere.vsphere_privilege:virtualmachine-inventory~99b56d1b12e9,vsphere.vsphere_privilege,VirtualMachine.Inventory.StandaloneAccess.075,075,Virtual Machine,true,2021-01-02T21:05:10Z,\N,2021-01-02T21:05:10Z,\N,1,assert
acme:vsphere.vsphere_privilege:virtualmachine-inventory~a2186c34b9dc,vsphere.vsphere_privilege,VirtualMachine.Inventory.StandaloneAccess.077,077,Virtual Machine,true,2021-01-02T22:04:36Z,\N,2021-01-02T22:04:36Z,\N,1,assert
acme:vsphere.vsphere_privilege:virtualmachine-inventory-delete-080~4ca6c823ce03,vsphere.vsphere_privilege,VirtualMachine.Inventory.Delete.080,080,Virtual Machine,true,2021-01-02T16:53:38Z,\N,2021-01-02T16:53:38Z,\N,1,assert
acme:vsphere.vsphere_privilege:virtualmachine-inventory~a8a8d64b4105,vsphere.vsphere_privilege,VirtualMachine.Inventory.StandaloneAccess.084,084,Virtual Machine,true,2021-01-02T06:25:39Z,\N,2021-01-02T06:25:39Z,\N,1,assert
acme:vsphere.vsphere_privilege:virtualmachine-inventory-delete-088~bca3f734b873,vsphere.vsphere_privilege,VirtualMachine.Inventory.Delete.088,088,Virtual Machine,true,2021-01-02T03:50:21Z,\N,2021-01-02T03:50:21Z,\N,1,assert
acme:vsphere.vsphere_privilege:virtualmachine-inventory~d7c759f49fbc,vsphere.vsphere_privilege,VirtualMachine.Inventory.StandaloneAccess.097,097,Virtual Machine,true,2021-01-02T09:36:28Z,\N,2021-01-02T09:36:28Z,\N,1,assert
acme:vsphere.vsphere_privilege:virtualmachine-inventory-delete-099~896a24ef8bda,vsphere.vsphere_privilege,VirtualMachine.Inventory.Delete.099,099,Virtual Machine,true,2021-01-02T12:38:41Z,\N,2021-01-02T12:38:41Z,\N,1,assert
acme:vsphere.vsphere_privilege:virtualmachine-inventory-clone-101~8d4dbff9206c,vsphere.vsphere_privilege,VirtualMachine.Inventory.Clone.101,101,Virtual Machine,false,2021-01-02T21:02:54Z,\N,2021-01-02T21:02:54Z,\N,1,assert
acme:vsphere.vsphere_privilege:virtualmachine-inventory-delete-104~6674dbf2d8fd,vsphere.vsphere_privilege,VirtualMachine.Inventory.Delete.104,104,Virtual Machine,true,2021-01-02T03:15:52Z,\N,2021-01-02T03:15:52Z,\N,1,assert
acme:vsphere.vsphere_privilege:virtualmachine-inventory~d29439974082,vsphere.vsphere_privilege,VirtualMachine.Inventory.StandaloneAccess.112,112,Virtual Machine,true,2021-01-02T06:22:12Z,\N,2021-01-02T06:22:12Z,\N,1,assert
acme:vsphere.vsphere_privilege:virtualmachine-inventory-delete-115~d49f00a0ea4f,vsphere.vsphere_privilege,VirtualMachine.Inventory.Delete.115,115,Virtual Machine,true,2021-01-02T22:09:18Z,\N,2021-01-02T22:09:18Z,\N,1,assert
acme:vsphere.vsphere_privilege:virtualmachine-inventory~8864e7b70966,vsphere.vsphere_privilege,VirtualMachine.Inventory.StandaloneAccess.117,117,Virtual Machine,true,2021-01-02T01:03:03Z,\N,2021-01-02T01:03:03Z,\N,1,assert
acme:vsphere.vsphere_privilege:virtualmachine-inventory-delete-146~b1e4e8797722,vsphere.vsphere_privilege,VirtualMachine.Inventory.Delete.146,146,Virtual Machine,true,2021-01-02T23:59:51Z,\N,2021-01-02T23:59:51Z,\N,1,assert
acme:vsphere.vsphere_privilege:virtualmachine-inventory-delete-147~0f8d28457ed7,vsphere.vsphere_privilege,VirtualMachine.Inventory.Delete.147,147,Virtual Machine,true,2021-01-02T01:12:00Z,\N,2021-01-02T01:12:00Z,\N,1,assert
acme:vsphere.vsphere_privilege:virtualmachine-inventory~94b65c170516,vsphere.vsphere_privilege,VirtualMachine.Inventory.StandaloneAccess.151,151,Virtual Machine,true,2021-01-02T01:02:24Z,\N,2021-01-02T01:02:24Z,\N,1,assert
acme:vsphere.vsphere_privilege:virtualmachine-inventory~30aa29f92ba7,vsphere.vsphere_privilege,VirtualMachine.Inventory.StandaloneAccess.155,155,Virtual Machine,true,2021-01-02T13:12:59Z,\N,2021-01-02T13:12:59Z,\N,1,assert
acme:vsphere.vsphere_privilege:virtualmachine-inventory~8189e0fc9853,vsphere.vsphere_privilege,VirtualMachine.Inventory.StandaloneAccess.156,156,Virtual Machine,true,2021-01-02T02:46:13Z,\N,2021-01-02T02:46:13Z,\N,1,assert
acme:vsphere.vsphere_privilege:virtualmachine-inventory-delete-158~9675638ed036,vsphere.vsphere_privilege,VirtualMachine.Inventory.Delete.158,158,Virtual Machine,true,2021-01-02T07:43:28Z,\N,2021-01-02T07:43:28Z,\N,1,assert
acme:vsphere.vsphere_privilege:virtualmachine-inventory-delete-168~ba1a54f3e60f,vsphere.vsphere_privilege,VirtualMachine.Inventory.Delete.168,168,Virtual Machine,true,2021-01-02T17:14:46Z,\N,2021-01-02T17:14:46Z,\N,1,assert
acme:vsphere.vsphere_privilege:virtualmachine-inventory-clone-169~9ebfe055cdb1,vsphere.vsphere_privilege,VirtualMachine.Inventory.Clone.169,169,Virtual Machine,false,2021-01-02T18:44:00Z,\N,2021-01-02T18:44:00Z,\N,1,assert
acme:vsphere.vsphere_privilege:virtualmachine-inventory-clone-172~38be8e822e2d,vsphere.vsphere_privilege,VirtualMachine.Inventory.Clone.172,172,Virtual Machine,false,2021-01-02T00:30:06Z,\N,2021-01-02T00:30:06Z,\N,1,assert
acme:vsphere.vsphere_privilege:virtualmachine-inventory~4d81918635f5,vsphere.vsphere_privilege,VirtualMachine.Inventory.StandaloneAccess.173,173,Virtual Machine,true,2021-01-02T07:27:52Z,\N,2021-01-02T07:27:52Z,\N,1,assert
acme:vsphere.vsphere_privilege:virtualmachine-inventory-delete-174~d6c69f0a1995,vsphere.vsphere_privilege,VirtualMachine.Inventory.Delete.174,174,Virtual Machine,true,2021-01-02T00:34:04Z,\N,2021-01-02T00:34:04Z,\N,1,assert
acme:vsphere.vsphere_privilege:virtualmachine-inventory-clone-179~b4f044d39ac0,vsphere.vsphere_privilege,VirtualMachine.Inventory.Clone.179,179,Virtual Machine,false,2021-01-02T06:14:43Z,\N,2021-01-02T06:14:43Z,\N,1,assert
acme:vsphere.vsphere_privilege:virtualmachine-inventory-clone-183~8b1e18f54370,vsphere.vsphere_privilege,VirtualMachine.Inventory.Clone.183,183,Virtual Machine,false,2021-01-02T11:35:38Z,\N,2021-01-02T11:35:38Z,\N,1,assert
acme:vsphere.vsphere_privilege:virtualmachine-inventory-clone-187~93cab81cb0d9,vsphere.vsphere_privilege,VirtualMachine.Inventory.Clone.187,187,Virtual Machine,false,2021-01-02T04:15:31Z,\N,2021-01-02T04:15:31Z,\N,1,assert
acme:vsphere.vsphere_privilege:virtualmachine-inventory-delete-201~da6f99f9e15b,vsphere.vsphere_privilege,VirtualMachine.Inventory.Delete.201,201,Virtual Machine,true,2021-01-02T15:58:07Z,\N,2021-01-02T15:58:07Z,\N,1,assert
acme:vsphere.vsphere_privilege:virtualmachine-inventory-delete-214~cb7402410f4a,vsphere.vsphere_privilege,VirtualMachine.Inventory.Delete.214,214,Virtual Machine,true,2021-01-02T16:02:49Z,\N,2021-01-02T16:02:49Z,\N,1,assert
acme:vsphere.vsphere_privilege:virtualmachine-inventory~247e5935b925,vsphere.vsphere_privilege,VirtualMachine.Inventory.StandaloneAccess.233,233,Virtual Machine,true,2021-01-02T15:56:49Z,\N,2021-01-02T15:56:49Z,\N,1,assert
acme:vsphere.vsphere_privilege:virtualmachine-inventory-delete-003~6cf2a36a862d,vsphere.vsphere_privilege,VirtualMachine.Inventory.Delete.003,003,Virtual Machine,true,2021-01-03T17:15:08Z,\N,2021-01-03T17:15:08Z,\N,1,assert
acme:vsphere.vsphere_privilege:virtualmachine-inventory-delete-004~b667afcbdd49,vsphere.vsphere_privilege,VirtualMachine.Inventory.Delete.004,004,Virtual Machine,true,2021-01-03T08:29:05Z,\N,2021-01-03T08:29:05Z,\N,1,assert
acme:vsphere.vsphere_privilege:virtualmachine-inventory~aec0591186ef,vsphere.vsphere_privilege,VirtualMachine.Inventory.StandaloneAccess.015,015,Virtual Machine,true,2021-01-03T01:11:45Z,\N,2021-01-03T01:11:45Z,\N,1,assert
acme:vsphere.vsphere_privilege:virtualmachine-inventory~4f7d13625eb9,vsphere.vsphere_privilege,VirtualMachine.Inventory.StandaloneAccess.022,022,Virtual Machine,true,2021-01-03T05:11:37Z,\N,2021-01-03T05:11:37Z,\N,1,assert
acme:vsphere.vsphere_privilege:virtualmachine-inventory~730840e1efde,vsphere.vsphere_privilege,VirtualMachine.Inventory.StandaloneAccess.031,031,Virtual Machine,true,2021-01-03T06:50:31Z,\N,2021-01-03T06:50:31Z,\N,1,assert
acme:vsphere.vsphere_privilege:virtualmachine-inventory-delete-034~3b0f616268bf,vsphere.vsphere_privilege,VirtualMachine.Inventory.Delete.034,034,Virtual Machine,true,2021-01-03T13:12:32Z,\N,2021-01-03T13:12:32Z,\N,1,assert
acme:vsphere.vsphere_privilege:virtualmachine-inventory-delete-035~6cc2ff09fa71,vsphere.vsphere_privilege,VirtualMachine.Inventory.Delete.035,035,Virtual Machine,true,2021-01-03T11:03:53Z,\N,2021-01-03T11:03:53Z,\N,1,assert
acme:vsphere.vsphere_privilege:virtualmachine-inventory~377ddf64b4d8,vsphere.vsphere_privilege,VirtualMachine.Inventory.StandaloneAccess.036,036,Virtual Machine,true,2021-01-03T09:02:37Z,\N,2021-01-03T09:02:37Z,\N,1,assert
acme:vsphere.vsphere_privilege:virtualmachine-inventory-clone-042~9ef8dc3ff568,vsphere.vsphere_privilege,VirtualMachine.Inventory.Clone.042,042,Virtual Machine,false,2021-01-03T13:27:39Z,\N,2021-01-03T13:27:39Z,\N,1,assert
acme:vsphere.vsphere_privilege:virtualmachine-inventory-clone-045~54eb3930c5c4,vsphere.vsphere_privilege,VirtualMachine.Inventory.Clone.045,045,Virtual Machine,false,2021-01-03T18:35:11Z,\N,2021-01-03T18:35:11Z,\N,1,assert
acme:vsphere.vsphere_privilege:virtualmachine-inventory-clone-052~4e968f2f115a,vsphere.vsphere_privilege,VirtualMachine.Inventory.Clone.052,052,Virtual Machine,false,2021-01-03T04:19:32Z,\N,2021-01-03T04:19:32Z,\N,1,assert
acme:vsphere.vsphere_privilege:virtualmachine-inventory-clone-059~fb0d4fbf0724,vsphere.vsphere_privilege,VirtualMachine.Inventory.Clone.059,059,Virtual Machine,false,2021-01-03T08:07:22Z,\N,2021-01-03T08:07:22Z,\N,1,assert
acme:vsphere.vsphere_privilege:virtualmachine-inventory-delete-067~5aaa8553394c,vsphere.vsphere_privilege,VirtualMachine.Inventory.Delete.067,067,Virtual Machine,true,2021-01-03T17:45:23Z,\N,2021-01-03T17:45:23Z,\N,1,assert
acme:vsphere.vsphere_privilege:virtualmachine-inventory-delete-069~c9d090820ce5,vsphere.vsphere_privilege,VirtualMachine.Inventory.Delete.069,069,Virtual Machine,true,2021-01-03T02:26:04Z,\N,2021-01-03T02:26:04Z,\N,1,assert
acme:vsphere.vsphere_privilege:virtualmachine-inventory-delete-072~f45f2fe04e26,vsphere.vsphere_privilege,VirtualMachine.Inventory.Delete.072,072,Virtual Machine,true,2021-01-03T09:10:47Z,\N,2021-01-03T09:10:47Z,\N,1,assert
acme:vsphere.vsphere_privilege:virtualmachine-inventory-delete-081~8fab7272bccd,vsphere.vsphere_privilege,VirtualMachine.Inventory.Delete.081,081,Virtual Machine,true,2021-01-03T20:09:58Z,\N,2021-01-03T20:09:58Z,\N,1,assert
acme:vsphere.vsphere_privilege:virtualmachine-inventory~bb481d827f45,vsphere.vsphere_privilege,VirtualMachine.Inventory.StandaloneAccess.086,086,Virtual Machine,true,2021-01-03T19:00:46Z,\N,2021-01-03T19:00:46Z,\N,1,assert
acme:vsphere.vsphere_privilege:virtualmachine-inventory-delete-091~6952c939d610,vsphere.vsphere_privilege,VirtualMachine.Inventory.Delete.091,091,Virtual Machine,true,2021-01-03T06:59:30Z,\N,2021-01-03T06:59:30Z,\N,1,assert
acme:vsphere.vsphere_privilege:virtualmachine-inventory~da50bfd52ead,vsphere.vsphere_privilege,VirtualMachine.Inventory.StandaloneAccess.093,093,Virtual Machine,true,2021-01-03T13:08:18Z,\N,2021-01-03T13:08:18Z,\N,1,assert
acme:vsphere.vsphere_privilege:virtualmachine-inventory-clone-100~114331428d66,vsphere.vsphere_privilege,VirtualMachine.Inventory.Clone.100,100,Virtual Machine,false,2021-01-03T20:05:53Z,\N,2021-01-03T20:05:53Z,\N,1,assert
acme:vsphere.vsphere_privilege:virtualmachine-inventory-delete-108~aa5e8169160e,vsphere.vsphere_privilege,VirtualMachine.Inventory.Delete.108,108,Virtual Machine,true,2021-01-03T20:15:22Z,\N,2021-01-03T20:15:22Z,\N,1,assert
acme:vsphere.vsphere_privilege:virtualmachine-inventory-delete-109~7c0ca1945585,vsphere.vsphere_privilege,VirtualMachine.Inventory.Delete.109,109,Virtual Machine,true,2021-01-03T13:42:03Z,\N,2021-01-03T13:42:03Z,\N,1,assert
acme:vsphere.vsphere_privilege:virtualmachine-inventory-delete-110~5fd828cdce02,vsphere.vsphere_privilege,VirtualMachine.Inventory.Delete.110,110,Virtual Machine,true,2021-01-03T06:29:00Z,\N,2021-01-03T06:29:00Z,\N,1,assert
acme:vsphere.vsphere_privilege:virtualmachine-inventory-clone-118~d1b3ba42bb60,vsphere.vsphere_privilege,VirtualMachine.Inventory.Clone.118,118,Virtual Machine,false,2021-01-03T08:05:47Z,\N,2021-01-03T08:05:47Z,\N,1,assert
acme:vsphere.vsphere_privilege:virtualmachine-inventory~a9558763a28f,vsphere.vsphere_privilege,VirtualMachine.Inventory.StandaloneAccess.119,119,Virtual Machine,true,2021-01-03T05:49:27Z,\N,2021-01-03T05:49:27Z,\N,1,assert
acme:vsphere.vsphere_privilege:virtualmachine-inventory~5c9747b15ac8,vsphere.vsphere_privilege,VirtualMachine.Inventory.StandaloneAccess.121,121,Virtual Machine,true,2021-01-03T20:52:50Z,\N,2021-01-03T20:52:50Z,\N,1,assert
acme:vsphere.vsphere_privilege:virtualmachine-inventory-delete-123~af988d73809d,vsphere.vsphere_privilege,VirtualMachine.Inventory.Delete.123,123,Virtual Machine,true,2021-01-03T18:37:11Z,\N,2021-01-03T18:37:11Z,\N,1,assert
acme:vsphere.vsphere_privilege:virtualmachine-inventory-clone-126~a133e6c893c0,vsphere.vsphere_privilege,VirtualMachine.Inventory.Clone.126,126,Virtual Machine,false,2021-01-03T12:24:08Z,\N,2021-01-03T12:24:08Z,\N,1,assert
acme:vsphere.vsphere_privilege:virtualmachine-inventory~ac4538ba2ce9,vsphere.vsphere_privilege,VirtualMachine.Inventory.StandaloneAccess.127,127,Virtual Machine,true,2021-01-03T10:05:24Z,\N,2021-01-03T10:05:24Z,\N,1,assert
acme:vsphere.vsphere_privilege:virtualmachine-inventory-delete-131~e17920494896,vsphere.vsphere_privilege,VirtualMachine.Inventory.Delete.131,131,Virtual Machine,true,2021-01-03T00:33:10Z,\N,2021-01-03T00:33:10Z,\N,1,assert
acme:vsphere.vsphere_privilege:virtualmachine-inventory-delete-132~23fe1dae7882,vsphere.vsphere_privilege,VirtualMachine.Inventory.Delete.132,132,Virtual Machine,true,2021-01-03T08:19:39Z,\N,2021-01-03T08:19:39Z,\N,1,assert
acme:vsphere.vsphere_privilege:virtualmachine-inventory~8b15dd7d5702,vsphere.vsphere_privilege,VirtualMachine.Inventory.StandaloneAccess.138,138,Virtual Machine,true,2021-01-03T23:27:32Z,\N,2021-01-03T23:27:32Z,\N,1,assert
acme:vsphere.vsphere_privilege:virtualmachine-inventory-clone-139~d0672e8398a5,vsphere.vsphere_privilege,VirtualMachine.Inventory.Clone.139,139,Virtual Machine,false,2021-01-03T07:12:03Z,\N,2021-01-03T07:12:03Z,\N,1,assert
acme:vsphere.vsphere_privilege:virtualmachine-inventory-delete-145~8e5a8773d0ab,vsphere.vsphere_privilege,VirtualMachine.Inventory.Delete.145,145,Virtual Machine,true,2021-01-03T12:47:41Z,\N,2021-01-03T12:47:41Z,\N,1,assert
acme:vsphere.vsphere_privilege:virtualmachine-inventory-clone-149~6b183dd52077,vsphere.vsphere_privilege,VirtualMachine.Inventory.Clone.149,149,Virtual Machine,false,2021-01-03T06:04:04Z,\N,2021-01-03T06:04:04Z,\N,1,assert
acme:vsphere.vsphere_privilege:virtualmachine-inventory-clone-150~83a67e5dd9eb,vsphere.vsphere_privilege,VirtualMachine.Inventory.Clone.150,150,Virtual Machine,false,2021-01-03T00:27:13Z,\N,2021-01-03T00:27:13Z,\N,1,assert
acme:vsphere.vsphere_privilege:virtualmachine-inventory~fdaca0bdd39f,vsphere.vsphere_privilege,VirtualMachine.Inventory.StandaloneAccess.160,160,Virtual Machine,true,2021-01-03T22:03:02Z,\N,2021-01-03T22:03:02Z,\N,1,assert
acme:vsphere.vsphere_privilege:virtualmachine-inventory-clone-161~102e363bafc3,vsphere.vsphere_privilege,VirtualMachine.Inventory.Clone.161,161,Virtual Machine,false,2021-01-03T11:55:57Z,\N,2021-01-03T11:55:57Z,\N,1,assert
acme:vsphere.vsphere_privilege:virtualmachine-inventory-clone-165~4fd197390dce,vsphere.vsphere_privilege,VirtualMachine.Inventory.Clone.165,165,Virtual Machine,false,2021-01-03T16:43:49Z,\N,2021-01-03T16:43:49Z,\N,1,assert
acme:vsphere.vsphere_privilege:virtualmachine-inventory~f763b4d264a7,vsphere.vsphere_privilege,VirtualMachine.Inventory.StandaloneAccess.190,190,Virtual Machine,true,2021-01-03T07:17:18Z,\N,2021-01-03T07:17:18Z,\N,1,assert
acme:vsphere.vsphere_privilege:virtualmachine-inventory-delete-193~c06c432652fe,vsphere.vsphere_privilege,VirtualMachine.Inventory.Delete.193,193,Virtual Machine,true,2021-01-03T01:31:11Z,\N,2021-01-03T01:31:11Z,\N,1,assert
acme:vsphere.vsphere_privilege:virtualmachine-inventory-clone-217~18c6a58b4285,vsphere.vsphere_privilege,VirtualMachine.Inventory.Clone.217,217,Virtual Machine,false,2021-01-03T01:24:00Z,\N,2021-01-03T01:24:00Z,\N,1,assert
acme:vsphere.vsphere_privilege:virtualmachine-inventory~9a50585b6cd4,vsphere.vsphere_privilege,VirtualMachine.Inventory.StandaloneAccess.225,225,Virtual Machine,true,2021-01-03T00:47:44Z,\N,2021-01-03T00:47:44Z,\N,1,assert
acme:vsphere.vsphere_privilege:virtualmachine-inventory-delete-014~62b997744d6a,vsphere.vsphere_privilege,VirtualMachine.Inventory.Delete.014,014,Virtual Machine,true,2021-01-04T12:26:49Z,\N,2021-01-04T12:26:49Z,\N,1,assert
acme:vsphere.vsphere_privilege:virtualmachine-inventory-clone-023~518c31a3b47a,vsphere.vsphere_privilege,VirtualMachine.Inventory.Clone.023,023,Virtual Machine,false,2021-01-04T08:44:20Z,\N,2021-01-04T08:44:20Z,\N,1,assert
acme:vsphere.vsphere_privilege:virtualmachine-inventory-delete-024~a4d64e776ace,vsphere.vsphere_privilege,VirtualMachine.Inventory.Delete.024,024,Virtual Machine,true,2021-01-04T09:25:27Z,\N,2021-01-04T09:25:27Z,\N,1,assert
acme:vsphere.vsphere_privilege:virtualmachine-inventory~1b92ccf24489,vsphere.vsphere_privilege,VirtualMachine.Inventory.StandaloneAccess.030,030,Virtual Machine,true,2021-01-04T02:36:53Z,\N,2021-01-04T02:36:53Z,\N,1,assert
acme:vsphere.vsphere_privilege:virtualmachine-inventory~1a16f664d266,vsphere.vsphere_privilege,VirtualMachine.Inventory.StandaloneAccess.040,040,Virtual Machine,true,2021-01-04T08:26:53Z,\N,2021-01-04T08:26:53Z,\N,1,assert
acme:vsphere.vsphere_privilege:virtualmachine-inventory-clone-044~7c266a827e1d,vsphere.vsphere_privilege,VirtualMachine.Inventory.Clone.044,044,Virtual Machine,false,2021-01-04T17:38:14Z,\N,2021-01-04T17:38:14Z,\N,1,assert
acme:vsphere.vsphere_privilege:virtualmachine-inventory-clone-049~09040f20f1f7,vsphere.vsphere_privilege,VirtualMachine.Inventory.Clone.049,049,Virtual Machine,false,2021-01-04T14:11:33Z,\N,2021-01-04T14:11:33Z,\N,1,assert
acme:vsphere.vsphere_privilege:virtualmachine-inventory~df7bfc45d5d9,vsphere.vsphere_privilege,VirtualMachine.Inventory.StandaloneAccess.056,056,Virtual Machine,true,2021-01-04T17:29:52Z,\N,2021-01-04T17:29:52Z,\N,1,assert
acme:vsphere.vsphere_privilege:virtualmachine-inventory-delete-062~f8fbc5ee6e72,vsphere.vsphere_privilege,VirtualMachine.Inventory.Delete.062,062,Virtual Machine,true,2021-01-04T11:46:20Z,\N,2021-01-04T11:46:20Z,\N,1,assert
acme:vsphere.vsphere_privilege:virtualmachine-inventory~e51bb77de696,vsphere.vsphere_privilege,VirtualMachine.Inventory.StandaloneAccess.064,064,Virtual Machine,true,2021-01-04T14:05:05Z,\N,2021-01-04T14:05:05Z,\N,1,assert
acme:vsphere.vsphere_privilege:virtualmachine-inventory~6347e153e4b6,vsphere.vsphere_privilege,VirtualMachine.Inventory.StandaloneAccess.066,066,Virtual Machine,true,2021-01-04T07:17:13Z,\N,2021-01-04T07:17:13Z,\N,1,assert
acme:vsphere.vsphere_privilege:virtualmachine-inventory-delete-073~2c1805e657d4,vsphere.vsphere_privilege,VirtualMachine.Inventory.Delete.073,073,Virtual Machine,true,2021-01-04T22:59:50Z,\N,2021-01-04T22:59:50Z,\N,1,assert
acme:vsphere.vsphere_privilege:virtualmachine-inventory~006408a07925,vsphere.vsphere_privilege,VirtualMachine.Inventory.StandaloneAccess.076,076,Virtual Machine,true,2021-01-04T18:17:31Z,\N,2021-01-04T18:17:31Z,\N,1,assert
acme:vsphere.vsphere_privilege:virtualmachine-inventory-delete-079~8801b617e1e3,vsphere.vsphere_privilege,VirtualMachine.Inventory.Delete.079,079,Virtual Machine,true,2021-01-04T06:45:13Z,\N,2021-01-04T06:45:13Z,\N,1,assert
acme:vsphere.vsphere_privilege:virtualmachine-inventory~c2268a8760a9,vsphere.vsphere_privilege,VirtualMachine.Inventory.StandaloneAccess.083,083,Virtual Machine,true,2021-01-04T14:55:33Z,\N,2021-01-04T14:55:33Z,\N,1,assert
acme:vsphere.vsphere_privilege:virtualmachine-inventory-clone-089~d90d1e63e6a0,vsphere.vsphere_privilege,VirtualMachine.Inventory.Clone.089,089,Virtual Machine,false,2021-01-04T02:25:45Z,\N,2021-01-04T02:25:45Z,\N,1,assert
acme:vsphere.vsphere_privilege:virtualmachine-inventory-clone-092~37b3dcf5d82a,vsphere.vsphere_privilege,VirtualMachine.Inventory.Clone.092,092,Virtual Machine,false,2021-01-04T17:05:28Z,\N,2021-01-04T17:05:28Z,\N,1,assert
acme:vsphere.vsphere_privilege:virtualmachine-inventory-delete-105~905f20817af6,vsphere.vsphere_privilege,VirtualMachine.Inventory.Delete.105,105,Virtual Machine,true,2021-01-04T16:22:56Z,\N,2021-01-04T16:22:56Z,\N,1,assert
acme:vsphere.vsphere_privilege:virtualmachine-inventory-delete-111~d7e0382e5984,vsphere.vsphere_privilege,VirtualMachine.Inventory.Delete.111,111,Virtual Machine,true,2021-01-04T08:57:12Z,\N,2021-01-04T08:57:12Z,\N,1,assert
acme:vsphere.vsphere_privilege:virtualmachine-inventory~920565682199,vsphere.vsphere_privilege,VirtualMachine.Inventory.StandaloneAccess.113,113,Virtual Machine,true,2021-01-04T10:19:12Z,\N,2021-01-04T10:19:12Z,\N,1,assert
acme:vsphere.vsphere_privilege:virtualmachine-inventory-clone-116~85c6708e0b79,vsphere.vsphere_privilege,VirtualMachine.Inventory.Clone.116,116,Virtual Machine,false,2021-01-04T13:09:49Z,\N,2021-01-04T13:09:49Z,\N,1,assert
acme:vsphere.vsphere_privilege:virtualmachine-inventory-delete-120~8c172e1dc2c7,vsphere.vsphere_privilege,VirtualMachine.Inventory.Delete.120,120,Virtual Machine,true,2021-01-04T12:52:24Z,\N,2021-01-04T12:52:24Z,\N,1,assert
acme:vsphere.vsphere_privilege:virtualmachine-inventory~69b907de2458,vsphere.vsphere_privilege,VirtualMachine.Inventory.StandaloneAccess.122,122,Virtual Machine,true,2021-01-04T01:54:21Z,\N,2021-01-04T01:54:21Z,\N,1,assert
acme:vsphere.vsphere_privilege:virtualmachine-inventory-clone-125~f143f9db9a30,vsphere.vsphere_privilege,VirtualMachine.Inventory.Clone.125,125,Virtual Machine,false,2021-01-04T14:31:26Z,\N,2021-01-04T14:31:26Z,\N,1,assert
acme:vsphere.vsphere_privilege:virtualmachine-inventory-clone-129~49fc46f6c7a6,vsphere.vsphere_privilege,VirtualMachine.Inventory.Clone.129,129,Virtual Machine,false,2021-01-04T18:19:00Z,\N,2021-01-04T18:19:00Z,\N,1,assert
acme:vsphere.vsphere_privilege:virtualmachine-inventory-clone-130~f387e6fbd4df,vsphere.vsphere_privilege,VirtualMachine.Inventory.Clone.130,130,Virtual Machine,false,2021-01-04T20:22:04Z,\N,2021-01-04T20:22:04Z,\N,1,assert
acme:vsphere.vsphere_privilege:virtualmachine-inventory-delete-148~2f713bbedd79,vsphere.vsphere_privilege,VirtualMachine.Inventory.Delete.148,148,Virtual Machine,true,2021-01-04T11:46:59Z,\N,2021-01-04T11:46:59Z,\N,1,assert
acme:vsphere.vsphere_privilege:virtualmachine-inventory~64f40d8e6995,vsphere.vsphere_privilege,VirtualMachine.Inventory.StandaloneAccess.153,153,Virtual Machine,true,2021-01-04T09:49:29Z,\N,2021-01-04T09:49:29Z,\N,1,assert
acme:vsphere.vsphere_privilege:virtualmachine-inventory~a997f8c2ab77,vsphere.vsphere_privilege,VirtualMachine.Inventory.StandaloneAccess.154,154,Virtual Machine,true,2021-01-04T16:11:32Z,\N,2021-01-04T16:11:32Z,\N,1,assert
acme:vsphere.vsphere_privilege:virtualmachine-inventory-delete-159~4e01e87aa238,vsphere.vsphere_privilege,VirtualMachine.Inventory.Delete.159,159,Virtual Machine,true,2021-01-04T13:23:22Z,\N,2021-01-04T13:23:22Z,\N,1,assert
acme:vsphere.vsphere_privilege:virtualmachine-inventory-delete-164~3d41166c0915,vsphere.vsphere_privilege,VirtualMachine.Inventory.Delete.164,164,Virtual Machine,true,2021-01-04T20:51:12Z,\N,2021-01-04T20:51:12Z,\N,1,assert
acme:vsphere.vsphere_privilege:virtualmachine-inventory~0daa8320e64a,vsphere.vsphere_privilege,VirtualMachine.Inventory.StandaloneAccess.170,170,Virtual Machine,true,2021-01-04T13:45:07Z,\N,2021-01-04T13:45:07Z,\N,1,assert
acme:vsphere.vsphere_privilege:virtualmachine-inventory~cc74e6079a8a,vsphere.vsphere_privilege,VirtualMachine.Inventory.StandaloneAccess.175,175,Virtual Machine,true,2021-01-04T11:09:39Z,\N,2021-01-04T11:09:39Z,\N,1,assert
acme:vsphere.vsphere_privilege:virtualmachine-inventory~a452c43b6f45,vsphere.vsphere_privilege,VirtualMachine.Inventory.StandaloneAccess.176,176,Virtual Machine,true,2021-01-04T10:21:30Z,\N,2021-01-04T10:21:30Z,\N,1,assert
acme:vsphere.vsphere_privilege:virtualmachine-inventory~700918444bdf,vsphere.vsphere_privilege,VirtualMachine.Inventory.StandaloneAccess.178,178,Virtual Machine,true,2021-01-04T13:00:57Z,\N,2021-01-04T13:00:57Z,\N,1,assert
acme:vsphere.vsphere_privilege:virtualmachine-inventory~c61461ea1b3a,vsphere.vsphere_privilege,VirtualMachine.Inventory.StandaloneAccess.180,180,Virtual Machine,true,2021-01-04T11:04:32Z,\N,2021-01-04T11:04:32Z,\N,1,assert
acme:vsphere.vsphere_privilege:virtualmachine-inventory-clone-181~d9abaadebd43,vsphere.vsphere_privilege,VirtualMachine.Inventory.Clone.181,181,Virtual Machine,false,2021-01-04T11:15:39Z,\N,2021-01-04T11:15:39Z,\N,1,assert
acme:vsphere.vsphere_privilege:virtualmachine-inventory-delete-188~440c877a1228,vsphere.vsphere_privilege,VirtualMachine.Inventory.Delete.188,188,Virtual Machine,true,2021-01-04T04:46:44Z,\N,2021-01-04T04:46:44Z,\N,1,assert
acme:vsphere.vsphere_privilege:virtualmachine-inventory-clone-197~75a8f83f70f2,vsphere.vsphere_privilege,VirtualMachine.Inventory.Clone.197,197,Virtual Machine,false,2021-01-04T05:18:03Z,\N,2021-01-04T05:18:03Z,\N,1,assert
acme:vsphere.vsphere_privilege:virtualmachine-inventory-clone-198~cc75aa50155f,vsphere.vsphere_privilege,VirtualMachine.Inventory.Clone.198,198,Virtual Machine,false,2021-01-04T05:07:50Z,\N,2021-01-04T05:07:50Z,\N,1,assert
acme:vsphere.vsphere_privilege:virtualmachine-inventory-delete-199~5cfb10363d8c,vsphere.vsphere_privilege,VirtualMachine.Inventory.Delete.199,199,Virtual Machine,true,2021-01-04T07:06:24Z,\N,2021-01-04T07:06:24Z,\N,1,assert
acme:vsphere.vsphere_privilege:virtualmachine-inventory-delete-200~89d153aa7f7d,vsphere.vsphere_privilege,VirtualMachine.Inventory.Delete.200,200,Virtual Machine,true,2021-01-04T13:44:37Z,\N,2021-01-04T13:44:37Z,\N,1,assert
acme:vsphere.vsphere_privilege:virtualmachine-inventory-clone-205~fec9c12a7853,vsphere.vsphere_privilege,VirtualMachine.Inventory.Clone.205,205,Virtual Machine,false,2021-01-04T14:10:27Z,\N,2021-01-04T14:10:27Z,\N,1,assert
acme:vsphere.vsphere_privilege:virtualmachine-inventory-delete-210~67e7073400e0,vsphere.vsphere_privilege,VirtualMachine.Inventory.Delete.210,210,Virtual Machine,true,2021-01-04T03:05:14Z,\N,2021-01-04T03:05:14Z,\N,1,assert
acme:vsphere.vsphere_privilege:virtualmachine-inventory-clone-212~448596821d3a,vsphere.vsphere_privilege,VirtualMachine.Inventory.Clone.212,212,Virtual Machine,false,2021-01-04T15:03:28Z,\N,2021-01-04T15:03:28Z,\N,1,assert
acme:vsphere.vsphere_privilege:virtualmachine-inventory-clone-221~3c8bc87f06f5,vsphere.vsphere_privilege,VirtualMachine.Inventory.Clone.221,221,Virtual Machine,false,2021-01-04T18:30:00Z,\N,2021-01-04T18:30:00Z,\N,1,assert
acme:vsphere.vsphere_privilege:virtualmachine-inventory-clone-224~d016d28574cd,vsphere.vsphere_privilege,VirtualMachine.Inventory.Clone.224,224,Virtual Machine,false,2021-01-04T09:42:16Z,\N,2021-01-04T09:42:16Z,\N,1,assert
acme:vsphere.vsphere_privilege:virtualmachine-inventory~7fddb3cc1090,vsphere.vsphere_privilege,VirtualMachine.Inventory.StandaloneAccess.229,229,Virtual Machine,true,2021-01-04T15:48:12Z,\N,2021-01-04T15:48:12Z,\N,1,assert
acme:vsphere.vsphere_privilege:virtualmachine-inventory-delete-230~20fdd9631802,vsphere.vsphere_privilege,VirtualMachine.Inventory.Delete.230,230,Virtual Machine,true,2021-01-04T06:35:10Z,\N,2021-01-04T06:35:10Z,\N,1,assert
acme:vsphere.vsphere_privilege:virtualmachine-inventory-delete-234~e585875da6b2,vsphere.vsphere_privilege,VirtualMachine.Inventory.Delete.234,234,Virtual Machine,true,2021-01-04T22:31:33Z,\N,2021-01-04T22:31:33Z,\N,1,assert
acme:vsphere.vsphere_privilege:virtualmachine-inventory-clone-236~8ac3148ca26d,vsphere.vsphere_privilege,VirtualMachine.Inventory.Clone.236,236,Virtual Machine,false,2021-01-04T09:41:25Z,\N,2021-01-04T09:41:25Z,\N,1,assert
acme:vsphere.vsphere_privilege:virtualmachine-inventory-delete-238~35d374056e51,vsphere.vsphere_privilege,VirtualMachine.Inventory.Delete.238,238,Virtual Machine,true,2021-01-04T23:49:37Z,\N,2021-01-04T23:49:37Z,\N,1,assert
acme:vsphere.vsphere_privilege:virtualmachine-inventory~48927afd1e2e,vsphere.vsphere_privilege,VirtualMachine.Inventory.StandaloneAccess.239,239,Virtual Machine,true,2021-01-04T00:37:16Z,\N,2021-01-04T00:37:16Z,\N,1,assert
acme:vsphere.vsphere_privilege:virtualmachine-inventory-delete-006~03a80f7d24e5,vsphere.vsphere_privilege,VirtualMachine.Inventory.Delete.006,006,Virtual Machine,true,2021-01-05T10:54:52Z,\N,2021-01-05T10:54:52Z,\N,1,assert
acme:vsphere.vsphere_privilege:virtualmachine-inventory~18a0a14917ca,vsphere.vsphere_privilege,VirtualMachine.Inventory.StandaloneAccess.007,007,Virtual Machine,true,2021-01-05T21:07:53Z,\N,2021-01-05T21:07:53Z,\N,1,assert
acme:vsphere.vsphere_privilege:virtualmachine-inventory~f95644957ffb,vsphere.vsphere_privilege,VirtualMachine.Inventory.StandaloneAccess.008,008,Virtual Machine,true,2021-01-05T02:30:31Z,\N,2021-01-05T02:30:31Z,\N,1,assert
acme:vsphere.vsphere_privilege:virtualmachine-inventory-clone-013~bdb382b4404e,vsphere.vsphere_privilege,VirtualMachine.Inventory.Clone.013,013,Virtual Machine,false,2021-01-05T14:03:03Z,\N,2021-01-05T14:03:03Z,\N,1,assert
acme:vsphere.vsphere_privilege:virtualmachine-inventory~da2273d93db8,vsphere.vsphere_privilege,VirtualMachine.Inventory.StandaloneAccess.019,019,Virtual Machine,true,2021-01-05T20:37:25Z,\N,2021-01-05T20:37:25Z,\N,1,assert
acme:vsphere.vsphere_privilege:virtualmachine-inventory-clone-027~3197dc141769,vsphere.vsphere_privilege,VirtualMachine.Inventory.Clone.027,027,Virtual Machine,false,2021-01-05T11:33:31Z,\N,2021-01-05T11:33:31Z,\N,1,assert
acme:vsphere.vsphere_privilege:virtualmachine-inventory-clone-037~77e4ddc36afe,vsphere.vsphere_privilege,VirtualMachine.Inventory.Clone.037,037,Virtual Machine,false,2021-01-05T10:30:53Z,\N,2021-01-05T10:30:53Z,\N,1,assert
acme:vsphere.vsphere_privilege:virtualmachine-inventory-delete-039~65e2d65a798c,vsphere.vsphere_privilege,VirtualMachine.Inventory.Delete.039,039,Virtual Machine,true,2021-01-05T06:12:07Z,\N,2021-01-05T06:12:07Z,\N,1,assert
acme:vsphere.vsphere_privilege:virtualmachine-inventory~3947d2d5cb22,vsphere.vsphere_privilege,VirtualMachine.Inventory.StandaloneAccess.046,046,Virtual Machine,true,2021-01-05T21:39:08Z,\N,2021-01-05T21:39:08Z,\N,1,assert
acme:vsphere.vsphere_privilege:virtualmachine-inventory-clone-060~04c5dfac4166,vsphere.vsphere_privilege,VirtualMachine.Inventory.Clone.060,060,Virtual Machine,false,2021-01-05T11:25:59Z,\N,2021-01-05T11:25:59Z,\N,1,assert
acme:vsphere.vsphere_privilege:virtualmachine-inventory-delete-068~82f0cdf93a6f,vsphere.vsphere_privilege,VirtualMachine.Inventory.Delete.068,068,Virtual Machine,true,2021-01-05T22:18:07Z,\N,2021-01-05T22:18:07Z,\N,1,assert
acme:vsphere.vsphere_privilege:virtualmachine-inventory-delete-071~195b32ac461a,vsphere.vsphere_privilege,VirtualMachine.Inventory.Delete.071,071,Virtual Machine,true,2021-01-05T20:54:59Z,\N,2021-01-05T20:54:59Z,\N,1,assert
acme:vsphere.vsphere_privilege:virtualmachine-inventory-delete-074~ef3fd501a757,vsphere.vsphere_privilege,VirtualMachine.Inventory.Delete.074,074,Virtual Machine,true,2021-01-05T13:14:04Z,\N,2021-01-05T13:14:04Z,\N,1,assert
acme:vsphere.vsphere_privilege:virtualmachine-inventory-delete-078~3993537494f8,vsphere.vsphere_privilege,VirtualMachine.Inventory.Delete.078,078,Virtual Machine,true,2021-01-05T15:38:22Z,\N,2021-01-05T15:38:22Z,\N,1,assert
acme:vsphere.vsphere_privilege:virtualmachine-inventory-clone-082~6941895f92e6,vsphere.vsphere_privilege,VirtualMachine.Inventory.Clone.082,082,Virtual Machine,false,2021-01-05T15:26:39Z,\N,2021-01-05T15:26:39Z,\N,1,assert
acme:vsphere.vsphere_privilege:virtualmachine-inventory-clone-087~ea96b29a70e5,vsphere.vsphere_privilege,VirtualMachine.Inventory.Clone.087,087,Virtual Machine,false,2021-01-05T20:15:04Z,\N,2021-01-05T20:15:04Z,\N,1,assert
acme:vsphere.vsphere_privilege:virtualmachine-inventory~ec36c5348cc8,vsphere.vsphere_privilege,VirtualMachine.Inventory.StandaloneAccess.090,090,Virtual Machine,true,2021-01-05T06:56:05Z,\N,2021-01-05T06:56:05Z,\N,1,assert
acme:vsphere.vsphere_privilege:virtualmachine-inventory-delete-095~b82110b104d1,vsphere.vsphere_privilege,VirtualMachine.Inventory.Delete.095,095,Virtual Machine,true,2021-01-05T09:09:02Z,\N,2021-01-05T09:09:02Z,\N,1,assert
acme:vsphere.vsphere_privilege:virtualmachine-inventory~70aefadf69a7,vsphere.vsphere_privilege,VirtualMachine.Inventory.StandaloneAccess.107,107,Virtual Machine,true,2021-01-05T19:27:20Z,\N,2021-01-05T19:27:20Z,\N,1,assert
acme:vsphere.vsphere_privilege:virtualmachine-inventory-clone-114~bcca8a2cb433,vsphere.vsphere_privilege,VirtualMachine.Inventory.Clone.114,114,Virtual Machine,false,2021-01-05T09:16:35Z,\N,2021-01-05T09:16:35Z,\N,1,assert
acme:vsphere.vsphere_privilege:virtualmachine-inventory-delete-128~70e75dbfb386,vsphere.vsphere_privilege,VirtualMachine.Inventory.Delete.128,128,Virtual Machine,true,2021-01-05T22:31:27Z,\N,2021-01-05T22:31:27Z,\N,1,assert
acme:vsphere.vsphere_privilege:virtualmachine-inventory-delete-133~a2b85413538c,vsphere.vsphere_privilege,VirtualMachine.Inventory.Delete.133,133,Virtual Machine,true,2021-01-05T14:27:31Z,\N,2021-01-05T14:27:31Z,\N,1,assert
acme:vsphere.vsphere_privilege:virtualmachine-inventory-clone-134~4ffc0ad2bd3c,vsphere.vsphere_privilege,VirtualMachine.Inventory.Clone.134,134,Virtual Machine,false,2021-01-05T00:38:49Z,\N,2021-01-05T00:38:49Z,\N,1,assert
acme:vsphere.vsphere_privilege:virtualmachine-inventory~cbe2a934eae8,vsphere.vsphere_privilege,VirtualMachine.Inventory.StandaloneAccess.135,135,Virtual Machine,true,2021-01-05T07:29:46Z,\N,2021-01-05T07:29:46Z,\N,1,assert
acme:vsphere.vsphere_privilege:virtualmachine-inventory-clone-141~9d34811c31d0,vsphere.vsphere_privilege,VirtualMachine.Inventory.Clone.141,141,Virtual Machine,false,2021-01-05T03:10:11Z,\N,2021-01-05T03:10:11Z,\N,1,assert
acme:vsphere.vsphere_privilege:virtualmachine-inventory-clone-142~cd5a05c2dccc,vsphere.vsphere_privilege,VirtualMachine.Inventory.Clone.142,142,Virtual Machine,false,2021-01-05T06:58:22Z,\N,2021-01-05T06:58:22Z,\N,1,assert
acme:vsphere.vsphere_privilege:virtualmachine-inventory~49e198cf430f,vsphere.vsphere_privilege,VirtualMachine.Inventory.StandaloneAccess.143,143,Virtual Machine,true,2021-01-05T19:13:50Z,\N,2021-01-05T19:13:50Z,\N,1,assert
acme:vsphere.vsphere_privilege:virtualmachine-inventory-delete-144~77c99557ae08,vsphere.vsphere_privilege,VirtualMachine.Inventory.Delete.144,144,Virtual Machine,true,2021-01-05T23:01:40Z,\N,2021-01-05T23:01:40Z,\N,1,assert
acme:vsphere.vsphere_privilege:virtualmachine-inventory~dd3bfab8d5c8,vsphere.vsphere_privilege,VirtualMachine.Inventory.StandaloneAccess.162,162,Virtual Machine,true,2021-01-05T19:45:54Z,\N,2021-01-05T19:45:54Z,\N,1,assert
acme:vsphere.vsphere_privilege:virtualmachine-inventory~869ab92a9a32,vsphere.vsphere_privilege,VirtualMachine.Inventory.StandaloneAccess.163,163,Virtual Machine,true,2021-01-05T16:10:45Z,\N,2021-01-05T16:10:45Z,\N,1,assert
acme:vsphere.vsphere_privilege:virtualmachine-inventory-clone-167~a2d11e8b2c3a,vsphere.vsphere_privilege,VirtualMachine.Inventory.Clone.167,167,Virtual Machine,false,2021-01-05T04:49:54Z,\N,2021-01-05T04:49:54Z,\N,1,assert
acme:vsphere.vsphere_privilege:virtualmachine-inventory-delete-177~4568dc553e0d,vsphere.vsphere_privilege,VirtualMachine.Inventory.Delete.177,177,Virtual Machine,true,2021-01-05T09:22:49Z,\N,2021-01-05T09:22:49Z,\N,1,assert
acme:vsphere.vsphere_privilege:virtualmachine-inventory-clone-182~3cdc2d9a7cf0,vsphere.vsphere_privilege,VirtualMachine.Inventory.Clone.182,182,Virtual Machine,false,2021-01-05T12:07:38Z,\N,2021-01-05T12:07:38Z,\N,1,assert
acme:vsphere.vsphere_privilege:virtualmachine-inventory~947e9778c7b3,vsphere.vsphere_privilege,VirtualMachine.Inventory.StandaloneAccess.184,184,Virtual Machine,true,2021-01-05T20:24:24Z,\N,2021-01-05T20:24:24Z,\N,1,assert
acme:vsphere.vsphere_privilege:virtualmachine-inventory-clone-186~7f8f32c579d5,vsphere.vsphere_privilege,VirtualMachine.Inventory.Clone.186,186,Virtual Machine,false,2021-01-05T21:58:40Z,\N,2021-01-05T21:58:40Z,\N,1,assert
acme:vsphere.vsphere_privilege:virtualmachine-inventory-clone-191~fe3fa4ca0960,vsphere.vsphere_privilege,VirtualMachine.Inventory.Clone.191,191,Virtual Machine,false,2021-01-05T06:48:28Z,\N,2021-01-05T06:48:28Z,\N,1,assert
acme:vsphere.vsphere_privilege:virtualmachine-inventory-clone-196~ba4f8f03c05e,vsphere.vsphere_privilege,VirtualMachine.Inventory.Clone.196,196,Virtual Machine,false,2021-01-05T00:15:10Z,\N,2021-01-05T00:15:10Z,\N,1,assert
acme:vsphere.vsphere_privilege:virtualmachine-inventory~54db808964f3,vsphere.vsphere_privilege,VirtualMachine.Inventory.StandaloneAccess.203,203,Virtual Machine,true,2021-01-05T23:56:06Z,\N,2021-01-05T23:56:06Z,\N,1,assert
acme:vsphere.vsphere_privilege:virtualmachine-inventory-delete-206~5d990bb60e8a,vsphere.vsphere_privilege,VirtualMachine.Inventory.Delete.206,206,Virtual Machine,true,2021-01-05T19:32:14Z,\N,2021-01-05T19:32:14Z,\N,1,assert
acme:vsphere.vsphere_privilege:virtualmachine-inventory-clone-208~397602e7bd10,vsphere.vsphere_privilege,VirtualMachine.Inventory.Clone.208,208,Virtual Machine,false,2021-01-05T13:34:50Z,\N,2021-01-05T13:34:50Z,\N,1,assert
acme:vsphere.vsphere_privilege:virtualmachine-inventory~92826db57b36,vsphere.vsphere_privilege,VirtualMachine.Inventory.StandaloneAccess.209,209,Virtual Machine,true,2021-01-05T15:16:59Z,\N,2021-01-05T15:16:59Z,\N,1,assert
acme:vsphere.vsphere_privilege:virtualmachine-inventory-clone-213~03c5b27d0e28,vsphere.vsphere_privilege,VirtualMachine.Inventory.Clone.213,213,Virtual Machine,false,2021-01-05T04:23:14Z,\N,2021-01-05T04:23:14Z,\N,1,assert
acme:vsphere.vsphere_privilege:virtualmachine-inventory~edc798ef35e5,vsphere.vsphere_privilege,VirtualMachine.Inventory.StandaloneAccess.216,216,Virtual Machine,true,2021-01-05T06:42:38Z,\N,2021-01-05T06:42:38Z,\N,1,assert
acme:vsphere.vsphere_privilege:virtualmachine-inventory~da56dc92fc60,vsphere.vsphere_privilege,VirtualMachine.Inventory.StandaloneAccess.218,218,Virtual Machine,true,2021-01-05T08:59:04Z,\N,2021-01-05T08:59:04Z,\N,1,assert
acme:vsphere.vsphere_privilege:virtualmachine-inventory~2a6c0df116dd,vsphere.vsphere_privilege,VirtualMachine.Inventory.StandaloneAccess.219,219,Virtual Machine,true,2021-01-05T09:00:54Z,\N,2021-01-05T09:00:54Z,\N,1,assert
acme:vsphere.vsphere_privilege:virtualmachine-inventory-delete-228~f5257ed70b0f,vsphere.vsphere_privilege,VirtualMachine.Inventory.Delete.228,228,Virtual Machine,true,2021-01-05T17:47:19Z,\N,2021-01-05T17:47:19Z,\N,1,assert
acme:vsphere.vsphere_privilege:virtualmachine-inventory-delete-231~f07e978390b8,vsphere.vsphere_privilege,VirtualMachine.Inventory.Delete.231,231,Virtual Machine,true,2021-01-05T15:52:38Z,\N,2021-01-05T15:52:38Z,\N,1,assert
acme:vsphere.vsphere_privilege:virtualmachine-inventory~92b17e521965,vsphere.vsphere_privilege,VirtualMachine.Inventory.StandaloneAccess.232,232,Virtual Machine,true,2021-01-05T07:09:32Z,\N,2021-01-05T07:09:32Z,\N,1,assert
acme:vsphere.vsphere_privilege:virtualmachine-inventory~6d9c4da6c344,vsphere.vsphere_privilege,VirtualMachine.Inventory.StandaloneAccess.005,005,Virtual Machine,true,2021-01-06T13:16:33Z,\N,2021-01-06T13:16:33Z,\N,1,assert
acme:vsphere.vsphere_privilege:virtualmachine-inventory-delete-011~56ee20bee91a,vsphere.vsphere_privilege,VirtualMachine.Inventory.Delete.011,011,Virtual Machine,true,2021-01-06T04:57:47Z,\N,2021-01-06T04:57:47Z,\N,1,assert
acme:vsphere.vsphere_privilege:virtualmachine-inventory-delete-016~40a23fe951a5,vsphere.vsphere_privilege,VirtualMachine.Inventory.Delete.016,016,Virtual Machine,true,2021-01-06T19:08:09Z,\N,2021-01-06T19:08:09Z,\N,1,assert
acme:vsphere.vsphere_privilege:virtualmachine-inventory~8e80b960b940,vsphere.vsphere_privilege,VirtualMachine.Inventory.StandaloneAccess.017,017,Virtual Machine,true,2021-01-06T06:26:23Z,\N,2021-01-06T06:26:23Z,\N,1,assert
acme:vsphere.vsphere_privilege:virtualmachine-inventory~3665e843e16f,vsphere.vsphere_privilege,VirtualMachine.Inventory.StandaloneAccess.020,020,Virtual Machine,true,2021-01-06T04:41:34Z,\N,2021-01-06T04:41:34Z,\N,1,assert
acme:vsphere.vsphere_privilege:virtualmachine-inventory-clone-021~f10af5b86d0b,vsphere.vsphere_privilege,VirtualMachine.Inventory.Clone.021,021,Virtual Machine,false,2021-01-06T12:57:52Z,\N,2021-01-06T12:57:52Z,\N,1,assert
acme:vsphere.vsphere_privilege:virtualmachine-inventory-clone-026~b5c64acf5081,vsphere.vsphere_privilege,VirtualMachine.Inventory.Clone.026,026,Virtual Machine,false,2021-01-06T19:45:10Z,\N,2021-01-06T19:45:10Z,\N,1,assert
acme:vsphere.vsphere_privilege:virtualmachine-inventory-clone-028~8deea193d656,vsphere.vsphere_privilege,VirtualMachine.Inventory.Clone.028,028,Virtual Machine,false,2021-01-06T05:24:53Z,\N,2021-01-06T05:24:53Z,\N,1,assert
acme:vsphere.vsphere_privilege:virtualmachine-inventory~9970a4e2076a,vsphere.vsphere_privilege,VirtualMachine.Inventory.StandaloneAccess.033,033,Virtual Machine,true,2021-01-06T14:35:22Z,\N,2021-01-06T14:35:22Z,\N,1,assert
acme:vsphere.vsphere_privilege:virtualmachine-inventory-delete-041~042d44a6ce3b,vsphere.vsphere_privilege,VirtualMachine.Inventory.Delete.041,041,Virtual Machine,true,2021-01-06T03:31:15Z,\N,2021-01-06T03:31:15Z,\N,1,assert
acme:vsphere.vsphere_privilege:virtualmachine-inventory-clone-043~f107db490f9b,vsphere.vsphere_privilege,VirtualMachine.Inventory.Clone.043,043,Virtual Machine,false,2021-01-06T14:28:23Z,\N,2021-01-06T14:28:23Z,\N,1,assert
acme:vsphere.vsphere_privilege:virtualmachine-inventory-clone-048~b17aece14783,vsphere.vsphere_privilege,VirtualMachine.Inventory.Clone.048,048,Virtual Machine,false,2021-01-06T14:26:03Z,\N,2021-01-06T14:26:03Z,\N,1,assert
acme:vsphere.vsphere_privilege:virtualmachine-inventory~f6d47a8e9d5c,vsphere.vsphere_privilege,VirtualMachine.Inventory.StandaloneAccess.053,053,Virtual Machine,true,2021-01-06T15:00:57Z,\N,2021-01-06T15:00:57Z,\N,1,assert
acme:vsphere.vsphere_privilege:virtualmachine-inventory-clone-054~92a302674b71,vsphere.vsphere_privilege,VirtualMachine.Inventory.Clone.054,054,Virtual Machine,false,2021-01-06T04:35:59Z,\N,2021-01-06T04:35:59Z,\N,1,assert
acme:vsphere.vsphere_privilege:virtualmachine-inventory~87f76a16d501,vsphere.vsphere_privilege,VirtualMachine.Inventory.StandaloneAccess.065,065,Virtual Machine,true,2021-01-06T13:54:20Z,\N,2021-01-06T13:54:20Z,\N,1,assert
acme:vsphere.vsphere_privilege:virtualmachine-inventory-clone-085~aff0f38ce84c,vsphere.vsphere_privilege,VirtualMachine.Inventory.Clone.085,085,Virtual Machine,false,2021-01-06T12:23:20Z,\N,2021-01-06T12:23:20Z,\N,1,assert
acme:vsphere.vsphere_privilege:virtualmachine-inventory-clone-094~676e47691c20,vsphere.vsphere_privilege,VirtualMachine.Inventory.Clone.094,094,Virtual Machine,false,2021-01-06T05:02:28Z,\N,2021-01-06T05:02:28Z,\N,1,assert
acme:vsphere.vsphere_privilege:virtualmachine-inventory-delete-096~f99aa6e70e15,vsphere.vsphere_privilege,VirtualMachine.Inventory.Delete.096,096,Virtual Machine,true,2021-01-06T01:43:00Z,\N,2021-01-06T01:43:00Z,\N,1,assert
acme:vsphere.vsphere_privilege:virtualmachine-inventory-clone-098~9d5396384c1b,vsphere.vsphere_privilege,VirtualMachine.Inventory.Clone.098,098,Virtual Machine,false,2021-01-06T08:30:33Z,\N,2021-01-06T08:30:33Z,\N,1,assert
acme:vsphere.vsphere_privilege:virtualmachine-inventory-clone-102~2ef08608442c,vsphere.vsphere_privilege,VirtualMachine.Inventory.Clone.102,102,Virtual Machine,false,2021-01-06T13:33:05Z,\N,2021-01-06T13:33:05Z,\N,1,assert
acme:vsphere.vsphere_privilege:virtualmachine-inventory-clone-103~6999c22b0c59,vsphere.vsphere_privilege,VirtualMachine.Inventory.Clone.103,103,Virtual Machine,false,2021-01-06T19:38:25Z,\N,2021-01-06T19:38:25Z,\N,1,assert
acme:vsphere.vsphere_privilege:virtualmachine-inventory-clone-106~6b526e8de5ef,vsphere.vsphere_privilege,VirtualMachine.Inventory.Clone.106,106,Virtual Machine,false,2021-01-06T02:23:53Z,\N,2021-01-06T02:23:53Z,\N,1,assert
acme:vsphere.vsphere_privilege:virtualmachine-inventory-delete-124~d35e0d9ed5f4,vsphere.vsphere_privilege,VirtualMachine.Inventory.Delete.124,124,Virtual Machine,true,2021-01-06T16:47:20Z,\N,2021-01-06T16:47:20Z,\N,1,assert
acme:vsphere.vsphere_privilege:virtualmachine-inventory-clone-136~127325f1ee42,vsphere.vsphere_privilege,VirtualMachine.Inventory.Clone.136,136,Virtual Machine,false,2021-01-06T00:53:09Z,\N,2021-01-06T00:53:09Z,\N,1,assert
acme:vsphere.vsphere_privilege:virtualmachine-inventory-delete-137~2a07b795c902,vsphere.vsphere_privilege,VirtualMachine.Inventory.Delete.137,137,Virtual Machine,true,2021-01-06T01:03:24Z,\N,2021-01-06T01:03:24Z,\N,1,assert
acme:vsphere.vsphere_privilege:virtualmachine-inventory~31992a2625f0,vsphere.vsphere_privilege,VirtualMachine.Inventory.StandaloneAccess.140,140,Virtual Machine,true,2021-01-06T14:23:32Z,\N,2021-01-06T14:23:32Z,\N,1,assert
acme:vsphere.vsphere_privilege:virtualmachine-inventory-delete-152~d7af83e6155a,vsphere.vsphere_privilege,VirtualMachine.Inventory.Delete.152,152,Virtual Machine,true,2021-01-06T01:49:44Z,\N,2021-01-06T01:49:44Z,\N,1,assert
acme:vsphere.vsphere_privilege:virtualmachine-inventory-clone-157~d44d91ed44bb,vsphere.vsphere_privilege,VirtualMachine.Inventory.Clone.157,157,Virtual Machine,false,2021-01-06T15:55:12Z,\N,2021-01-06T15:55:12Z,\N,1,assert
acme:vsphere.vsphere_privilege:virtualmachine-inventory-delete-166~749888cd6ed7,vsphere.vsphere_privilege,VirtualMachine.Inventory.Delete.166,166,Virtual Machine,true,2021-01-06T20:34:15Z,\N,2021-01-06T20:34:15Z,\N,1,assert
acme:vsphere.vsphere_privilege:virtualmachine-inventory-clone-171~7b54a3466824,vsphere.vsphere_privilege,VirtualMachine.Inventory.Clone.171,171,Virtual Machine,false,2021-01-06T06:32:35Z,\N,2021-01-06T06:32:35Z,\N,1,assert
acme:vsphere.vsphere_privilege:virtualmachine-inventory-clone-185~db73e9081336,vsphere.vsphere_privilege,VirtualMachine.Inventory.Clone.185,185,Virtual Machine,false,2021-01-06T12:24:59Z,\N,2021-01-06T12:24:59Z,\N,1,assert
acme:vsphere.vsphere_privilege:virtualmachine-inventory~bb44cded6a9a,vsphere.vsphere_privilege,VirtualMachine.Inventory.StandaloneAccess.189,189,Virtual Machine,true,2021-01-06T14:38:53Z,\N,2021-01-06T14:38:53Z,\N,1,assert
acme:vsphere.vsphere_privilege:virtualmachine-inventory-delete-192~afd9079dd02f,vsphere.vsphere_privilege,VirtualMachine.Inventory.Delete.192,192,Virtual Machine,true,2021-01-06T16:35:38Z,\N,2021-01-06T16:35:38Z,\N,1,assert
acme:vsphere.vsphere_privilege:virtualmachine-inventory-clone-194~a4bf92b9c3a9,vsphere.vsphere_privilege,VirtualMachine.Inventory.Clone.194,194,Virtual Machine,false,2021-01-06T04:53:22Z,\N,2021-01-06T04:53:22Z,\N,1,assert
acme:vsphere.vsphere_privilege:virtualmachine-inventory~9f1f2e609d14,vsphere.vsphere_privilege,VirtualMachine.Inventory.StandaloneAccess.195,195,Virtual Machine,true,2021-01-06T18:06:39Z,\N,2021-01-06T18:06:39Z,\N,1,assert
acme:vsphere.vsphere_privilege:virtualmachine-inventory~dbaf11ad8315,vsphere.vsphere_privilege,VirtualMachine.Inventory.StandaloneAccess.202,202,Virtual Machine,true,2021-01-06T16:42:17Z,\N,2021-01-06T16:42:17Z,\N,1,assert
acme:vsphere.vsphere_privilege:virtualmachine-inventory-delete-204~5965be29671b,vsphere.vsphere_privilege,VirtualMachine.Inventory.Delete.204,204,Virtual Machine,true,2021-01-06T00:24:38Z,\N,2021-01-06T00:24:38Z,\N,1,assert
acme:vsphere.vsphere_privilege:virtualmachine-inventory~f40f8c20c8da,vsphere.vsphere_privilege,VirtualMachine.Inventory.StandaloneAccess.207,207,Virtual Machine,true,2021-01-06T04:25:40Z,\N,2021-01-06T04:25:40Z,\N,1,assert
acme:vsphere.vsphere_privilege:virtualmachine-inventory-clone-211~7ea4a43a8f5c,vsphere.vsphere_privilege,VirtualMachine.Inventory.Clone.211,211,Virtual Machine,false,2021-01-06T01:40:05Z,\N,2021-01-06T01:40:05Z,\N,1,assert
acme:vsphere.vsphere_privilege:virtualmachine-inventory-clone-215~05d10bda9d1a,vsphere.vsphere_privilege,VirtualMachine.Inventory.Clone.215,215,Virtual Machine,false,2021-01-06T09:32:51Z,\N,2021-01-06T09:32:51Z,\N,1,assert
acme:vsphere.vsphere_privilege:virtualmachine-inventory-delete-220~8dd1c6f61f51,vsphere.vsphere_privilege,VirtualMachine.Inventory.Delete.220,220,Virtual Machine,true,2021-01-06T00:29:34Z,\N,2021-01-06T00:29:34Z,\N,1,assert
acme:vsphere.vsphere_privilege:virtualmachine-inventory~8700406c395e,vsphere.vsphere_privilege,VirtualMachine.Inventory.StandaloneAccess.222,222,Virtual Machine,true,2021-01-06T02:25:06Z,\N,2021-01-06T02:25:06Z,\N,1,assert
acme:vsphere.vsphere_privilege:virtualmachine-inventory-clone-223~6445cd7191a3,vsphere.vsphere_privilege,VirtualMachine.Inventory.Clone.223,223,Virtual Machine,false,2021-01-06T12:05:01Z,\N,2021-01-06T12:05:01Z,\N,1,assert
acme:vsphere.vsphere_privilege:virtualmachine-inventory-clone-226~5c3de2d629da,vsphere.vsphere_privilege,VirtualMachine.Inventory.Clone.226,226,Virtual Machine,false,2021-01-06T11:47:36Z,\N,2021-01-06T11:47:36Z,\N,1,assert
acme:vsphere.vsphere_privilege:virtualmachine-inventory-delete-227~4f8518b6d213,vsphere.vsphere_privilege,VirtualMachine.Inventory.Delete.227,227,Virtual Machine,true,2021-01-06T07:49:30Z,\N,2021-01-06T07:49:30Z,\N,1,assert
acme:vsphere.vsphere_privilege:virtualmachine-inventory~b12b5f62b821,vsphere.vsphere_privilege,VirtualMachine.Inventory.StandaloneAccess.235,235,Virtual Machine,true,2021-01-06T15:50:26Z,\N,2021-01-06T15:50:26Z,\N,1,assert
acme:vsphere.vsphere_privilege:virtualmachine-inventory-clone-237~6d36af119b24,vsphere.vsphere_privilege,VirtualMachine.Inventory.Clone.237,237,Virtual Machine,false,2021-01-06T14:32:27Z,\N,2021-01-06T14:32:27Z,\N,1,assert
