entity_id,entity_type,cve_id,product_model_id,affected_range,valid_from,valid_to,system_from,system_to,revision,operation
acme:affected_product:cve-2020-52930-acme-product-model-v0000~33da24b672cf,affected_product,CVE-2020-52930,acme:product_model:v0000-sof-00074-software~7f88c3648756,">=1.0,<=4.0",2021-01-02T02:35:13Z,\N,2021-01-02T02:35:13Z,\N,1,assert
acme:affected_product:cve-2025-65218-acme-product-model-v0044~16697783c319,affected_product,CVE-2025-65218,acme:product_model:v0044-har-00061-hardware~e5d938a4a93c,">=4.0,<=6.0",2021-01-02T06:36:40Z,\N,2021-01-02T06:36:40Z,\N,1,assert
acme:affected_product:cve-2023-17391-acme-product-model-v0031~8876a1bda0d0,affected_product,CVE-2023-17391,acme:product_model:v0031-sof-00081-software~d5093ad2ac78,">=1.0,<=2.0",2021-01-02T07:08:01Z,\N,2021-01-02T07:08:01Z,\N,1,assert
acme:affected_product:cve-2022-70818-acme-product-model-v0044~f769cf84cd0c,affected_product,CVE-2022-70818,acme:product_model:v0044-ser-00156-service~dd8978add055,">=4.0,<=5.0",2021-01-02T03:52:33Z,\N,2021-01-02T03:52:33Z,\N,1,assert
acme:affected_product:cve-2023-70628-acme-product-model-v0044~00259172534e,affected_product,CVE-2023-70628,acme:product_model:v0044-sof-00218-software~216e03dd50f3,">=1.0,<=3.0",2021-01-02T13:44:14Z,\N,2021-01-02T13:44:14Z,\N,1,assert
acme:affected_product:cve-2021-71970-acme-product-model-v0048~d764f7e07ab9,affected_product,CVE-2021-71970,acme:product_model:v0048-sof-00186-software~e2985692f7e2,">=2.0,<=4.0",2021-01-02T23:37:17Z,\N,2021-01-02T23:37:17Z,\N,1,assert
acme:affected_product:cve-2020-8718-acme-product-model-v0044~3201b3dbceb5,affected_product,CVE-2020-8718,acme:product_model:v0044-con-00020-consumable~700e50990515,">=2.0,<=3.0",2021-01-02T06:44:30Z,\N,2021-01-02T06:44:30Z,\N,1,assert
acme:affected_product:cve-2021-73495-acme-product-model-v0031~665692121b54,affected_product,CVE-2021-73495,acme:product_model:v0031-sof-00099-software~820f7e6eef33,">=1.0,<=3.0",2021-01-02T15:13:47Z,\N,2021-01-02T15:13:47Z,\N,1,assert
acme:affected_product:cve-2024-22825-acme-product-model-v0017~b43655cd7453,affected_product,CVE-2024-22825,acme:product_model:v0017-sof-00046-software~fec9987664cf,">=4.0,<=5.0",2021-01-02T13:53:01Z,\N,2021-01-02T13:53:01Z,\N,1,assert
acme:affected_product:cve-2020-61628-acme-product-model-v0048~3146a27428b4,affected_product,CVE-2020-61628,acme:product_model:v0048-har-00103-hardware~ff4f23401a16,">=2.0,<=5.0",2021-01-02T10:40:39Z,\N,2021-01-02T10:40:39Z,\N,1,assert
acme:affected_product:cve-2021-57828-acme-product-model-v0025~918962412d2f,affected_product,CVE-2021-57828,acme:product_model:v0025-sof-00181-software~c261916744f3,">=1.0,<=4.0",2021-01-02T06:57:56Z,\N,2021-01-02T06:57:56Z,\N,1,assert
acme:affected_product:cve-2022-35270-acme-product-model-v0025~63e805d0fbff,affected_product,CVE-2022-35270,acme:product_model:v0025-har-00151-hardware~3463505999b0,">=1.0,<=2.0",2021-01-02T03:59:48Z,\N,2021-01-02T03:59:48Z,\N,1,assert
acme:affected_product:cve-2022-14670-acme-product-model-v0017~5dafd9b6586d,affected_product,CVE-2022-14670,acme:product_model:v0017-sof-00120-software~2248054f68c9,">=2.0,<=5.0",2021-01-02T06:24:22Z,\N,2021-01-02T06:24:22Z,\N,1,assert
acme:affected_product:cve-2025-88188-acme-product-model-v0032~22dee63a97d3,affected_product,CVE-2025-88188,acme:product_model:v0032-har-00154-hardware~53fde5a895b5,">=1.0,<=4.0",2021-01-02T06:12:00Z,\N,2021-01-02T06:12:00Z,\N,1,assert
acme:affected_product:cve-2024-33596-acme-product-model-v0034~1ab9fe280ade,affected_product,CVE-2024-33596,acme:product_model:v0034-sof-00219-software~aefca92d1ae7,">=1.0,<=3.0",2021-01-02T06:33:50Z,\N,2021-01-02T06:33:50Z,\N,1,assert
acme:affected_product:cve-2024-74376-acme-product-model-v0031~cd49bf01a2b5,affected_product,CVE-2024-74376,acme:product_model:v0031-sof-00099-software~820f7e6eef33,">=2.0,<=4.0",2021-01-02T16:53:38Z,\N,2021-01-02T16:53:38Z,\N,1,assert
acme:affected_product:cve-2021-45660-acme-product-model-v0000~c8d4aefe7d83,affected_product,CVE-2021-45660,acme:product_model:v0000-har-00117-hardware~95fb0602a2d4,">=2.0,<=3.0",2021-01-02T13:08:19Z,\N,2021-01-02T13:08:19Z,\N,1,assert
acme:affected_product:cve-2024-97926-acme-product-model-v0025~0135a8ff8638,affected_product,CVE-2024-97926,acme:product_model:v0025-har-00151-hardware~3463505999b0,">=1.0,<=2.0",2021-01-02T15:24:07Z,\N,2021-01-02T15:24:07Z,\N,1,assert
acme:affected_product:cve-2025-44349-acme-product-model-v0048~c691f06e827e,affected_product,CVE-2025-44349,acme:product_model:v0048-sof-00025-software~f5fab549f71d,">=2.0,<=4.0",2021-01-02T17:12:31Z,\N,2021-01-02T17:12:31Z,\N,1,assert
acme:affected_product:cve-2024-38667-acme-product-model-v0000~594a5bd7694c,affected_product,CVE-2024-38667,acme:product_model:v0000-con-00204-consumable~ade3497d0778,">=1.0,<=2.0",2021-01-02T04:33:28Z,\N,2021-01-02T04:33:28Z,\N,1,assert
acme:affected_product:cve-2024-79766-acme-product-model-v0031~1c35c0e4a343,affected_product,CVE-2024-79766,acme:product_model:v0031-sof-00102-software~8048cee75928,">=1.0,<=3.0",2021-01-02T11:00:20Z,\N,2021-01-02T11:00:20Z,\N,1,assert
acme:affected_product:cve-2023-31210-acme-product-model-v0044~1afe24480d52,affected_product,CVE-2023-31210,acme:product_model:v0044-sof-00178-software~8a6557a3489e,">=1.0,<=3.0",2021-01-02T06:22:12Z,\N,2021-01-02T06:22:12Z,\N,1,assert
acme:affected_product:cve-2021-76119-acme-product-model-v0000~f2dd4ee56228,affected_product,CVE-2021-76119,acme:product_model:v0000-ser-00000-service~29bc941cf5db,">=4.0,<=6.0",2021-01-02T01:03:03Z,\N,2021-01-02T01:03:03Z,\N,1,assert
acme:affected_product:cve-2020-77765-acme-product-model-v0025~55175418d288,affected_product,CVE-2020-77765,acme:product_model:v0025-sof-00181-software~c261916744f3,">=1.0,<=2.0",2021-01-02T20:43:34Z,\N,2021-01-02T20:43:34Z,\N,1,assert
acme:affected_product:cve-2024-4650-acme-product-model-v0034~dd04a2fa5a82,affected_product,CVE-2024-4650,acme:product_model:v0034-sof-00064-software~826c8b3ae203,">=1.0,<=2.0",2021-01-02T23:26:53Z,\N,2021-01-02T23:26:53Z,\N,1,assert
acme:affected_product:cve-2022-36402-acme-product-model-v0025~5a91f9e2d56e,affected_product,CVE-2022-36402,acme:product_model:v0025-sof-00184-software~c2d7212aae29,">=1.0,<=3.0",2021-01-02T23:18:48Z,\N,2021-01-02T23:18:48Z,\N,1,assert
acme:affected_product:cve-2023-28735-acme-product-model-v0025~7da82613257b,affected_product,CVE-2023-28735,acme:product_model:v0025-sof-00184-software~c2d7212aae29,">=1.0,<=3.0",2021-01-02T07:14:59Z,\N,2021-01-02T07:14:59Z,\N,1,assert
acme:affected_product:cve-2022-82226-acme-product-model-v0044~7f1075e9101b,affected_product,CVE-2022-82226,acme:product_model:v0044-sof-00218-software~216e03dd50f3,">=2.0,<=3.0",2021-01-02T18:15:10Z,\N,2021-01-02T18:15:10Z,\N,1,assert
acme:affected_product:cve-2024-34582-acme-product-model-v0017~befbe85a1d9e,affected_product,CVE-2024-34582,acme:product_model:v0017-sof-00046-software~fec9987664cf,">=4.0,<=5.0",2021-01-02T20:40:53Z,\N,2021-01-02T20:40:53Z,\N,1,assert
acme:affected_product:cve-2023-33242-acme-product-model-v0034~03b6a1eeecac,affected_product,CVE-2023-33242,acme:product_model:v0034-har-00051-hardware~096017fe85a4,">=1.0,<=2.0",2021-01-02T04:45:23Z,\N,2021-01-02T04:45:23Z,\N,1,assert
acme:affected_product:cve-2020-72907-acme-product-model-v0044~38aa534f6984,affected_product,CVE-2020-72907,acme:product_model:v0044-har-00061-hardware~e5d938a4a93c,">=2.0,<=5.0",2021-01-02T10:36:39Z,\N,2021-01-02T10:36:39Z,\N,1,assert
acme:affected_product:cve-2022-14427-acme-product-model-v0034~913608328ca8,affected_product,CVE-2022-14427,acme:product_model:v0034-sof-00219-software~aefca92d1ae7,">=4.0,<=7.0",2021-01-02T10:21:37Z,\N,2021-01-02T10:21:37Z,\N,1,assert
acme:affected_product:cve-2021-85999-acme-product-model-v0017~86bde10a9600,affected_product,CVE-2021-85999,acme:product_model:v0017-sof-00120-software~2248054f68c9,">=1.0,<=4.0",2021-01-02T05:52:10Z,\N,2021-01-02T05:52:10Z,\N,1,assert
acme:affected_product:cve-2022-81054-acme-product-model-v0000~8acc0513b276,affected_product,CVE-2022-81054,acme:product_model:v0000-ser-00000-service~29bc941cf5db,">=1.0,<=4.0",2021-01-02T06:14:43Z,\N,2021-01-02T06:14:43Z,\N,1,assert
acme:affected_product:cve-2021-99287-acme-product-model-v0025~e223372d431e,affected_product,CVE-2021-99287,acme:product_model:v0025-har-00151-hardware~3463505999b0,">=4.0,<=5.0",2021-01-02T19:41:01Z,\N,2021-01-02T19:41:01Z,\N,1,assert
acme:affected_product:cve-2025-41656-acme-product-model-v0034~3120fe13e322,affected_product,CVE-2025-41656,acme:product_model:v0034-sof-00219-software~aefca92d1ae7,">=1.0,<=4.0",2021-01-02T06:14:46Z,\N,2021-01-02T06:14:46Z,\N,1,assert
acme:affected_product:cve-2024-12620-acme-product-model-v0034~a53c6946ff3d,affected_product,CVE-2024-12620,acme:product_model:v0034-sof-00064-software~826c8b3ae203,">=1.0,<=2.0",2021-01-02T06:29:22Z,\N,2021-01-02T06:29:22Z,\N,1,assert
acme:affected_product:cve-2023-60547-acme-product-model-v0017~56e65b186f6e,affected_product,CVE-2023-60547,acme:product_model:v0017-sof-00046-software~fec9987664cf,">=1.0,<=2.0",2021-01-02T06:25:11Z,\N,2021-01-02T06:25:11Z,\N,1,assert
acme:affected_product:cve-2025-60202-acme-product-model-v0034~429f6c6f5329,affected_product,CVE-2025-60202,acme:product_model:v0034-har-00211-hardware~8c9138ba6c05,">=2.0,<=4.0",2021-01-02T15:26:34Z,\N,2021-01-02T15:26:34Z,\N,1,assert
acme:affected_product:cve-2023-97300-acme-product-model-v0000~ee045b9fc02b,affected_product,CVE-2023-97300,acme:product_model:v0000-ser-00000-service~29bc941cf5db,">=1.0,<=3.0",2021-01-02T21:03:36Z,\N,2021-01-02T21:03:36Z,\N,1,assert
acme:affected_product:cve-2024-60533-acme-product-model-v0025~fcbff820aa75,affected_product,CVE-2024-60533,acme:product_model:v0025-sof-00184-software~c2d7212aae29,">=1.0,<=3.0",2021-01-02T13:58:34Z,\N,2021-01-02T13:58:34Z,\N,1,assert
acme:affected_product:cve-2020-22146-acme-product-model-v0017~8961ba437213,affected_product,CVE-2020-22146,acme:product_model:v0017-sof-00120-software~2248054f68c9,">=1.0,<=4.0",2021-01-02T07:15:41Z,\N,2021-01-02T07:15:41Z,\N,1,assert
acme:affected_product:cve-2025-70324-acme-product-model-v0024~d22ecc5f6e1a,affected_product,CVE-2025-70324,acme:product_model:v0024-har-00031-hardware~f1e62c580e14,">=1.0,<=2.0",2021-01-02T12:27:12Z,\N,2021-01-02T12:27:12Z,\N,1,assert
acme:affected_product:cve-2020-71381-acme-product-model-v0044~57a526f6d6e7,affected_product,CVE-2020-71381,acme:product_model:v0044-ser-00195-service~abf83cdd0efb,">=1.0,<=3.0",2021-01-02T15:42:49Z,\N,2021-01-02T15:42:49Z,\N,1,assert
acme:affected_product:cve-2023-85267-acme-product-model-v0044~8cd85bf1aeef,affected_product,CVE-2023-85267,acme:product_model:v0044-sof-00129-software~c79ef0bbb311,">=1.0,<=4.0",2021-01-02T16:02:49Z,\N,2021-01-02T16:02:49Z,\N,1,assert
acme:affected_product:cve-2022-78760-acme-product-model-v0031~f6ae109310bf,affected_product,CVE-2022-78760,acme:product_model:v0031-sof-00014-software~69a3722aa151,">=1.0,<=2.0",2021-01-02T11:18:22Z,\N,2021-01-02T11:18:22Z,\N,1,assert
acme:affected_product:cve-2025-87720-acme-product-model-v0028~da818a51609a,affected_product,CVE-2025-87720,acme:product_model:v0028-sof-00179-software~d5af48d8d759,">=1.0,<=3.0",2021-01-02T13:39:14Z,\N,2021-01-02T13:39:14Z,\N,1,assert
acme:affected_product:cve-2021-85759-acme-product-model-v0044~221ca1480bee,affected_product,CVE-2021-85759,acme:product_model:v0044-sof-00218-software~216e03dd50f3,">=4.0,<=6.0",2021-01-02T12:52:09Z,\N,2021-01-02T12:52:09Z,\N,1,assert
acme:affected_product:cve-2022-66177-acme-product-model-v0024~e34651f150e9,affected_product,CVE-2022-66177,acme:product_model:v0024-sof-00200-software~a33bc615a03c,">=1.0,<=4.0",2021-01-02T13:57:24Z,\N,2021-01-02T13:57:24Z,\N,1,assert
acme:affected_product:cve-2024-94705-acme-product-model-v0034~7df488e13e34,affected_product,CVE-2024-94705,acme:product_model:v0034-har-00211-hardware~8c9138ba6c05,">=2.0,<=5.0",2021-01-02T12:34:30Z,\N,2021-01-02T12:34:30Z,\N,1,assert
acme:affected_product:cve-2020-27257-acme-product-model-v0000~63b7698d680c,affected_product,CVE-2020-27257,acme:product_model:v0000-har-00117-hardware~95fb0602a2d4,">=4.0,<=7.0",2021-01-02T19:45:20Z,\N,2021-01-02T19:45:20Z,\N,1,assert
acme:affected_product:cve-2023-76238-acme-product-model-v0031~54c65ae479e0,affected_product,CVE-2023-76238,acme:product_model:v0031-sof-00081-software~d5093ad2ac78,">=2.0,<=3.0",2021-01-02T10:18:52Z,\N,2021-01-02T10:18:52Z,\N,1,assert
acme:affected_product:cve-2025-46125-acme-product-model-v0044~f69033eb3cfe,affected_product,CVE-2025-46125,acme:product_model:v0044-ser-00156-service~dd8978add055,">=4.0,<=7.0",2021-01-02T03:32:21Z,\N,2021-01-02T03:32:21Z,\N,1,assert
acme:affected_product:cve-2020-33169-acme-product-model-v0032~02739c132280,affected_product,CVE-2020-33169,acme:product_model:v0032-sof-00118-software~348e714a91e4,">=2.0,<=5.0",2021-01-02T22:23:32Z,\N,2021-01-02T22:23:32Z,\N,1,assert
acme:affected_product:cve-2022-44499-acme-product-model-v0044~97e145a829d5,affected_product,CVE-2022-44499,acme:product_model:v0044-sof-00145-software~25cece5fec63,">=1.0,<=4.0",2021-01-02T02:25:42Z,\N,2021-01-02T02:25:42Z,\N,1,assert
acme:affected_product:cve-2025-38028-acme-product-model-v0048~3ace59a1866d,affected_product,CVE-2025-38028,acme:product_model:v0048-sof-00186-software~e2985692f7e2,">=1.0,<=4.0",2021-01-02T10:08:41Z,\N,2021-01-02T10:08:41Z,\N,1,assert
acme:affected_product:cve-2024-55465-acme-product-model-v0034~7cda60d5716b,affected_product,CVE-2024-55465,acme:product_model:v0034-har-00051-hardware~096017fe85a4,">=1.0,<=3.0",2021-01-02T16:34:10Z,\N,2021-01-02T16:34:10Z,\N,1,assert
acme:affected_product:cve-2024-99768-acme-product-model-v0048~e3177724f3ce,affected_product,CVE-2024-99768,acme:product_model:v0048-sof-00186-software~e2985692f7e2,">=2.0,<=4.0",2021-01-02T20:25:13Z,\N,2021-01-02T20:25:13Z,\N,1,assert
acme:affected_product:cve-2020-58388-acme-product-model-v0000~a90504421f68,affected_product,CVE-2020-58388,acme:product_model:v0000-har-00117-hardware~95fb0602a2d4,">=2.0,<=4.0",2021-01-02T13:31:06Z,\N,2021-01-02T13:31:06Z,\N,1,assert
acme:affected_product:cve-2021-49195-acme-product-model-v0028~bd5e563db36e,affected_product,CVE-2021-49195,acme:product_model:v0028-sof-00179-software~d5af48d8d759,">=4.0,<=5.0",2021-01-02T20:01:48Z,\N,2021-01-02T20:01:48Z,\N,1,assert
acme:affected_product:cve-2024-86731-acme-product-model-v0028~34a57daab007,affected_product,CVE-2024-86731,acme:product_model:v0028-sof-00179-software~d5af48d8d759,">=1.0,<=2.0",2021-01-03T02:56:15Z,\N,2021-01-03T02:56:15Z,\N,1,assert
acme:affected_product:cve-2025-95725-acme-product-model-v0001~19c142bd1cb1,affected_product,CVE-2025-95725,acme:product_model:v0001-sof-00208-software~5eb7533557e8,">=1.0,<=4.0",2021-01-03T05:11:37Z,\N,2021-01-03T05:11:37Z,\N,1,assert
acme:affected_product:cve-2022-58570-acme-product-model-v0034~e75f11b00fca,affected_product,CVE-2022-58570,acme:product_model:v0034-har-00051-hardware~096017fe85a4,">=2.0,<=4.0",2021-01-03T08:21:01Z,\N,2021-01-03T08:21:01Z,\N,1,assert
acme:affected_product:cve-2024-54639-acme-product-model-v0017~393b4e4dc720,affected_product,CVE-2024-54639,acme:product_model:v0017-sof-00138-software~540b87669d1f,">=1.0,<=3.0",2021-01-03T06:41:14Z,\N,2021-01-03T06:41:14Z,\N,1,assert
acme:affected_product:cve-2025-83628-acme-product-model-v0000~03913ae12a30,affected_product,CVE-2025-83628,acme:product_model:v0000-con-00204-consumable~ade3497d0778,">=1.0,<=2.0",2021-01-03T13:12:32Z,\N,2021-01-03T13:12:32Z,\N,1,assert
acme:affected_product:cve-2020-70678-acme-product-model-v0000~0bac7160410f,affected_product,CVE-2020-70678,acme:product_model:v0000-con-00204-consumable~ade3497d0778,">=2.0,<=4.0",2021-01-03T15:36:31Z,\N,2021-01-03T15:36:31Z,\N,1,assert
acme:affected_product:cve-2021-71003-acme-product-model-v0028~ef96963321d8,affected_product,CVE-2021-71003,acme:product_model:v0028-har-00157-hardware~086fcfabf06e,">=2.0,<=3.0",2021-01-03T16:30:29Z,\N,2021-01-03T16:30:29Z,\N,1,assert
acme:affected_product:cve-2021-53273-acme-product-model-v0043~431801d4393b,affected_product,CVE-2021-53273,acme:product_model:v0043-ser-00146-service~d25b8a7606ab,">=1.0,<=4.0",2021-01-03T16:03:06Z,\N,2021-01-03T16:03:06Z,\N,1,assert
acme:affected_product:cve-2024-15621-acme-product-model-v0028~ce8891b24ee4,affected_product,CVE-2024-15621,acme:product_model:v0028-sof-00179-software~d5af48d8d759,">=1.0,<=2.0",2021-01-03T09:59:44Z,\N,2021-01-03T09:59:44Z,\N,1,assert
acme:affected_product:cve-2025-73990-acme-product-model-v0025~afea2b9def2e,affected_product,CVE-2025-73990,acme:product_model:v0025-ser-00001-service~2eed8e875790,">=1.0,<=4.0",2021-01-03T06:31:55Z,\N,2021-01-03T06:31:55Z,\N,1,assert
acme:affected_product:cve-2020-21290-acme-product-model-v0013~79c311479642,affected_product,CVE-2020-21290,acme:product_model:v0013-sof-00056-software~7c73a26f1dcd,">=1.0,<=2.0",2021-01-03T02:26:04Z,\N,2021-01-03T02:26:04Z,\N,1,assert
acme:affected_product:cve-2021-11003-acme-product-model-v0036~924fccb61464,affected_product,CVE-2021-11003,acme:product_model:v0036-har-00063-hardware~271e13aa7493,">=1.0,<=2.0",2021-01-03T12:49:09Z,\N,2021-01-03T12:49:09Z,\N,1,assert
acme:affected_product:cve-2025-7446-acme-product-model-v0017~a87469b22575,affected_product,CVE-2025-7446,acme:product_model:v0017-sof-00120-software~2248054f68c9,">=1.0,<=2.0",2021-01-03T08:09:03Z,\N,2021-01-03T08:09:03Z,\N,1,assert
acme:affected_product:cve-2023-35821-acme-product-model-v0046~bb2af16ae11d,affected_product,CVE-2023-35821,acme:product_model:v0046-sof-00068-software~986f68f8da1a,">=2.0,<=4.0",2021-01-03T20:09:58Z,\N,2021-01-03T20:09:58Z,\N,1,assert
acme:affected_product:cve-2020-43091-acme-product-model-v0017~31b331938e05,affected_product,CVE-2020-43091,acme:product_model:v0017-sof-00138-software~540b87669d1f,">=1.0,<=2.0",2021-01-03T09:29:32Z,\N,2021-01-03T09:29:32Z,\N,1,assert
acme:affected_product:cve-2025-42767-acme-product-model-v0017~d3744b2d9cb1,affected_product,CVE-2025-42767,acme:product_model:v0017-sof-00120-software~2248054f68c9,">=1.0,<=2.0",2021-01-03T12:56:29Z,\N,2021-01-03T12:56:29Z,\N,1,assert
acme:affected_product:cve-2025-86655-acme-product-model-v0044~c98968e70eef,affected_product,CVE-2025-86655,acme:product_model:v0044-sof-00145-software~25cece5fec63,">=2.0,<=4.0",2021-01-03T08:09:54Z,\N,2021-01-03T08:09:54Z,\N,1,assert
acme:affected_product:cve-2020-52537-acme-product-model-v0044~c62a6f217543,affected_product,CVE-2020-52537,acme:product_model:v0044-con-00020-consumable~700e50990515,">=1.0,<=2.0",2021-01-03T20:13:12Z,\N,2021-01-03T20:13:12Z,\N,1,assert
acme:affected_product:cve-2024-35583-acme-product-model-v0030~1d9bd8cdb77e,affected_product,CVE-2024-35583,acme:product_model:v0030-sof-00060-software~00d082d6cc81,">=1.0,<=3.0",2021-01-03T15:33:10Z,\N,2021-01-03T15:33:10Z,\N,1,assert
acme:affected_product:cve-2021-77170-acme-product-model-v0001~92373b8291ec,affected_product,CVE-2021-77170,acme:product_model:v0001-sof-00177-software~4a373e066a18,">=2.0,<=4.0",2021-01-03T06:59:30Z,\N,2021-01-03T06:59:30Z,\N,1,assert
acme:affected_product:cve-2021-28934-acme-product-model-v0030~498ec014d3ce,affected_product,CVE-2021-28934,acme:product_model:v0030-sof-00201-software~482033bc5a20,">=2.0,<=5.0",2021-01-03T13:08:18Z,\N,2021-01-03T13:08:18Z,\N,1,assert
acme:affected_product:cve-2022-56019-acme-product-model-v0019~3292cea73323,affected_product,CVE-2022-56019,acme:product_model:v0019-con-00048-consumable~47c091f6b382,">=1.0,<=4.0",2021-01-03T20:05:53Z,\N,2021-01-03T20:05:53Z,\N,1,assert
acme:affected_product:cve-2025-28700-acme-product-model-v0024~c83595228904,affected_product,CVE-2025-28700,acme:product_model:v0024-ser-00193-service~25697d65b0be,">=1.0,<=2.0",2021-01-03T00:38:36Z,\N,2021-01-03T00:38:36Z,\N,1,assert
acme:affected_product:cve-2021-90472-acme-product-model-v0031~ffb19dbe6ea6,affected_product,CVE-2021-90472,acme:product_model:v0031-sof-00021-software~7444ab93a277,">=2.0,<=3.0",2021-01-03T19:50:34Z,\N,2021-01-03T19:50:34Z,\N,1,assert
acme:affected_product:cve-2024-35680-acme-product-model-v0025~f1dc53a2c9e0,affected_product,CVE-2024-35680,acme:product_model:v0025-har-00151-hardware~3463505999b0,">=2.0,<=4.0",2021-01-03T06:29:00Z,\N,2021-01-03T06:29:00Z,\N,1,assert
acme:affected_product:cve-2024-22818-acme-product-model-v0034~1af2a1e3db2f,affected_product,CVE-2024-22818,acme:product_model:v0034-ser-00100-service~682ddc66a6b8,">=1.0,<=3.0",2021-01-03T22:49:50Z,\N,2021-01-03T22:49:50Z,\N,1,assert
acme:affected_product:cve-2025-51638-acme-product-model-v0025~02d9015f7841,affected_product,CVE-2025-51638,acme:product_model:v0025-sof-00181-software~c261916744f3,">=4.0,<=7.0",2021-01-03T00:55:21Z,\N,2021-01-03T00:55:21Z,\N,1,assert
acme:affected_product:cve-2024-7501-acme-product-model-v0044~eeee2cab99b6,affected_product,CVE-2024-7501,acme:product_model:v0044-sof-00069-software~30e92774cd6f,">=1.0,<=4.0",2021-01-03T05:43:51Z,\N,2021-01-03T05:43:51Z,\N,1,assert
acme:affected_product:cve-2023-24862-acme-product-model-v0034~ba2574959eb9,affected_product,CVE-2023-24862,acme:product_model:v0034-ser-00067-service~6369f588422d,">=4.0,<=7.0",2021-01-03T20:52:50Z,\N,2021-01-03T20:52:50Z,\N,1,assert
acme:affected_product:cve-2021-93412-acme-product-model-v0025~8b0311752a5f,affected_product,CVE-2021-93412,acme:product_model:v0025-har-00050-hardware~8070203c3969,">=1.0,<=2.0",2021-01-03T18:00:29Z,\N,2021-01-03T18:00:29Z,\N,1,assert
acme:affected_product:cve-2021-54630-acme-product-model-v0031~45e71d48d29b,affected_product,CVE-2021-54630,acme:product_model:v0031-con-00132-consumable~bf7caf4bed30,">=1.0,<=2.0",2021-01-03T18:37:11Z,\N,2021-01-03T18:37:11Z,\N,1,assert
acme:affected_product:cve-2022-73634-acme-product-model-v0046~3051e400875c,affected_product,CVE-2022-73634,acme:product_model:v0046-sof-00180-software~7a5a24e80eb8,">=2.0,<=3.0",2021-01-03T16:14:25Z,\N,2021-01-03T16:14:25Z,\N,1,assert
acme:affected_product:cve-2025-96632-acme-product-model-v0031~b7aaede786b6,affected_product,CVE-2025-96632,acme:product_model:v0031-sof-00099-software~820f7e6eef33,">=2.0,<=4.0",2021-01-03T12:47:41Z,\N,2021-01-03T12:47:41Z,\N,1,assert
acme:affected_product:cve-2023-73013-acme-product-model-v0013~d96125587c71,affected_product,CVE-2023-73013,acme:product_model:v0013-sof-00096-software~2df797c0418e,">=1.0,<=3.0",2021-01-03T03:50:07Z,\N,2021-01-03T03:50:07Z,\N,1,assert
acme:affected_product:cve-2020-95232-acme-product-model-v0017~46c4daffb8eb,affected_product,CVE-2020-95232,acme:product_model:v0017-sof-00046-software~fec9987664cf,">=1.0,<=2.0",2021-01-03T11:45:08Z,\N,2021-01-03T11:45:08Z,\N,1,assert
acme:affected_product:cve-2024-89175-acme-product-model-v0025~8062f69639e7,affected_product,CVE-2024-89175,acme:product_model:v0025-har-00050-hardware~8070203c3969,">=1.0,<=3.0",2021-01-03T23:12:53Z,\N,2021-01-03T23:12:53Z,\N,1,assert
acme:affected_product:cve-2025-36835-acme-product-model-v0032~758304567591,affected_product,CVE-2025-36835,acme:product_model:v0032-har-00154-hardware~53fde5a895b5,">=1.0,<=4.0",2021-01-03T14:42:03Z,\N,2021-01-03T14:42:03Z,\N,1,assert
acme:affected_product:cve-2025-77356-acme-product-model-v0031~50d7a3fb70c8,affected_product,CVE-2025-77356,acme:product_model:v0031-har-00082-hardware~05890fd3d7ee,">=4.0,<=7.0",2021-01-03T11:52:14Z,\N,2021-01-03T11:52:14Z,\N,1,assert
acme:affected_product:cve-2024-10120-acme-product-model-v0043~3e61c8850569,affected_product,CVE-2024-10120,acme:product_model:v0043-har-00196-hardware~112e035e648c,">=2.0,<=4.0",2021-01-03T14:27:43Z,\N,2021-01-03T14:27:43Z,\N,1,assert
acme:affected_product:cve-2023-64355-acme-product-model-v0031~c7c86827d659,affected_product,CVE-2023-64355,acme:product_model:v0031-sof-00014-software~69a3722aa151,">=2.0,<=5.0",2021-01-03T15:43:56Z,\N,2021-01-03T15:43:56Z,\N,1,assert
acme:affected_product:cve-2020-21322-acme-product-model-v0032~a501da360a92,affected_product,CVE-2020-21322,acme:product_model:v0032-sof-00168-software~d88794a9f100,">=1.0,<=2.0",2021-01-03T12:48:52Z,\N,2021-01-03T12:48:52Z,\N,1,assert
acme:affected_product:cve-2022-59227-acme-product-model-v0034~47dcc92bfd5b,affected_product,CVE-2022-59227,acme:product_model:v0034-ser-00100-service~682ddc66a6b8,">=1.0,<=4.0",2021-01-03T19:40:59Z,\N,2021-01-03T19:40:59Z,\N,1,assert
acme:affected_product:cve-2020-37983-acme-product-model-v0031~b66be4cb0ab5,affected_product,CVE-2020-37983,acme:product_model:v0031-sof-00014-software~69a3722aa151,">=4.0,<=5.0",2021-01-03T02:49:47Z,\N,2021-01-03T02:49:47Z,\N,1,assert
acme:affected_product:cve-2022-38706-acme-product-model-v0044~343534552491,affected_product,CVE-2022-38706,acme:product_model:v0044-sof-00069-software~30e92774cd6f,">=1.0,<=4.0",2021-01-03T03:02:35Z,\N,2021-01-03T03:02:35Z,\N,1,assert
acme:affected_product:cve-2022-50628-acme-product-model-v0031~01b5d17dc927,affected_product,CVE-2022-50628,acme:product_model:v0031-sof-00085-software~096bd1b3fba1,">=4.0,<=5.0",2021-01-03T23:58:56Z,\N,2021-01-03T23:58:56Z,\N,1,assert
acme:affected_product:cve-2023-39350-acme-product-model-v0044~50a89a04f8ec,affected_product,CVE-2023-39350,acme:product_model:v0044-sof-00178-software~8a6557a3489e,">=1.0,<=2.0",2021-01-03T02:56:33Z,\N,2021-01-03T02:56:33Z,\N,1,assert
acme:affected_product:cve-2020-93064-acme-product-model-v0044~ee880dae5594,affected_product,CVE-2020-93064,acme:product_model:v0044-sof-00052-software~6991e915c268,">=2.0,<=4.0",2021-01-03T15:30:48Z,\N,2021-01-03T15:30:48Z,\N,1,assert
acme:affected_product:cve-2020-35960-acme-product-model-v0032~cd8b94f2025f,affected_product,CVE-2020-35960,acme:product_model:v0032-sof-00118-software~348e714a91e4,">=4.0,<=7.0",2021-01-03T13:18:32Z,\N,2021-01-03T13:18:32Z,\N,1,assert
acme:affected_product:cve-2022-46219-acme-product-model-v0001~692e43e8de02,affected_product,CVE-2022-46219,acme:product_model:v0001-sof-00177-software~4a373e066a18,">=1.0,<=2.0",2021-01-03T10:45:35Z,\N,2021-01-03T10:45:35Z,\N,1,assert
acme:affected_product:cve-2022-39153-acme-product-model-v0007~1ca4a4a8b447,affected_product,CVE-2022-39153,acme:product_model:v0007-har-00150-hardware~124b8eba6994,">=2.0,<=5.0",2021-01-03T08:23:38Z,\N,2021-01-03T08:23:38Z,\N,1,assert
acme:affected_product:cve-2025-87652-acme-product-model-v0007~516d58137752,affected_product,CVE-2025-87652,acme:product_model:v0007-har-00150-hardware~124b8eba6994,">=1.0,<=3.0",2021-01-03T03:47:20Z,\N,2021-01-03T03:47:20Z,\N,1,assert
acme:affected_product:cve-2024-94783-acme-product-model-v0031~d90167c20c07,affected_product,CVE-2024-94783,acme:product_model:v0031-sof-00102-software~8048cee75928,">=2.0,<=5.0",2021-01-03T10:26:06Z,\N,2021-01-03T10:26:06Z,\N,1,assert
acme:affected_product:cve-2021-83214-acme-product-model-v0044~6e2909285e0b,affected_product,CVE-2021-83214,acme:product_model:v0044-con-00020-consumable~700e50990515,">=1.0,<=4.0",2021-01-03T02:43:08Z,\N,2021-01-03T02:43:08Z,\N,1,assert
acme:affected_product:cve-2020-28120-acme-product-model-v0048~4ea9716e4084,affected_product,CVE-2020-28120,acme:product_model:v0048-har-00103-hardware~ff4f23401a16,">=1.0,<=3.0",2021-01-03T08:23:52Z,\N,2021-01-03T08:23:52Z,\N,1,assert
acme:affected_product:cve-2021-67597-acme-product-model-v0013~bd60d67e60b6,affected_product,CVE-2021-67597,acme:product_model:v0013-sof-00096-software~2df797c0418e,">=1.0,<=3.0",2021-01-03T06:12:24Z,\N,2021-01-03T06:12:24Z,\N,1,assert
acme:affected_product:cve-2023-78206-acme-product-model-v0011~c20c31e67b69,affected_product,CVE-2023-78206,acme:product_model:v0011-sof-00040-software~115bea67ab52,">=1.0,<=4.0",2021-01-03T15:42:13Z,\N,2021-01-03T15:42:13Z,\N,1,assert
acme:affected_product:cve-2023-70371-acme-product-model-v0031~cd4405bcb864,affected_product,CVE-2023-70371,acme:product_model:v0031-sof-00099-software~820f7e6eef33,">=2.0,<=5.0",2021-01-03T07:30:02Z,\N,2021-01-03T07:30:02Z,\N,1,assert
acme:affected_product:cve-2022-91731-acme-product-model-v0044~6681b313be6d,affected_product,CVE-2022-91731,acme:product_model:v0044-sof-00178-software~8a6557a3489e,">=2.0,<=5.0",2021-01-03T14:17:03Z,\N,2021-01-03T14:17:03Z,\N,1,assert
acme:affected_product:cve-2024-67118-acme-product-model-v0034~6bcfcf29ed72,affected_product,CVE-2024-67118,acme:product_model:v0034-har-00211-hardware~8c9138ba6c05,">=1.0,<=2.0",2021-01-03T21:56:18Z,\N,2021-01-03T21:56:18Z,\N,1,assert
acme:affected_product:cve-2021-63180-acme-product-model-v0011~c270f9fbcaa2,affected_product,CVE-2021-63180,acme:product_model:v0011-sof-00045-software~ebbcc1be6a90,">=2.0,<=3.0",2021-01-03T16:17:37Z,\N,2021-01-03T16:17:37Z,\N,1,assert
acme:affected_product:cve-2023-44092-acme-product-model-v0034~89bbb3a2d6d8,affected_product,CVE-2023-44092,acme:product_model:v0034-ser-00037-service~34c0995ff895,">=4.0,<=5.0",2021-01-03T18:42:28Z,\N,2021-01-03T18:42:28Z,\N,1,assert
acme:affected_product:cve-2021-84619-acme-product-model-v0024~f4d8e788591f,affected_product,CVE-2021-84619,acme:product_model:v0024-har-00031-hardware~f1e62c580e14,">=2.0,<=3.0",2021-01-03T05:02:26Z,\N,2021-01-03T05:02:26Z,\N,1,assert
acme:affected_product:cve-2024-81371-acme-product-model-v0000~2d1891f6820c,affected_product,CVE-2024-81371,acme:product_model:v0000-con-00204-consumable~ade3497d0778,">=1.0,<=3.0",2021-01-03T16:12:33Z,\N,2021-01-03T16:12:33Z,\N,1,assert
acme:affected_product:cve-2021-45882-acme-product-model-v0044~14a2af3edb9b,affected_product,CVE-2021-45882,acme:product_model:v0044-sof-00129-software~c79ef0bbb311,">=1.0,<=2.0",2021-01-03T04:53:29Z,\N,2021-01-03T04:53:29Z,\N,1,assert
acme:affected_product:cve-2020-11895-acme-product-model-v0001~c38a957e229b,affected_product,CVE-2020-11895,acme:product_model:v0001-sof-00208-software~5eb7533557e8,">=1.0,<=3.0",2021-01-03T11:03:05Z,\N,2021-01-03T11:03:05Z,\N,1,assert
acme:affected_product:cve-2025-98258-acme-product-model-v0043~f185b4b1747f,affected_product,CVE-2025-98258,acme:product_model:v0043-sof-00119-software~463d91a6f124,">=2.0,<=4.0",2021-01-03T00:54:11Z,\N,2021-01-03T00:54:11Z,\N,1,assert
acme:affected_product:cve-2020-70116-acme-product-model-v0030~fb52fb4f02fe,affected_product,CVE-2020-70116,acme:product_model:v0030-sof-00201-software~482033bc5a20,">=1.0,<=3.0",2021-01-03T11:30:58Z,\N,2021-01-03T11:30:58Z,\N,1,assert
acme:affected_product:cve-2020-73262-acme-product-model-v0032~723824b1e483,affected_product,CVE-2020-73262,acme:product_model:v0032-har-00154-hardware~53fde5a895b5,">=4.0,<=7.0",2021-01-03T00:15:51Z,\N,2021-01-03T00:15:51Z,\N,1,assert
acme:affected_product:cve-2023-63469-acme-product-model-v0032~660953dcccf0,affected_product,CVE-2023-63469,acme:product_model:v0032-sof-00168-software~d88794a9f100,">=1.0,<=4.0",2021-01-03T10:09:31Z,\N,2021-01-03T10:09:31Z,\N,1,assert
acme:affected_product:cve-2022-27880-acme-product-model-v0011~fd25c10f5c06,affected_product,CVE-2022-27880,acme:product_model:v0011-sof-00045-software~ebbcc1be6a90,">=1.0,<=4.0",2021-01-03T22:21:32Z,\N,2021-01-03T22:21:32Z,\N,1,assert
acme:affected_product:cve-2020-99900-acme-product-model-v0034~952cf2636724,affected_product,CVE-2020-99900,acme:product_model:v0034-ser-00067-service~6369f588422d,">=2.0,<=5.0",2021-01-03T10:11:13Z,\N,2021-01-03T10:11:13Z,\N,1,assert
acme:affected_product:cve-2022-61064-acme-product-model-v0038~2654d2d0fdd9,affected_product,CVE-2022-61064,acme:product_model:v0038-sof-00122-software~854ed4f8dfd7,">=1.0,<=2.0",2021-01-03T01:51:01Z,\N,2021-01-03T01:51:01Z,\N,1,assert
acme:affected_product:cve-2021-27258-acme-product-model-v0000~5329ce050c80,affected_product,CVE-2021-27258,acme:product_model:v0000-ser-00000-service~29bc941cf5db,">=2.0,<=4.0",2021-01-03T14:01:44Z,\N,2021-01-03T14:01:44Z,\N,1,assert
acme:affected_product:cve-2024-14063-acme-product-model-v0032~73af9de8dfa4,affected_product,CVE-2024-14063,acme:product_model:v0032-har-00154-hardware~53fde5a895b5,">=1.0,<=3.0",2021-01-03T16:52:42Z,\N,2021-01-03T16:52:42Z,\N,1,assert
acme:affected_product:cve-2021-55405-acme-product-model-v0025~93cc6653bbe5,affected_product,CVE-2021-55405,acme:product_model:v0025-ser-00001-service~2eed8e875790,">=2.0,<=4.0",2021-01-03T02:56:05Z,\N,2021-01-03T02:56:05Z,\N,1,assert
acme:affected_product:cve-2024-30947-acme-product-model-v0046~62ebab2c463b,affected_product,CVE-2024-30947,acme:product_model:v0046-sof-00083-software~3b90c8469f89,">=1.0,<=2.0",2021-01-03T20:43:22Z,\N,2021-01-03T20:43:22Z,\N,1,assert
acme:affected_product:cve-2024-96230-acme-product-model-v0031~e194124dd359,affected_product,CVE-2024-96230,acme:product_model:v0031-sof-00102-software~8048cee75928,">=1.0,<=2.0",2021-01-04T20:38:06Z,\N,2021-01-04T20:38:06Z,\N,1,assert
acme:affected_product:cve-2023-56142-acme-product-model-v0000~62a2f7e2c2d5,affected_product,CVE-2023-56142,acme:product_model:v0000-sof-00074-software~7f88c3648756,">=2.0,<=4.0",2021-01-04T16:12:43Z,\N,2021-01-04T16:12:43Z,\N,1,assert
acme:affected_product:cve-2022-63494-acme-product-model-v0013~69e4b314107f,affected_product,CVE-2022-63494,acme:product_model:v0013-sof-00053-software~bff0a8417ded,">=1.0,<=2.0",2021-01-04T08:30:03Z,\N,2021-01-04T08:30:03Z,\N,1,assert
acme:affected_product:cve-2020-52406-acme-product-model-v0000~5bee652c959f,affected_product,CVE-2020-52406,acme:product_model:v0000-ser-00000-service~29bc941cf5db,">=4.0,<=7.0",2021-01-04T21:06:31Z,\N,2021-01-04T21:06:31Z,\N,1,assert
acme:affected_product:cve-2021-81774-acme-product-model-v0034~ed5f3a71cca7,affected_product,CVE-2021-81774,acme:product_model:v0034-sof-00136-software~47a6a1b406af,">=1.0,<=2.0",2021-01-04T09:36:06Z,\N,2021-01-04T09:36:06Z,\N,1,assert
acme:affected_product:cve-2023-46876-acme-product-model-v0034~aed477e8917b,affected_product,CVE-2023-46876,acme:product_model:v0034-sof-00219-software~aefca92d1ae7,">=1.0,<=3.0",2021-01-04T13:55:53Z,\N,2021-01-04T13:55:53Z,\N,1,assert
acme:affected_product:cve-2025-81421-acme-product-model-v0032~c41e9cc460f5,affected_product,CVE-2025-81421,acme:product_model:v0032-sof-00166-software~7bfda5e25441,">=1.0,<=2.0",2021-01-04T06:16:13Z,\N,2021-01-04T06:16:13Z,\N,1,assert
acme:affected_product:cve-2025-85681-acme-product-model-v0032~0ef3b28d57e3,affected_product,CVE-2025-85681,acme:product_model:v0032-sof-00166-software~7bfda5e25441,">=4.0,<=7.0",2021-01-04T09:56:28Z,\N,2021-01-04T09:56:28Z,\N,1,assert
acme:affected_product:cve-2020-87050-acme-product-model-v0031~beffe9c976bb,affected_product,CVE-2020-87050,acme:product_model:v0031-con-00132-consumable~bf7caf4bed30,">=1.0,<=2.0",2021-01-04T16:14:20Z,\N,2021-01-04T16:14:20Z,\N,1,assert
acme:affected_product:cve-2024-98240-acme-product-model-v0025~14edc8e194c0,affected_product,CVE-2024-98240,acme:product_model:v0025-sof-00164-software~639d5de2b1e9,">=2.0,<=3.0",2021-01-04T15:14:56Z,\N,2021-01-04T15:14:56Z,\N,1,assert
acme:affected_product:cve-2023-43712-acme-product-model-v0048~104852d75d2d,affected_product,CVE-2023-43712,acme:product_model:v0048-har-00107-hardware~8d89aea65747,">=4.0,<=5.0",2021-01-04T12:09:34Z,\N,2021-01-04T12:09:34Z,\N,1,assert
acme:affected_product:cve-2023-41003-acme-product-model-v0043~f3887562eaea,affected_product,CVE-2023-41003,acme:product_model:v0043-har-00196-hardware~112e035e648c,">=4.0,<=7.0",2021-01-04T05:34:03Z,\N,2021-01-04T05:34:03Z,\N,1,assert
acme:affected_product:cve-2024-3382-acme-product-model-v0002~4dd9c274f0c8,affected_product,CVE-2024-3382,acme:product_model:v0002-har-00075-hardware~6911d7a7958d,">=1.0,<=4.0",2021-01-04T17:49:51Z,\N,2021-01-04T17:49:51Z,\N,1,assert
acme:affected_product:cve-2023-71766-acme-product-model-v0024~436a001c5ba2,affected_product,CVE-2023-71766,acme:product_model:v0024-sof-00200-software~a33bc615a03c,">=1.0,<=2.0",2021-01-04T14:26:39Z,\N,2021-01-04T14:26:39Z,\N,1,assert
acme:affected_product:cve-2023-53422-acme-product-model-v0000~f1627e4e259c,affected_product,CVE-2023-53422,acme:product_model:v0000-con-00204-consumable~ade3497d0778,">=2.0,<=4.0",2021-01-04T08:26:53Z,\N,2021-01-04T08:26:53Z,\N,1,assert
acme:affected_product:cve-2021-67507-acme-product-model-v0044~cfd067fac361,affected_product,CVE-2021-67507,acme:product_model:v0044-har-00061-hardware~e5d938a4a93c,">=4.0,<=5.0",2021-01-04T12:32:41Z,\N,2021-01-04T12:32:41Z,\N,1,assert
acme:affected_product:cve-2024-7456-acme-product-model-v0025~6ee919b36932,affected_product,CVE-2024-7456,acme:product_model:v0025-ser-00095-service~3581e95fdd5b,">=1.0,<=4.0",2021-01-04T09:02:07Z,\N,2021-01-04T09:02:07Z,\N,1,assert
acme:affected_product:cve-2021-26736-acme-product-model-v0003~ca2a42067822,affected_product,CVE-2021-26736,acme:product_model:v0003-con-00036-consumable~a534f553cae8,">=1.0,<=2.0",2021-01-04T10:05:22Z,\N,2021-01-04T10:05:22Z,\N,1,assert
acme:affected_product:cve-2020-98704-acme-product-model-v0044~0ffb9fdcb473,affected_product,CVE-2020-98704,acme:product_model:v0044-sof-00069-software~30e92774cd6f,">=4.0,<=6.0",2021-01-04T03:05:53Z,\N,2021-01-04T03:05:53Z,\N,1,assert
acme:affected_product:cve-2021-21388-acme-product-model-v0048~d6246634c43a,affected_product,CVE-2021-21388,acme:product_model:v0048-ser-00029-service~9218c7b6f9d3,">=2.0,<=4.0",2021-01-04T20:18:35Z,\N,2021-01-04T20:18:35Z,\N,1,assert
acme:affected_product:cve-2023-10267-acme-product-model-v0043~d42446d62e5f,affected_product,CVE-2023-10267,acme:product_model:v0043-ser-00146-service~d25b8a7606ab,">=4.0,<=6.0",2021-01-04T03:44:19Z,\N,2021-01-04T03:44:19Z,\N,1,assert
acme:affected_product:cve-2020-81747-acme-product-model-v0043~c196e2b9eb6b,affected_product,CVE-2020-81747,acme:product_model:v0043-sof-00097-software~fb7dc1142cde,">=4.0,<=5.0",2021-01-04T11:46:20Z,\N,2021-01-04T11:46:20Z,\N,1,assert
acme:affected_product:cve-2022-39399-acme-product-model-v0024~0c6ba41d18c0,affected_product,CVE-2022-39399,acme:product_model:v0024-har-00031-hardware~f1e62c580e14,">=2.0,<=5.0",2021-01-04T18:17:31Z,\N,2021-01-04T18:17:31Z,\N,1,assert
acme:affected_product:cve-2021-88210-acme-product-model-v0034~2568ec373bfb,affected_product,CVE-2021-88210,acme:product_model:v0034-ser-00100-service~682ddc66a6b8,">=2.0,<=3.0",2021-01-04T18:46:23Z,\N,2021-01-04T18:46:23Z,\N,1,assert
acme:affected_product:cve-2022-82166-acme-product-model-v0044~77ed010a7daa,affected_product,CVE-2022-82166,acme:product_model:v0044-sof-00052-software~6991e915c268,">=4.0,<=6.0",2021-01-04T23:21:17Z,\N,2021-01-04T23:21:17Z,\N,1,assert
acme:affected_product:cve-2023-57986-acme-product-model-v0011~d8cd2c617874,affected_product,CVE-2023-57986,acme:product_model:v0011-sof-00116-software~86ba659891c7,">=4.0,<=7.0",2021-01-04T08:16:34Z,\N,2021-01-04T08:16:34Z,\N,1,assert
acme:affected_product:cve-2024-67170-acme-product-model-v0048~4d1a514366b2,affected_product,CVE-2024-67170,acme:product_model:v0048-sof-00089-software~9edb679f4148,">=2.0,<=4.0",2021-01-04T13:09:49Z,\N,2021-01-04T13:09:49Z,\N,1,assert
acme:affected_product:cve-2020-78042-acme-product-model-v0025~65a4469eb972,affected_product,CVE-2020-78042,acme:product_model:v0025-sof-00184-software~c2d7212aae29,">=2.0,<=5.0",2021-01-04T19:28:09Z,\N,2021-01-04T19:28:09Z,\N,1,assert
acme:affected_product:cve-2022-20924-acme-product-model-v0001~5815e8cf7317,affected_product,CVE-2022-20924,acme:product_model:v0001-sof-00010-software~1d8c5e5dfaf0,">=2.0,<=5.0",2021-01-04T17:10:44Z,\N,2021-01-04T17:10:44Z,\N,1,assert
acme:affected_product:cve-2021-27189-acme-product-model-v0034~7ce0080740ef,affected_product,CVE-2021-27189,acme:product_model:v0034-sof-00064-software~826c8b3ae203,">=4.0,<=5.0",2021-01-04T11:19:27Z,\N,2021-01-04T11:19:27Z,\N,1,assert
acme:affected_product:cve-2025-5947-acme-product-model-v0048~c0f070d07b3c,affected_product,CVE-2025-5947,acme:product_model:v0048-sof-00025-software~f5fab549f71d,">=4.0,<=5.0",2021-01-04T20:44:28Z,\N,2021-01-04T20:44:28Z,\N,1,assert
acme:affected_product:cve-2020-16492-acme-product-model-v0002~a88443335428,affected_product,CVE-2020-16492,acme:product_model:v0002-sof-00059-software~e10e945bebac,">=2.0,<=3.0",2021-01-04T20:51:12Z,\N,2021-01-04T20:51:12Z,\N,1,assert
acme:affected_product:cve-2024-9842-acme-product-model-v0048~5116e97244e2,affected_product,CVE-2024-9842,acme:product_model:v0048-har-00107-hardware~8d89aea65747,">=4.0,<=7.0",2021-01-04T01:12:34Z,\N,2021-01-04T01:12:34Z,\N,1,assert
acme:affected_product:cve-2024-44707-acme-product-model-v0034~6cb609a92613,affected_product,CVE-2024-44707,acme:product_model:v0034-sof-00219-software~aefca92d1ae7,">=1.0,<=2.0",2021-01-04T02:43:26Z,\N,2021-01-04T02:43:26Z,\N,1,assert
acme:affected_product:cve-2021-60142-acme-product-model-v0048~982a5024dc5d,affected_product,CVE-2021-60142,acme:product_model:v0048-sof-00186-software~e2985692f7e2,">=2.0,<=4.0",2021-01-04T13:45:07Z,\N,2021-01-04T13:45:07Z,\N,1,assert
acme:affected_product:cve-2024-38763-acme-product-model-v0025~dc69a88ef52c,affected_product,CVE-2024-38763,acme:product_model:v0025-ser-00001-service~2eed8e875790,">=4.0,<=6.0",2021-01-04T13:02:47Z,\N,2021-01-04T13:02:47Z,\N,1,assert
acme:affected_product:cve-2024-59370-acme-product-model-v0031~1c1423cad765,affected_product,CVE-2024-59370,acme:product_model:v0031-sof-00099-software~820f7e6eef33,">=4.0,<=7.0",2021-01-04T00:16:21Z,\N,2021-01-04T00:16:21Z,\N,1,assert
acme:affected_product:cve-2023-3496-acme-product-model-v0024~5c2836c63c55,affected_product,CVE-2023-3496,acme:product_model:v0024-sof-00200-software~a33bc615a03c,">=4.0,<=7.0",2021-01-04T04:46:44Z,\N,2021-01-04T04:46:44Z,\N,1,assert
acme:affected_product:cve-2021-16850-acme-product-model-v0044~e3ee46831a2c,affected_product,CVE-2021-16850,acme:product_model:v0044-sof-00178-software~8a6557a3489e,">=2.0,<=5.0",2021-01-04T05:15:06Z,\N,2021-01-04T05:15:06Z,\N,1,assert
acme:affected_product:cve-2020-5329-acme-product-model-v0001~b828c0a1de4f,affected_product,CVE-2020-5329,acme:product_model:v0001-sof-00010-software~1d8c5e5dfaf0,">=2.0,<=3.0",2021-01-04T06:36:58Z,\N,2021-01-04T06:36:58Z,\N,1,assert
acme:affected_product:cve-2023-55617-acme-product-model-v0024~19480ca913dd,affected_product,CVE-2023-55617,acme:product_model:v0024-har-00212-hardware~372b1d2a6785,">=2.0,<=5.0",2021-01-04T09:15:00Z,\N,2021-01-04T09:15:00Z,\N,1,assert
acme:affected_product:cve-2021-72513-acme-product-model-v0032~efdcaa68482a,affected_product,CVE-2021-72513,acme:product_model:v0032-sof-00118-software~348e714a91e4,">=1.0,<=4.0",2021-01-04T19:42:35Z,\N,2021-01-04T19:42:35Z,\N,1,assert
acme:affected_product:cve-2022-27974-acme-product-model-v0002~1ff22d994dbf,affected_product,CVE-2022-27974,acme:product_model:v0002-sof-00059-software~e10e945bebac,">=4.0,<=5.0",2021-01-04T03:31:33Z,\N,2021-01-04T03:31:33Z,\N,1,assert
acme:affected_product:cve-2025-95856-acme-product-model-v0000~eb35f2c6117f,affected_product,CVE-2025-95856,acme:product_model:v0000-con-00204-consumable~ade3497d0778,">=2.0,<=4.0",2021-01-04T16:56:43Z,\N,2021-01-04T16:56:43Z,\N,1,assert
acme:affected_product:cve-2021-45641-acme-product-model-v0048~a193df53a4da,affected_product,CVE-2021-45641,acme:product_model:v0048-sof-00089-software~9edb679f4148,">=1.0,<=3.0",2021-01-04T13:36:18Z,\N,2021-01-04T13:36:18Z,\N,1,assert
acme:affected_product:cve-2021-20974-acme-product-model-v0034~c8a3b0ed1546,affected_product,CVE-2021-20974,acme:product_model:v0034-sof-00219-software~aefca92d1ae7,">=1.0,<=4.0",2021-01-04T06:35:10Z,\N,2021-01-04T06:35:10Z,\N,1,assert
acme:affected_product:cve-2023-56582-acme-product-model-v0011~d967a7793a2e,affected_product,CVE-2023-56582,acme:product_model:v0011-sof-00116-software~86ba659891c7,">=1.0,<=4.0",2021-01-04T13:00:49Z,\N,2021-01-04T13:00:49Z,\N,1,assert
acme:affected_product:cve-2023-60798-acme-product-model-v0033~ebfd5a8e0f70,affected_product,CVE-2023-60798,acme:product_model:v0033-ser-00159-service~fa4e022b1c5d,">=1.0,<=2.0",2021-01-04T06:36:04Z,\N,2021-01-04T06:36:04Z,\N,1,assert
acme:affected_product:cve-2024-60393-acme-product-model-v0036~4e1f718c6b63,affected_product,CVE-2024-60393,acme:product_model:v0036-sof-00169-software~6c3a3494b2c4,">=2.0,<=3.0",2021-01-04T02:30:59Z,\N,2021-01-04T02:30:59Z,\N,1,assert
acme:affected_product:cve-2021-20128-acme-product-model-v0001~83e3b9603c17,affected_product,CVE-2021-20128,acme:product_model:v0001-sof-00010-software~1d8c5e5dfaf0,">=4.0,<=7.0",2021-01-04T00:07:25Z,\N,2021-01-04T00:07:25Z,\N,1,assert
acme:affected_product:cve-2025-62996-acme-product-model-v0044~5831370c9d0f,affected_product,CVE-2025-62996,acme:product_model:v0044-ser-00156-service~dd8978add055,">=1.0,<=3.0",2021-01-04T17:41:56Z,\N,2021-01-04T17:41:56Z,\N,1,assert
acme:affected_product:cve-2020-17284-acme-product-model-v0000~8b1a53883e4b,affected_product,CVE-2020-17284,acme:product_model:v0000-har-00117-hardware~95fb0602a2d4,">=2.0,<=4.0",2021-01-04T02:00:49Z,\N,2021-01-04T02:00:49Z,\N,1,assert
acme:affected_product:cve-2021-81741-acme-product-model-v0013~95b2098a2ce4,affected_product,CVE-2021-81741,acme:product_model:v0013-sof-00049-software~415f86679c2d,">=4.0,<=7.0",2021-01-04T00:27:05Z,\N,2021-01-04T00:27:05Z,\N,1,assert
acme:affected_product:cve-2021-56380-acme-product-model-v0025~5e630c33e015,affected_product,CVE-2021-56380,acme:product_model:v0025-ser-00095-service~3581e95fdd5b,">=1.0,<=4.0",2021-01-04T08:28:25Z,\N,2021-01-04T08:28:25Z,\N,1,assert
acme:affected_product:cve-2023-60291-acme-product-model-v0043~819e49fa4e70,affected_product,CVE-2023-60291,acme:product_model:v0043-har-00196-hardware~112e035e648c,">=1.0,<=3.0",2021-01-04T10:50:14Z,\N,2021-01-04T10:50:14Z,\N,1,assert
acme:affected_product:cve-2022-54137-acme-product-model-v0014~8a2a8dd90281,affected_product,CVE-2022-54137,acme:product_model:v0014-har-00086-hardware~d1eb968ce602,">=2.0,<=3.0",2021-01-04T23:14:30Z,\N,2021-01-04T23:14:30Z,\N,1,assert
acme:affected_product:cve-2023-47824-acme-product-model-v0045~3a4f5d2ba9a0,affected_product,CVE-2023-47824,acme:product_model:v0045-ser-00185-service~d45bbd49dc8b,">=2.0,<=5.0",2021-01-04T03:25:54Z,\N,2021-01-04T03:25:54Z,\N,1,assert
acme:affected_product:cve-2023-37059-acme-product-model-v0045~4d229384e365,affected_product,CVE-2023-37059,acme:product_model:v0045-ser-00185-service~d45bbd49dc8b,">=1.0,<=4.0",2021-01-04T02:48:54Z,\N,2021-01-04T02:48:54Z,\N,1,assert
acme:affected_product:cve-2022-22023-acme-product-model-v0017~281a13a40051,affected_product,CVE-2022-22023,acme:product_model:v0017-ser-00137-service~a3ce68e8b7dc,">=1.0,<=3.0",2021-01-04T09:16:31Z,\N,2021-01-04T09:16:31Z,\N,1,assert
acme:affected_product:cve-2023-39289-acme-product-model-v0028~f9edb74e882d,affected_product,CVE-2023-39289,acme:product_model:v0028-har-00157-hardware~086fcfabf06e,">=2.0,<=5.0",2021-01-04T10:20:58Z,\N,2021-01-04T10:20:58Z,\N,1,assert
acme:affected_product:cve-2025-2793-acme-product-model-v0025~37b20d3b1e70,affected_product,CVE-2025-2793,acme:product_model:v0025-sof-00028-software~bfb5859c4926,">=2.0,<=3.0",2021-01-04T16:59:01Z,\N,2021-01-04T16:59:01Z,\N,1,assert
acme:affected_product:cve-2023-93235-acme-product-model-v0028~d03b7e6c4497,affected_product,CVE-2023-93235,acme:product_model:v0028-sof-00179-software~d5af48d8d759,">=4.0,<=7.0",2021-01-04T02:20:36Z,\N,2021-01-04T02:20:36Z,\N,1,assert
acme:affected_product:cve-2022-85708-acme-product-model-v0000~b8e77079cd97,affected_product,CVE-2022-85708,acme:product_model:v0000-ser-00000-service~29bc941cf5db,">=4.0,<=6.0",2021-01-04T05:16:11Z,\N,2021-01-04T05:16:11Z,\N,1,assert
acme:affected_product:cve-2023-28931-acme-product-model-v0001~705286a7508d,affected_product,CVE-2023-28931,acme:product_model:v0001-ser-00209-service~a84bd3a48de9,">=1.0,<=4.0",2021-01-04T03:11:24Z,\N,2021-01-04T03:11:24Z,\N,1,assert
acme:affected_product:cve-2021-82511-acme-product-model-v0031~0c37f360a95e,affected_product,CVE-2021-82511,acme:product_model:v0031-sof-00014-software~69a3722aa151,">=4.0,<=5.0",2021-01-04T00:08:24Z,\N,2021-01-04T00:08:24Z,\N,1,assert
acme:affected_product:cve-2024-7125-acme-product-model-v0013~ecb575a92a83,affected_product,CVE-2024-7125,acme:product_model:v0013-sof-00056-software~7c73a26f1dcd,">=4.0,<=5.0",2021-01-04T02:39:28Z,\N,2021-01-04T02:39:28Z,\N,1,assert
acme:affected_product:cve-2023-58973-acme-product-model-v0045~91ccc0b65abd,affected_product,CVE-2023-58973,acme:product_model:v0045-sof-00155-software~a3280ef344a9,">=4.0,<=7.0",2021-01-05T05:11:03Z,\N,2021-01-05T05:11:03Z,\N,1,assert
acme:affected_product:cve-2024-67000-acme-product-model-v0044~2060e4dd5067,affected_product,CVE-2024-67000,acme:product_model:v0044-sof-00069-software~30e92774cd6f,">=4.0,<=7.0",2021-01-05T08:14:52Z,\N,2021-01-05T08:14:52Z,\N,1,assert
acme:affected_product:cve-2025-60669-acme-product-model-v0046~66ac4d4d598b,affected_product,CVE-2025-60669,acme:product_model:v0046-har-00121-hardware~26b3cfd937dc,">=1.0,<=4.0",2021-01-05T05:11:03Z,\N,2021-01-05T05:11:03Z,\N,1,assert
acme:affected_product:cve-2024-28084-acme-product-model-v0048~7347758e6a70,affected_product,CVE-2024-28084,acme:product_model:v0048-har-00104-hardware~77d5631870df,">=2.0,<=5.0",2021-01-05T13:45:43Z,\N,2021-01-05T13:45:43Z,\N,1,assert
acme:affected_product:cve-2023-32140-acme-product-model-v0034~8192883247b0,affected_product,CVE-2023-32140,acme:product_model:v0034-sof-00160-software~42d0c95c5fc1,">=2.0,<=5.0",2021-01-05T15:03:26Z,\N,2021-01-05T15:03:26Z,\N,1,assert
acme:affected_product:cve-2022-49153-acme-product-model-v0034~3d5bdc10e8e6,affected_product,CVE-2022-49153,acme:product_model:v0034-sof-00136-software~47a6a1b406af,">=1.0,<=3.0",2021-01-05T11:21:14Z,\N,2021-01-05T11:21:14Z,\N,1,assert
acme:affected_product:cve-2025-72883-acme-product-model-v0000~d4438add146a,affected_product,CVE-2025-72883,acme:product_model:v0000-sof-00071-software~7773a5ff10d1,">=2.0,<=4.0",2021-01-05T00:43:17Z,\N,2021-01-05T00:43:17Z,\N,1,assert
acme:affected_product:cve-2025-39552-acme-product-model-v0028~373558cc6667,affected_product,CVE-2025-39552,acme:product_model:v0028-ser-00012-service~4f4145335f09,">=4.0,<=5.0",2021-01-05T02:30:46Z,\N,2021-01-05T02:30:46Z,\N,1,assert
acme:affected_product:cve-2024-88613-acme-product-model-v0034~117f0aabcd0a,affected_product,CVE-2024-88613,acme:product_model:v0034-har-00051-hardware~096017fe85a4,">=1.0,<=3.0",2021-01-05T13:35:40Z,\N,2021-01-05T13:35:40Z,\N,1,assert
acme:affected_product:cve-2022-54834-acme-product-model-v0024~8e2090b1a80f,affected_product,CVE-2022-54834,acme:product_model:v0024-sof-00005-software~35a45f8dc5fe,">=1.0,<=2.0",2021-01-05T12:35:25Z,\N,2021-01-05T12:35:25Z,\N,1,assert
acme:affected_product:cve-2023-20034-acme-product-model-v0025~fc72e3af2e1a,affected_product,CVE-2023-20034,acme:product_model:v0025-har-00050-hardware~8070203c3969,">=1.0,<=3.0",2021-01-05T23:14:20Z,\N,2021-01-05T23:14:20Z,\N,1,assert
acme:affected_product:cve-2023-37817-acme-product-model-v0048~c492062c2b9c,affected_product,CVE-2023-37817,acme:product_model:v0048-ser-00182-service~f7d331cbeb83,">=4.0,<=5.0",2021-01-05T20:33:35Z,\N,2021-01-05T20:33:35Z,\N,1,assert
acme:affected_product:cve-2024-69195-acme-product-model-v0011~751cd694d136,affected_product,CVE-2024-69195,acme:product_model:v0011-har-00003-hardware~ab0a7ff681b2,">=2.0,<=3.0",2021-01-05T17:15:40Z,\N,2021-01-05T17:15:40Z,\N,1,assert
acme:affected_product:cve-2021-94174-acme-product-model-v0025~65c3a8c1e7bf,affected_product,CVE-2021-94174,acme:product_model:v0025-sof-00184-software~c2d7212aae29,">=4.0,<=5.0",2021-01-05T09:43:06Z,\N,2021-01-05T09:43:06Z,\N,1,assert
acme:affected_product:cve-2022-66075-acme-product-model-v0034~2545d7b37781,affected_product,CVE-2022-66075,acme:product_model:v0034-ser-00067-service~6369f588422d,">=1.0,<=3.0",2021-01-05T15:16:53Z,\N,2021-01-05T15:16:53Z,\N,1,assert
acme:affected_product:cve-2022-12481-acme-product-model-v0017~b5f64665c463,affected_product,CVE-2022-12481,acme:product_model:v0017-ser-00139-service~3f2bcfae50be,">=1.0,<=3.0",2021-01-05T15:35:58Z,\N,2021-01-05T15:35:58Z,\N,1,assert
acme:affected_product:cve-2021-68591-acme-product-model-v0011~cbd3047d3a95,affected_product,CVE-2021-68591,acme:product_model:v0011-sof-00039-software~885f515398ec,">=1.0,<=3.0",2021-01-05T14:17:04Z,\N,2021-01-05T14:17:04Z,\N,1,assert
acme:affected_product:cve-2024-21172-acme-product-model-v0034~f0f5e3754717,affected_product,CVE-2024-21172,acme:product_model:v0034-har-00051-hardware~096017fe85a4,">=2.0,<=3.0",2021-01-05T14:14:17Z,\N,2021-01-05T14:14:17Z,\N,1,assert
acme:affected_product:cve-2025-41493-acme-product-model-v0034~7bd95f49c8cf,affected_product,CVE-2025-41493,acme:product_model:v0034-ser-00037-service~34c0995ff895,">=1.0,<=4.0",2021-01-05T07:06:20Z,\N,2021-01-05T07:06:20Z,\N,1,assert
acme:affected_product:cve-2025-46248-acme-product-model-v0000~68b0e101e659,affected_product,CVE-2025-46248,acme:product_model:v0000-sof-00114-software~2b55fcfc0c35,">=1.0,<=2.0",2021-01-05T13:49:32Z,\N,2021-01-05T13:49:32Z,\N,1,assert
acme:affected_product:cve-2021-19036-acme-product-model-v0044~2acfdbd900c9,affected_product,CVE-2021-19036,acme:product_model:v0044-sof-00052-software~6991e915c268,">=1.0,<=4.0",2021-01-05T14:27:31Z,\N,2021-01-05T14:27:31Z,\N,1,assert
acme:affected_product:cve-2022-64439-acme-product-model-v0013~90329493f2cd,affected_product,CVE-2022-64439,acme:product_model:v0013-sof-00096-software~2df797c0418e,">=2.0,<=3.0",2021-01-05T00:38:49Z,\N,2021-01-05T00:38:49Z,\N,1,assert
acme:affected_product:cve-2024-75128-acme-product-model-v0025~fa64ad6af0cf,affected_product,CVE-2024-75128,acme:product_model:v0025-ser-00095-service~3581e95fdd5b,">=1.0,<=3.0",2021-01-05T05:40:02Z,\N,2021-01-05T05:40:02Z,\N,1,assert
acme:affected_product:cve-2022-84214-acme-product-model-v0047~b90deceb0634,affected_product,CVE-2022-84214,acme:product_model:v0047-har-00093-hardware~c263755c6ca9,">=1.0,<=4.0",2021-01-05T05:59:13Z,\N,2021-01-05T05:59:13Z,\N,1,assert
acme:affected_product:cve-2022-63750-acme-product-model-v0041~d69d56ece1e9,affected_product,CVE-2022-63750,acme:product_model:v0041-sof-00172-software~e63ce8dc092b,">=4.0,<=5.0",2021-01-05T19:13:50Z,\N,2021-01-05T19:13:50Z,\N,1,assert
acme:affected_product:cve-2020-25713-acme-product-model-v0032~3d85e9a17b4b,affected_product,CVE-2020-25713,acme:product_model:v0032-har-00154-hardware~53fde5a895b5,">=1.0,<=2.0",2021-01-05T23:01:40Z,\N,2021-01-05T23:01:40Z,\N,1,assert
acme:affected_product:cve-2025-30302-acme-product-model-v0046~9ef76be99e70,affected_product,CVE-2025-30302,acme:product_model:v0046-har-00121-hardware~26b3cfd937dc,">=2.0,<=4.0",2021-01-05T15:30:41Z,\N,2021-01-05T15:30:41Z,\N,1,assert
acme:affected_product:cve-2025-95002-acme-product-model-v0040~64589d755b4c,affected_product,CVE-2025-95002,acme:product_model:v0040-har-00192-hardware~75b074753ce7,">=1.0,<=4.0",2021-01-05T02:36:39Z,\N,2021-01-05T02:36:39Z,\N,1,assert
acme:affected_product:cve-2024-66654-acme-product-model-v0038~0dc78c21650e,affected_product,CVE-2024-66654,acme:product_model:v0038-sof-00124-software~136d335a8fbe,">=2.0,<=5.0",2021-01-05T16:10:45Z,\N,2021-01-05T16:10:45Z,\N,1,assert
acme:affected_product:cve-2020-83925-acme-product-model-v0048~4ea334b9abba,affected_product,CVE-2020-83925,acme:product_model:v0048-sof-00089-software~9edb679f4148,">=1.0,<=4.0",2021-01-05T10:34:20Z,\N,2021-01-05T10:34:20Z,\N,1,assert
acme:affected_product:cve-2024-22598-acme-product-model-v0018~c67209231ae1,affected_product,CVE-2024-22598,acme:product_model:v0018-har-00203-hardware~525e89fff3c5,">=1.0,<=3.0",2021-01-05T11:29:47Z,\N,2021-01-05T11:29:47Z,\N,1,assert
acme:affected_product:cve-2024-1875-acme-product-model-v0011~2a82b115214b,affected_product,CVE-2024-1875,acme:product_model:v0011-sof-00039-software~885f515398ec,">=4.0,<=7.0",2021-01-05T00:15:10Z,\N,2021-01-05T00:15:10Z,\N,1,assert
acme:affected_product:cve-2025-88893-acme-product-model-v0025~eb45bc095561,affected_product,CVE-2025-88893,acme:product_model:v0025-ser-00001-service~2eed8e875790,">=1.0,<=2.0",2021-01-05T15:11:03Z,\N,2021-01-05T15:11:03Z,\N,1,assert
acme:affected_product:cve-2025-71957-acme-product-model-v0000~9f128ef036d5,affected_product,CVE-2025-71957,acme:product_model:v0000-ser-00206-service~84e0d9fede26,">=4.0,<=5.0",2021-01-05T23:56:06Z,\N,2021-01-05T23:56:06Z,\N,1,assert
acme:affected_product:cve-2023-49719-acme-product-model-v0031~eb30255dc8d1,affected_product,CVE-2023-49719,acme:product_model:v0031-con-00132-consumable~bf7caf4bed30,">=1.0,<=2.0",2021-01-05T04:21:43Z,\N,2021-01-05T04:21:43Z,\N,1,assert
acme:affected_product:cve-2025-60768-acme-product-model-v0025~14862ac6c3e6,affected_product,CVE-2025-60768,acme:product_model:v0025-sof-00181-software~c261916744f3,">=2.0,<=3.0",2021-01-05T15:49:13Z,\N,2021-01-05T15:49:13Z,\N,1,assert
acme:affected_product:cve-2023-20932-acme-product-model-v0007~1e8e35ae7b16,affected_product,CVE-2023-20932,acme:product_model:v0007-sof-00173-software~fecd106a6fa7,">=2.0,<=4.0",2021-01-05T13:46:23Z,\N,2021-01-05T13:46:23Z,\N,1,assert
acme:affected_product:cve-2025-44747-acme-product-model-v0001~4ab2b2701c73,affected_product,CVE-2025-44747,acme:product_model:v0001-sof-00208-software~5eb7533557e8,">=1.0,<=4.0",2021-01-05T21:57:38Z,\N,2021-01-05T21:57:38Z,\N,1,assert
acme:affected_product:cve-2022-72325-acme-product-model-v0034~895f3c0c93a9,affected_product,CVE-2022-72325,acme:product_model:v0034-sof-00219-software~aefca92d1ae7,">=1.0,<=3.0",2021-01-05T08:38:52Z,\N,2021-01-05T08:38:52Z,\N,1,assert
acme:affected_product:cve-2022-31929-acme-product-model-v0031~e283bbded679,affected_product,CVE-2022-31929,acme:product_model:v0031-con-00132-consumable~bf7caf4bed30,">=1.0,<=4.0",2021-01-05T11:37:54Z,\N,2021-01-05T11:37:54Z,\N,1,assert
acme:affected_product:cve-2020-36352-acme-product-model-v0024~6161fe6054bf,affected_product,CVE-2020-36352,acme:product_model:v0024-har-00031-hardware~f1e62c580e14,">=2.0,<=4.0",2021-01-05T19:14:59Z,\N,2021-01-05T19:14:59Z,\N,1,assert
acme:affected_product:cve-2024-20042-acme-product-model-v0034~4b55d7267b8c,affected_product,CVE-2024-20042,acme:product_model:v0034-ser-00037-service~34c0995ff895,">=1.0,<=3.0",2021-01-05T03:37:23Z,\N,2021-01-05T03:37:23Z,\N,1,assert
acme:affected_product:cve-2021-55253-acme-product-model-v0034~d4b26f0123ec,affected_product,CVE-2021-55253,acme:product_model:v0034-har-00034-hardware~aff92df47b62,">=1.0,<=2.0",2021-01-05T16:24:53Z,\N,2021-01-05T16:24:53Z,\N,1,assert
acme:affected_product:cve-2025-16348-acme-product-model-v0030~ab86bdcbbf66,affected_product,CVE-2025-16348,acme:product_model:v0030-har-00167-hardware~4401456f2e33,">=2.0,<=5.0",2021-01-05T05:14:19Z,\N,2021-01-05T05:14:19Z,\N,1,assert
acme:affected_product:cve-2021-65259-acme-product-model-v0031~43219dc21508,affected_product,CVE-2021-65259,acme:product_model:v0031-har-00082-hardware~05890fd3d7ee,">=4.0,<=5.0",2021-01-05T01:37:08Z,\N,2021-01-05T01:37:08Z,\N,1,assert
acme:affected_product:cve-2024-89115-acme-product-model-v0001~3a3aa0b8a324,affected_product,CVE-2024-89115,acme:product_model:v0001-sof-00177-software~4a373e066a18,">=1.0,<=3.0",2021-01-05T03:35:23Z,\N,2021-01-05T03:35:23Z,\N,1,assert
acme:affected_product:cve-2022-60174-acme-product-model-v0033~f15bd14bd0e2,affected_product,CVE-2022-60174,acme:product_model:v0033-ser-00159-service~fa4e022b1c5d,">=2.0,<=3.0",2021-01-05T10:52:33Z,\N,2021-01-05T10:52:33Z,\N,1,assert
acme:affected_product:cve-2024-26531-acme-product-model-v0028~56e73efb744f,affected_product,CVE-2024-26531,acme:product_model:v0028-sof-00179-software~d5af48d8d759,">=4.0,<=6.0",2021-01-05T02:40:53Z,\N,2021-01-05T02:40:53Z,\N,1,assert
acme:affected_product:cve-2020-26708-acme-product-model-v0030~a9cd0aed4aaa,affected_product,CVE-2020-26708,acme:product_model:v0030-har-00167-hardware~4401456f2e33,">=1.0,<=2.0",2021-01-05T16:53:07Z,\N,2021-01-05T16:53:07Z,\N,1,assert
acme:affected_product:cve-2022-22768-acme-product-model-v0038~f35d2482175b,affected_product,CVE-2022-22768,acme:product_model:v0038-har-00032-hardware~96b45a11e3e3,">=4.0,<=7.0",2021-01-05T19:36:13Z,\N,2021-01-05T19:36:13Z,\N,1,assert
acme:affected_product:cve-2022-42355-acme-product-model-v0025~4d0f2f30e06d,affected_product,CVE-2022-42355,acme:product_model:v0025-har-00151-hardware~3463505999b0,">=1.0,<=4.0",2021-01-05T09:32:20Z,\N,2021-01-05T09:32:20Z,\N,1,assert
acme:affected_product:cve-2022-36686-acme-product-model-v0015~ce94f7076c5d,affected_product,CVE-2022-36686,acme:product_model:v0015-sof-00188-software~22a77abd1574,">=2.0,<=4.0",2021-01-05T08:06:49Z,\N,2021-01-05T08:06:49Z,\N,1,assert
acme:affected_product:cve-2023-10229-acme-product-model-v0038~03d54d76484e,affected_product,CVE-2023-10229,acme:product_model:v0038-sof-00035-software~8cacb3768690,">=2.0,<=5.0",2021-01-05T04:39:19Z,\N,2021-01-05T04:39:19Z,\N,1,assert
acme:affected_product:cve-2020-68198-acme-product-model-v0034~2941a3792836,affected_product,CVE-2020-68198,acme:product_model:v0034-sof-00136-software~47a6a1b406af,">=1.0,<=2.0",2021-01-05T21:57:03Z,\N,2021-01-05T21:57:03Z,\N,1,assert
acme:affected_product:cve-2023-82417-acme-product-model-v0044~cd3e303251e3,affected_product,CVE-2023-82417,acme:product_model:v0044-sof-00129-software~c79ef0bbb311,">=1.0,<=4.0",2021-01-05T15:50:04Z,\N,2021-01-05T15:50:04Z,\N,1,assert
acme:affected_product:cve-2020-17415-acme-product-model-v0044~25e1e8844d65,affected_product,CVE-2020-17415,acme:product_model:v0044-ser-00156-service~dd8978add055,">=1.0,<=4.0",2021-01-05T07:30:54Z,\N,2021-01-05T07:30:54Z,\N,1,assert
acme:affected_product:cve-2021-22380-acme-product-model-v0038~66c10384a108,affected_product,CVE-2021-22380,acme:product_model:v0038-har-00091-hardware~e8b5956900f9,">=4.0,<=6.0",2021-01-05T22:10:04Z,\N,2021-01-05T22:10:04Z,\N,1,assert
acme:affected_product:cve-2022-41813-acme-product-model-v0036~f54f3b2a79fa,affected_product,CVE-2022-41813,acme:product_model:v0036-sof-00169-software~6c3a3494b2c4,">=1.0,<=4.0",2021-01-05T20:32:12Z,\N,2021-01-05T20:32:12Z,\N,1,assert
acme:affected_product:cve-2025-21480-acme-product-model-v0044~077c0d56b401,affected_product,CVE-2025-21480,acme:product_model:v0044-sof-00129-software~c79ef0bbb311,">=2.0,<=5.0",2021-01-05T23:08:36Z,\N,2021-01-05T23:08:36Z,\N,1,assert
acme:affected_product:cve-2024-47210-acme-product-model-v0043~d1472b157a97,affected_product,CVE-2024-47210,acme:product_model:v0043-ser-00146-service~d25b8a7606ab,">=2.0,<=3.0",2021-01-05T21:01:25Z,\N,2021-01-05T21:01:25Z,\N,1,assert
acme:affected_product:cve-2023-30634-acme-product-model-v0031~29344e43736c,affected_product,CVE-2023-30634,acme:product_model:v0031-sof-00021-software~7444ab93a277,">=2.0,<=4.0",2021-01-05T22:12:46Z,\N,2021-01-05T22:12:46Z,\N,1,assert
acme:affected_product:cve-2021-13166-acme-product-model-v0030~5e8d3e294138,affected_product,CVE-2021-13166,acme:product_model:v0030-sof-00060-software~00d082d6cc81,">=2.0,<=5.0",2021-01-05T14:22:39Z,\N,2021-01-05T14:22:39Z,\N,1,assert
acme:affected_product:cve-2021-5249-acme-product-model-v0028~59e36a80e649,affected_product,CVE-2021-5249,acme:product_model:v0028-sof-00022-software~3c001cab9e4f,">=1.0,<=2.0",2021-01-05T08:47:51Z,\N,2021-01-05T08:47:51Z,\N,1,assert
acme:affected_product:cve-2020-1079-acme-product-model-v0014~9b696987df81,affected_product,CVE-2020-1079,acme:product_model:v0014-har-00054-hardware~5531b0743bf4,">=2.0,<=3.0",2021-01-05T15:58:38Z,\N,2021-01-05T15:58:38Z,\N,1,assert
acme:affected_product:cve-2022-1443-acme-product-model-v0013~381d25c6a381,affected_product,CVE-2022-1443,acme:product_model:v0013-sof-00049-software~415f86679c2d,">=2.0,<=3.0",2021-01-05T07:22:56Z,\N,2021-01-05T07:22:56Z,\N,1,assert
acme:affected_product:cve-2023-27857-acme-product-model-v0024~ae5870b4518d,affected_product,CVE-2023-27857,acme:product_model:v0024-ser-00193-service~25697d65b0be,">=1.0,<=4.0",2021-01-05T08:48:38Z,\N,2021-01-05T08:48:38Z,\N,1,assert
acme:affected_product:cve-2020-12132-acme-product-model-v0017~6c9b6c1eb65d,affected_product,CVE-2020-12132,acme:product_model:v0017-sof-00046-software~fec9987664cf,">=1.0,<=4.0",2021-01-06T20:14:48Z,\N,2021-01-06T20:14:48Z,\N,1,assert
acme:affected_product:cve-2023-26816-acme-product-model-v0038~bef4063a1bb2,affected_product,CVE-2023-26816,acme:product_model:v0038-sof-00124-software~136d335a8fbe,">=1.0,<=2.0",2021-01-06T22:52:57Z,\N,2021-01-06T22:52:57Z,\N,1,assert
acme:affected_product:cve-2021-49832-acme-product-model-v0025~cfee76500bad,affected_product,CVE-2021-49832,acme:product_model:v0025-ser-00095-service~3581e95fdd5b,">=2.0,<=4.0",2021-01-06T04:57:47Z,\N,2021-01-06T04:57:47Z,\N,1,assert
acme:affected_product:cve-2023-41426-acme-product-model-v0032~3c88e28ff82d,affected_product,CVE-2023-41426,acme:product_model:v0032-sof-00168-software~d88794a9f100,">=1.0,<=3.0",2021-01-06T13:07:36Z,\N,2021-01-06T13:07:36Z,\N,1,assert
acme:affected_product:cve-2025-58299-acme-product-model-v0044~0cac4af02cb2,affected_product,CVE-2025-58299,acme:product_model:v0044-sof-00145-software~25cece5fec63,">=2.0,<=5.0",2021-01-06T22:48:00Z,\N,2021-01-06T22:48:00Z,\N,1,assert
acme:affected_product:cve-2022-95713-acme-product-model-v0044~62fea002156c,affected_product,CVE-2022-95713,acme:product_model:v0044-sof-00129-software~c79ef0bbb311,">=1.0,<=4.0",2021-01-06T14:35:22Z,\N,2021-01-06T14:35:22Z,\N,1,assert
acme:affected_product:cve-2021-20475-acme-product-model-v0043~fb0638bbea1c,affected_product,CVE-2021-20475,acme:product_model:v0043-sof-00119-software~463d91a6f124,">=2.0,<=5.0",2021-01-06T07:27:39Z,\N,2021-01-06T07:27:39Z,\N,1,assert
acme:affected_product:cve-2021-4984-acme-product-model-v0007~7b48273d7a8a,affected_product,CVE-2021-4984,acme:product_model:v0007-har-00150-hardware~124b8eba6994,">=1.0,<=3.0",2021-01-06T14:05:25Z,\N,2021-01-06T14:05:25Z,\N,1,assert
acme:affected_product:cve-2025-40139-acme-product-model-v0007~de9b35322ab7,affected_product,CVE-2025-40139,acme:product_model:v0007-sof-00173-software~fecd106a6fa7,">=4.0,<=5.0",2021-01-06T03:33:17Z,\N,2021-01-06T03:33:17Z,\N,1,assert
acme:affected_product:cve-2025-95493-acme-product-model-v0004~48dfb829f69c,affected_product,CVE-2025-95493,acme:product_model:v0004-sof-00078-software~4c214702c427,">=1.0,<=2.0",2021-01-06T19:12:12Z,\N,2021-01-06T19:12:12Z,\N,1,assert
acme:affected_product:cve-2025-93093-acme-product-model-v0024~1e69de8ef95c,affected_product,CVE-2025-93093,acme:product_model:v0024-har-00041-hardware~004674c51e1c,">=1.0,<=4.0",2021-01-06T22:53:21Z,\N,2021-01-06T22:53:21Z,\N,1,assert
acme:affected_product:cve-2024-78828-acme-product-model-v0030~d7419af6091d,affected_product,CVE-2024-78828,acme:product_model:v0030-sof-00060-software~00d082d6cc81,">=1.0,<=3.0",2021-01-06T11:14:45Z,\N,2021-01-06T11:14:45Z,\N,1,assert
acme:affected_product:cve-2020-37329-acme-product-model-v0018~9f284ba0dd40,affected_product,CVE-2020-37329,acme:product_model:v0018-har-00203-hardware~525e89fff3c5,">=4.0,<=7.0",2021-01-06T02:29:00Z,\N,2021-01-06T02:29:00Z,\N,1,assert
acme:affected_product:cve-2020-69464-acme-product-model-v0025~6c3976b6c038,affected_product,CVE-2020-69464,acme:product_model:v0025-sof-00176-software~648715e2703d,">=2.0,<=4.0",2021-01-06T15:33:07Z,\N,2021-01-06T15:33:07Z,\N,1,assert
acme:affected_product:cve-2025-39078-acme-product-model-v0045~17688ba1cb80,affected_product,CVE-2025-39078,acme:product_model:v0045-har-00165-hardware~13587a2971e8,">=2.0,<=3.0",2021-01-06T10:24:41Z,\N,2021-01-06T10:24:41Z,\N,1,assert
acme:affected_product:cve-2023-88981-acme-product-model-v0000~32f93a87c656,affected_product,CVE-2023-88981,acme:product_model:v0000-sof-00114-software~2b55fcfc0c35,">=1.0,<=3.0",2021-01-06T05:51:27Z,\N,2021-01-06T05:51:27Z,\N,1,assert
acme:affected_product:cve-2021-36547-acme-product-model-v0025~09e06bbe1cfe,affected_product,CVE-2021-36547,acme:product_model:v0025-har-00050-hardware~8070203c3969,">=2.0,<=5.0",2021-01-06T03:07:30Z,\N,2021-01-06T03:07:30Z,\N,1,assert
acme:affected_product:cve-2021-80102-acme-product-model-v0046~32649c2d8734,affected_product,CVE-2021-80102,acme:product_model:v0046-sof-00083-software~3b90c8469f89,">=4.0,<=6.0",2021-01-06T23:01:23Z,\N,2021-01-06T23:01:23Z,\N,1,assert
acme:affected_product:cve-2021-69617-acme-product-model-v0031~40720d6523cb,affected_product,CVE-2021-69617,acme:product_model:v0031-sof-00099-software~820f7e6eef33,">=1.0,<=2.0",2021-01-06T23:40:38Z,\N,2021-01-06T23:40:38Z,\N,1,assert
acme:affected_product:cve-2022-26560-acme-product-model-v0030~a340a01ee31e,affected_product,CVE-2022-26560,acme:product_model:v0030-sof-00148-software~2e69bc29794f,">=4.0,<=5.0",2021-01-06T01:43:00Z,\N,2021-01-06T01:43:00Z,\N,1,assert
acme:affected_product:cve-2020-82181-acme-product-model-v0032~6663ed0ccf93,affected_product,CVE-2020-82181,acme:product_model:v0032-har-00106-hardware~bb5187261394,">=2.0,<=3.0",2021-01-06T06:23:48Z,\N,2021-01-06T06:23:48Z,\N,1,assert
acme:affected_product:cve-2021-42232-acme-product-model-v0009~1a1fb8e46d7d,affected_product,CVE-2021-42232,acme:product_model:v0009-sof-00130-software~adcecf3ad25b,">=1.0,<=2.0",2021-01-06T08:30:33Z,\N,2021-01-06T08:30:33Z,\N,1,assert
acme:affected_product:cve-2020-74490-acme-product-model-v0032~7ba8c072b88a,affected_product,CVE-2020-74490,acme:product_model:v0032-sof-00175-software~ae54a90851e2,">=2.0,<=5.0",2021-01-06T23:41:28Z,\N,2021-01-06T23:41:28Z,\N,1,assert
acme:affected_product:cve-2024-59163-acme-product-model-v0047~e97294d43421,affected_product,CVE-2024-59163,acme:product_model:v0047-sof-00215-software~d07defa9de75,">=1.0,<=3.0",2021-01-06T20:36:23Z,\N,2021-01-06T20:36:23Z,\N,1,assert
acme:affected_product:cve-2025-28024-acme-product-model-v0027~618b9541aaec,affected_product,CVE-2025-28024,acme:product_model:v0027-sof-00207-software~a3e463b3cbe2,">=4.0,<=7.0",2021-01-06T16:41:29Z,\N,2021-01-06T16:41:29Z,\N,1,assert
acme:affected_product:cve-2022-20564-acme-product-model-v0034~0932250730fe,affected_product,CVE-2022-20564,acme:product_model:v0034-sof-00219-software~aefca92d1ae7,">=1.0,<=3.0",2021-01-06T14:24:02Z,\N,2021-01-06T14:24:02Z,\N,1,assert
acme:affected_product:cve-2023-77235-acme-product-model-v0001~f20750e55c71,affected_product,CVE-2023-77235,acme:product_model:v0001-sof-00208-software~5eb7533557e8,">=4.0,<=7.0",2021-01-06T03:37:21Z,\N,2021-01-06T03:37:21Z,\N,1,assert
acme:affected_product:cve-2024-54514-acme-product-model-v0000~9573cf66d784,affected_product,CVE-2024-54514,acme:product_model:v0000-sof-00074-software~7f88c3648756,">=2.0,<=3.0",2021-01-06T18:30:21Z,\N,2021-01-06T18:30:21Z,\N,1,assert
acme:affected_product:cve-2025-43125-acme-product-model-v0040~d918e8409e48,affected_product,CVE-2025-43125,acme:product_model:v0040-har-00192-hardware~75b074753ce7,">=2.0,<=4.0",2021-01-06T14:23:32Z,\N,2021-01-06T14:23:32Z,\N,1,assert
acme:affected_product:cve-2021-21561-acme-product-model-v0048~f86762074a8d,affected_product,CVE-2021-21561,acme:product_model:v0048-sof-00089-software~9edb679f4148,">=1.0,<=3.0",2021-01-06T04:33:17Z,\N,2021-01-06T04:33:17Z,\N,1,assert
acme:affected_product:cve-2020-21692-acme-product-model-v0044~0d204957195e,affected_product,CVE-2020-21692,acme:product_model:v0044-har-00061-hardware~e5d938a4a93c,">=4.0,<=5.0",2021-01-06T23:52:54Z,\N,2021-01-06T23:52:54Z,\N,1,assert
acme:affected_product:cve-2021-76974-acme-product-model-v0025~d0b88febb776,affected_product,CVE-2021-76974,acme:product_model:v0025-ser-00095-service~3581e95fdd5b,">=2.0,<=3.0",2021-01-06T19:44:33Z,\N,2021-01-06T19:44:33Z,\N,1,assert
acme:affected_product:cve-2025-80060-acme-product-model-v0037~3c888d72f858,affected_product,CVE-2025-80060,acme:product_model:v0037-sof-00044-software~4c9be175524b,">=2.0,<=4.0",2021-01-06T23:41:43Z,\N,2021-01-06T23:41:43Z,\N,1,assert
acme:affected_product:cve-2020-58904-acme-product-model-v0032~fddfeceba3fc,affected_product,CVE-2020-58904,acme:product_model:v0032-har-00154-hardware~53fde5a895b5,">=1.0,<=2.0",2021-01-06T00:53:27Z,\N,2021-01-06T00:53:27Z,\N,1,assert
acme:affected_product:cve-2021-49202-acme-product-model-v0025~cc77d761eb6c,affected_product,CVE-2021-49202,acme:product_model:v0025-ser-00087-service~3f367620603a,">=1.0,<=2.0",2021-01-06T15:55:12Z,\N,2021-01-06T15:55:12Z,\N,1,assert
acme:affected_product:cve-2024-74257-acme-product-model-v0025~bb425d29a4ca,affected_product,CVE-2024-74257,acme:product_model:v0025-har-00151-hardware~3463505999b0,">=2.0,<=4.0",2021-01-06T15:17:04Z,\N,2021-01-06T15:17:04Z,\N,1,assert
acme:affected_product:cve-2024-43632-acme-product-model-v0034~975a215eb782,affected_product,CVE-2024-43632,acme:product_model:v0034-ser-00037-service~34c0995ff895,">=1.0,<=3.0",2021-01-06T00:54:46Z,\N,2021-01-06T00:54:46Z,\N,1,assert
acme:affected_product:cve-2024-46221-acme-product-model-v0000~a5e8b0aa82e6,affected_product,CVE-2024-46221,acme:product_model:v0000-con-00204-consumable~ade3497d0778,">=1.0,<=4.0",2021-01-06T06:32:35Z,\N,2021-01-06T06:32:35Z,\N,1,assert
acme:affected_product:cve-2023-3824-acme-product-model-v0011~f4930070ef08,affected_product,CVE-2023-3824,acme:product_model:v0011-har-00006-hardware~2fa89d488ae1,">=4.0,<=6.0",2021-01-06T12:44:51Z,\N,2021-01-06T12:44:51Z,\N,1,assert
acme:affected_product:cve-2023-95669-acme-product-model-v0011~2518f6fe5809,affected_product,CVE-2023-95669,acme:product_model:v0011-sof-00040-software~115bea67ab52,">=2.0,<=4.0",2021-01-06T17:06:55Z,\N,2021-01-06T17:06:55Z,\N,1,assert
acme:affected_product:cve-2024-68585-acme-product-model-v0032~b31bf3242550,affected_product,CVE-2024-68585,acme:product_model:v0032-sof-00216-software~ed9530e2f071,">=1.0,<=4.0",2021-01-06T08:32:55Z,\N,2021-01-06T08:32:55Z,\N,1,assert
acme:affected_product:cve-2021-39969-acme-product-model-v0041~8a8aac691267,affected_product,CVE-2021-39969,acme:product_model:v0041-ser-00017-service~47f7953a321d,">=4.0,<=5.0",2021-01-06T14:25:44Z,\N,2021-01-06T14:25:44Z,\N,1,assert
acme:affected_product:cve-2022-97782-acme-product-model-v0028~4ae12011bac2,affected_product,CVE-2022-97782,acme:product_model:v0028-sof-00179-software~d5af48d8d759,">=2.0,<=5.0",2021-01-06T01:40:05Z,\N,2021-01-06T01:40:05Z,\N,1,assert
acme:affected_product:cve-2021-87798-acme-product-model-v0046~6efb1bc1e33c,affected_product,CVE-2021-87798,acme:product_model:v0046-har-00121-hardware~26b3cfd937dc,">=4.0,<=7.0",2021-01-06T11:47:36Z,\N,2021-01-06T11:47:36Z,\N,1,assert
acme:affected_product:cve-2024-94953-acme-product-model-v0024~f757a44f70fb,affected_product,CVE-2024-94953,acme:product_model:v0024-har-00041-hardware~004674c51e1c,">=1.0,<=3.0",2021-01-06T11:42:43Z,\N,2021-01-06T11:42:43Z,\N,1,assert
acme:affected_product:cve-2020-22491-acme-product-model-v0025~b4c21b095724,affected_product,CVE-2020-22491,acme:product_model:v0025-sof-00190-software~d88f598b0f28,">=4.0,<=6.0",2021-01-06T02:58:59Z,\N,2021-01-06T02:58:59Z,\N,1,assert
acme:affected_product:cve-2022-93730-acme-product-model-v0047~7927e376998f,affected_product,CVE-2022-93730,acme:product_model:v0047-ser-00111-service~8feb8a3849c9,">=1.0,<=2.0",2021-01-06T15:36:13Z,\N,2021-01-06T15:36:13Z,\N,1,assert
acme:affected_product:cve-2021-63692-acme-product-model-v0015~a77e53a33de8,affected_product,CVE-2021-63692,acme:product_model:v0015-sof-00152-software~f3fb6cf495c1,">=2.0,<=4.0",2021-01-06T19:13:23Z,\N,2021-01-06T19:13:23Z,\N,1,assert
acme:affected_product:cve-2023-45687-acme-product-model-v0025~9be765a4f8f6,affected_product,CVE-2023-45687,acme:product_model:v0025-sof-00176-software~648715e2703d,">=1.0,<=2.0",2021-01-06T11:20:14Z,\N,2021-01-06T11:20:14Z,\N,1,assert
acme:affected_product:cve-2024-68934-acme-product-model-v0032~edba91694c9f,affected_product,CVE-2024-68934,acme:product_model:v0032-har-00154-hardware~53fde5a895b5,">=2.0,<=3.0",2021-01-06T13:41:41Z,\N,2021-01-06T13:41:41Z,\N,1,assert
acme:affected_product:cve-2022-81446-acme-product-model-v0017~b7dac0cc93c3,affected_product,CVE-2022-81446,acme:product_model:v0017-sof-00199-software~5712c9185b4c,">=2.0,<=4.0",2021-01-06T03:33:34Z,\N,2021-01-06T03:33:34Z,\N,1,assert
acme:affected_product:cve-2020-4805-acme-product-model-v0000~62f693a49d61,affected_product,CVE-2020-4805,acme:product_model:v0000-har-00117-hardware~95fb0602a2d4,">=1.0,<=2.0",2021-01-06T07:50:37Z,\N,2021-01-06T07:50:37Z,\N,1,assert
acme:affected_product:cve-2021-84267-acme-product-model-v0003~026883d66977,affected_product,CVE-2021-84267,acme:product_model:v0003-sof-00134-software~046278dfd07d,">=1.0,<=4.0",2021-01-06T10:33:19Z,\N,2021-01-06T10:33:19Z,\N,1,assert
acme:affected_product:cve-2024-79225-acme-product-model-v0032~603be24a2e17,affected_product,CVE-2024-79225,acme:product_model:v0032-sof-00168-software~d88794a9f100,">=1.0,<=2.0",2021-01-06T22:31:24Z,\N,2021-01-06T22:31:24Z,\N,1,assert
acme:affected_product:cve-2022-82371-acme-product-model-v0014~e2491496126a,affected_product,CVE-2022-82371,acme:product_model:v0014-har-00108-hardware~976ee98ea0c8,">=2.0,<=5.0",2021-01-06T11:18:33Z,\N,2021-01-06T11:18:33Z,\N,1,assert
acme:affected_product:cve-2021-97646-acme-product-model-v0000~3b8923b2a9af,affected_product,CVE-2021-97646,acme:product_model:v0000-sof-00071-software~7773a5ff10d1,">=2.0,<=4.0",2021-01-06T14:24:02Z,\N,2021-01-06T14:24:02Z,\N,1,assert
acme:affected_product:cve-2023-31891-acme-product-model-v0017~df477e6fdf28,affected_product,CVE-2023-31891,acme:product_model:v0017-sof-00120-software~2248054f68c9,">=1.0,<=3.0",2021-01-06T17:42:12Z,\N,2021-01-06T17:42:12Z,\N,1,assert
acme:affected_product:cve-2024-79195-acme-product-model-v0032~da05894543b0,affected_product,CVE-2024-79195,acme:product_model:v0032-sof-00175-software~ae54a90851e2,">=4.0,<=6.0",2021-01-06T08:20:39Z,\N,2021-01-06T08:20:39Z,\N,1,assert
acme:affected_product:cve-2021-54911-acme-product-model-v0046~df77ee73c1ee,affected_product,CVE-2021-54911,acme:product_model:v0046-har-00121-hardware~26b3cfd937dc,">=2.0,<=5.0",2021-01-06T17:46:01Z,\N,2021-01-06T17:46:01Z,\N,1,assert
acme:affected_product:cve-2020-97637-acme-product-model-v0006~c423230aaff9,affected_product,CVE-2020-97637,acme:product_model:v0006-sof-00101-software~e3110aff00ec,">=2.0,<=3.0",2021-01-06T03:29:35Z,\N,2021-01-06T03:29:35Z,\N,1,assert
acme:affected_product:cve-2024-95409-acme-product-model-v0027~233b67b9ba71,affected_product,CVE-2024-95409,acme:product_model:v0027-sof-00207-software~a3e463b3cbe2,">=1.0,<=4.0",2021-01-06T11:05:51Z,\N,2021-01-06T11:05:51Z,\N,1,assert
acme:affected_product:cve-2023-10256-acme-product-model-v0032~1501b235a746,affected_product,CVE-2023-10256,acme:product_model:v0032-har-00154-hardware~53fde5a895b5,">=4.0,<=6.0",2021-01-06T06:05:09Z,\N,2021-01-06T06:05:09Z,\N,1,assert
acme:affected_product:cve-2024-40855-acme-product-model-v0033~fb20b52b6513,affected_product,CVE-2024-40855,acme:product_model:v0033-ser-00159-service~fa4e022b1c5d,">=4.0,<=6.0",2021-01-06T06:12:23Z,\N,2021-01-06T06:12:23Z,\N,1,assert
acme:affected_product:cve-2022-25125-acme-product-model-v0036~600935fdc7c3,affected_product,CVE-2022-25125,acme:product_model:v0036-sof-00133-software~3768a066acec,">=2.0,<=3.0",2021-01-06T14:59:03Z,\N,2021-01-06T14:59:03Z,\N,1,assert
acme:affected_product:cve-2024-38479-acme-product-model-v0001~757dfc6711ec,affected_product,CVE-2024-38479,acme:product_model:v0001-har-00076-hardware~6843fe9d9f3f,">=2.0,<=3.0",2021-01-06T15:46:26Z,\N,2021-01-06T15:46:26Z,\N,1,assert
acme:affected_product:cve-2025-97347-acme-product-model-v0031~753c6693375c,affected_product,CVE-2025-97347,acme:product_model:v0031-sof-00085-software~096bd1b3fba1,">=2.0,<=3.0",2021-01-06T06:48:30Z,\N,2021-01-06T06:48:30Z,\N,1,assert
acme:affected_product:cve-2020-90662-acme-product-model-v0011~70939b828ea3,affected_product,CVE-2020-90662,acme:product_model:v0011-har-00162-hardware~113a927c954d,">=1.0,<=2.0",2021-01-06T11:57:51Z,\N,2021-01-06T11:57:51Z,\N,1,assert
acme:affected_product:cve-2022-97855-acme-product-model-v0018~9897e2c5f480,affected_product,CVE-2022-97855,acme:product_model:v0018-har-00203-hardware~525e89fff3c5,">=4.0,<=5.0",2021-01-06T07:17:18Z,\N,2021-01-06T07:17:18Z,\N,1,assert
acme:affected_product:cve-2021-16292-acme-product-model-v0017~20214c3dd33f,affected_product,CVE-2021-16292,acme:product_model:v0017-sof-00120-software~2248054f68c9,">=2.0,<=4.0",2021-01-06T04:02:16Z,\N,2021-01-06T04:02:16Z,\N,1,assert
acme:affected_product:cve-2022-57623-acme-product-model-v0035~54d59d3cae91,affected_product,CVE-2022-57623,acme:product_model:v0035-har-00205-hardware~313790e35486,">=1.0,<=3.0",2021-01-06T19:03:28Z,\N,2021-01-06T19:03:28Z,\N,1,assert
acme:affected_product:cve-2025-13203-acme-product-model-v0024~58ff8aa35b2a,affected_product,CVE-2025-13203,acme:product_model:v0024-har-00031-hardware~f1e62c580e14,">=4.0,<=6.0",2021-01-06T04:07:01Z,\N,2021-01-06T04:07:01Z,\N,1,assert
acme:affected_product:cve-2025-28874-acme-product-model-v0046~e70c3fe40c9d,affected_product,CVE-2025-28874,acme:product_model:v0046-sof-00068-software~986f68f8da1a,">=4.0,<=7.0",2021-01-06T03:21:14Z,\N,2021-01-06T03:21:14Z,\N,1,assert
