entity_id,entity_type,vendor_code,model_code,model_kind,model_name,latest_version,support_status,valid_from,valid_to,system_from,system_to,revision,operation
acme:product_model:v0000-ser-00000-service~29bc941cf5db,product_model,v0000,ser-00000,service,Kaminski service 0,9.11,supported,2021-01-02T02:35:13Z,\N,2021-01-02T02:35:13Z,\N,1,assert
acme:product_model:v0034-sof-00219-software~aefca92d1ae7,product_model,v0034,sof-00219,software,Silvestri software 219,8.11,supported,2021-01-02T05:22:27Z,2021-09-08T18:27:40Z,2021-01-02T05:22:27Z,\N,1,assert
acme:product_model:v0031-sof-00014-software~69a3722aa151,product_model,v0031,sof-00014,software,Fontaine software 14,22.11,unknown,2021-01-02T13:44:14Z,\N,2021-01-02T13:44:14Z,\N,1,assert
acme:product_model:v0044-con-00020-consumable~700e50990515,product_model,v0044,con-00020,consumable,Quintero consumable 20,8.8,supported,2021-01-02T04:08:13Z,\N,2021-01-02T04:08:13Z,\N,1,assert
acme:product_model:v0028-sof-00022-software~3c001cab9e4f,product_model,v0028,sof-00022,software,Thorsen software 22,7.10,supported,2021-01-02T22:43:24Z,\N,2021-01-02T22:43:24Z,\N,1,assert
acme:product_model:v0048-sof-00025-software~f5fab549f71d,product_model,v0048,sof-00025,software,Vaughan software 25,10.0,supported,2021-01-02T14:11:35Z,\N,2021-01-02T14:11:35Z,\N,1,assert
acme:product_model:v0025-sof-00028-software~bfb5859c4926,product_model,v0025,sof-00028,software,Schneider software 28,20.10,supported,2021-01-02T21:44:14Z,\N,2021-01-02T21:44:14Z,\N,1,assert
acme:product_model:v0024-har-00031-hardware~f1e62c580e14,product_model,v0024,har-00031,hardware,Santos hardware 31,11.9,supported,2021-01-02T13:53:01Z,\N,2021-01-02T13:53:01Z,\N,1,assert
acme:product_model:v0034-ser-00037-service~34c0995ff895,product_model,v0034,ser-00037,service,Schneider service 37,18.11,supported,2021-01-02T09:46:49Z,\N,2021-01-02T09:46:49Z,\N,1,assert
acme:product_model:v0017-sof-00046-software~fec9987664cf,product_model,v0017,sof-00046,software,Haddad software 46,20.4,eol,2021-01-02T16:16:28Z,\N,2021-01-02T16:16:28Z,\N,1,assert
acme:product_model:v0034-har-00051-hardware~096017fe85a4,product_model,v0034,har-00051,hardware,Castellanos hardware 51,12.0,supported,2021-01-02T23:41:54Z,\N,2021-01-02T23:41:54Z,\N,1,assert
acme:product_model:v0044-sof-00052-software~6991e915c268,product_model,v0044,sof-00052,software,Marchetti software 52,2.0,supported,2021-01-02T18:14:36Z,\N,2021-01-02T18:14:36Z,\N,1,assert
acme:product_model:v0044-har-00061-hardware~e5d938a4a93c,product_model,v0044,har-00061,hardware,Weiss hardware 61,6.10,eol,2021-01-02T04:20:12Z,\N,2021-01-02T04:20:12Z,\N,1,assert
acme:product_model:v0034-sof-00064-software~826c8b3ae203,product_model,v0034,sof-00064,software,Nakamura software 64,22.4,supported,2021-01-02T23:37:46Z,\N,2021-01-02T23:37:46Z,\N,1,assert
acme:product_model:v0034-ser-00067-service~6369f588422d,product_model,v0034,ser-00067,service,Ueda service 67,15.2,supported,2021-01-02T13:48:39Z,\N,2021-01-02T13:48:39Z,\N,1,assert
acme:product_model:v0000-sof-00074-software~7f88c3648756,product_model,v0000,sof-00074,software,Ivanova software 74,20.5,unsupported,2021-01-02T18:06:35Z,\N,2021-01-02T18:06:35Z,\N,1,assert
acme:product_model:v0048-ser-00080-service~7d013ea0a2ef,product_model,v0048,ser-00080,service,Eberhardt service 80,21.0,supported,2021-01-02T16:53:38Z,\N,2021-01-02T16:53:38Z,\N,1,assert
acme:product_model:v0031-sof-00081-software~d5093ad2ac78,product_model,v0031,sof-00081,software,Marchetti software 81,10.2,supported,2021-01-02T18:42:56Z,\N,2021-01-02T18:42:56Z,\N,1,assert
acme:product_model:v0034-har-00094-hardware~8b59318136b9,product_model,v0034,har-00094,hardware,Fontaine hardware 94,5.1,supported,2021-01-02T13:08:19Z,\N,2021-01-02T13:08:19Z,\N,1,assert
acme:product_model:v0031-sof-00099-software~820f7e6eef33,product_model,v0031,sof-00099,software,Rasmussen software 99,22.7,unknown,2021-01-02T12:38:41Z,\N,2021-01-02T12:38:41Z,\N,1,assert
acme:product_model:v0031-sof-00102-software~8048cee75928,product_model,v0031,sof-00102,software,Thorsen software 102,9.10,supported,2021-01-02T15:24:07Z,\N,2021-01-02T15:24:07Z,\N,1,assert
acme:product_model:v0048-har-00103-hardware~ff4f23401a16,product_model,v0048,har-00103,hardware,Zhang hardware 103,5.0,supported,2021-01-02T19:58:59Z,\N,2021-01-02T19:58:59Z,\N,1,assert
acme:product_model:v0048-har-00104-hardware~77d5631870df,product_model,v0048,har-00104,hardware,Marchetti hardware 104,17.3,eol,2021-01-02T03:15:52Z,\N,2021-01-02T03:15:52Z,\N,1,assert
acme:product_model:v0000-har-00117-hardware~95fb0602a2d4,product_model,v0000,har-00117,hardware,Castellanos hardware 117,21.1,supported,2021-01-02T01:03:03Z,\N,2021-01-02T01:03:03Z,\N,1,assert
acme:product_model:v0032-sof-00118-software~348e714a91e4,product_model,v0032,sof-00118,software,Haddad software 118,16.4,eol,2021-01-02T17:43:24Z,\N,2021-01-02T17:43:24Z,\N,1,assert
acme:product_model:v0017-sof-00120-software~2248054f68c9,product_model,v0017,sof-00120,software,Kovac software 120,12.11,eol,2021-01-02T05:15:29Z,\N,2021-01-02T05:15:29Z,\N,1,assert
acme:product_model:v0044-sof-00129-software~c79ef0bbb311,product_model,v0044,sof-00129,software,Vaughan software 129,2.2,unknown,2021-01-02T16:28:35Z,\N,2021-01-02T16:28:35Z,\N,1,assert
acme:product_model:v0017-sof-00138-software~540b87669d1f,product_model,v0017,sof-00138,software,Gundersen software 138,18.2,unsupported,2021-01-02T15:26:08Z,\N,2021-01-02T15:26:08Z,\N,1,assert
acme:product_model:v0044-sof-00145-software~25cece5fec63,product_model,v0044,sof-00145,software,Mbatha software 145,3.11,supported,2021-01-02T04:51:23Z,\N,2021-01-02T04:51:23Z,\N,1,assert
acme:product_model:v0025-har-00151-hardware~3463505999b0,product_model,v0025,har-00151,hardware,Nakamura hardware 151,2.4,supported,2021-01-02T01:02:24Z,\N,2021-01-02T01:02:24Z,\N,1,assert
acme:product_model:v0044-sof-00153-software~78b5e7000e38,product_model,v0044,sof-00153,software,Novak software 153,3.8,unsupported,2021-01-02T19:52:02Z,\N,2021-01-02T19:52:02Z,\N,1,assert
acme:product_model:v0032-har-00154-hardware~53fde5a895b5,product_model,v0032,har-00154,hardware,Thorsen hardware 154,1.8,unknown,2021-01-02T13:30:56Z,\N,2021-01-02T13:30:56Z,\N,1,assert
acme:product_model:v0044-ser-00156-service~dd8978add055,product_model,v0044,ser-00156,service,Thorsen service 156,15.4,supported,2021-01-02T02:46:13Z,\N,2021-01-02T02:46:13Z,\N,1,assert
acme:product_model:v0028-har-00157-hardware~086fcfabf06e,product_model,v0028,har-00157,hardware,Marchetti hardware 157,8.7,eol,2021-01-02T13:47:53Z,\N,2021-01-02T13:47:53Z,\N,1,assert
acme:product_model:v0032-sof-00166-software~7bfda5e25441,product_model,v0032,sof-00166,software,Nakamura software 166,18.1,supported,2021-01-02T06:03:55Z,\N,2021-01-02T06:03:55Z,\N,1,assert
acme:product_model:v0044-sof-00178-software~8a6557a3489e,product_model,v0044,sof-00178,software,Yilmaz software 178,10.3,unknown,2021-01-02T05:52:10Z,\N,2021-01-02T05:52:10Z,\N,1,assert
acme:product_model:v0028-sof-00179-software~d5af48d8d759,product_model,v0028,sof-00179,software,Abbott software 179,15.4,supported,2021-01-02T06:14:43Z,\N,2021-01-02T06:14:43Z,\N,1,assert
acme:product_model:v0025-sof-00181-software~c261916744f3,product_model,v0025,sof-00181,software,Jablonski software 181,23.9,unsupported,2021-01-02T19:41:01Z,\N,2021-01-02T19:41:01Z,\N,1,assert
acme:product_model:v0025-sof-00184-software~c2d7212aae29,product_model,v0025,sof-00184,software,Santos software 184,19.0,supported,2021-01-02T18:01:13Z,\N,2021-01-02T18:01:13Z,\N,1,assert
acme:product_model:v0048-sof-00186-software~e2985692f7e2,product_model,v0048,sof-00186,software,Okonkwo software 186,15.3,supported,2021-01-02T06:14:46Z,\N,2021-01-02T06:14:46Z,\N,1,assert
acme:product_model:v0024-ser-00193-service~25697d65b0be,product_model,v0024,ser-00193,service,Wagner service 193,15.1,supported,2021-01-02T06:25:11Z,\N,2021-01-02T06:25:11Z,\N,1,assert
acme:product_model:v0044-ser-00195-service~abf83cdd0efb,product_model,v0044,ser-00195,service,Okonkwo service 195,7.1,supported,2021-01-02T15:26:34Z,\N,2021-01-02T15:26:34Z,\N,1,assert
acme:product_model:v0024-sof-00200-software~a33bc615a03c,product_model,v0024,sof-00200,software,Wagner software 200,18.2,supported,2021-01-02T13:58:34Z,\N,2021-01-02T13:58:34Z,\N,1,assert
acme:product_model:v0000-con-00204-consumable~ade3497d0778,product_model,v0000,con-00204,consumable,Novak consumable 204,20.9,unsupported,2021-01-02T12:56:15Z,\N,2021-01-02T12:56:15Z,\N,1,assert
acme:product_model:v0034-har-00211-hardware~8c9138ba6c05,product_model,v0034,har-00211,hardware,Weiss hardware 211,20.0,supported,2021-01-02T20:12:03Z,\N,2021-01-02T20:12:03Z,\N,1,assert
acme:product_model:v0024-har-00212-hardware~372b1d2a6785,product_model,v0024,har-00212,hardware,Oyelaran hardware 212,12.1,supported,2021-01-02T15:42:49Z,\N,2021-01-02T15:42:49Z,\N,1,assert
acme:product_model:v0044-sof-00218-software~216e03dd50f3,product_model,v0044,sof-00218,software,Eberhardt software 218,6.11,unsupported,2021-01-02T23:51:42Z,\N,2021-01-02T23:51:42Z,\N,1,assert
acme:product_model:v0046-sof-00180-software~7a5a24e80eb8,product_model,v0046,sof-00180,software,Nakamura software 180,9.3,supported,2021-01-03T02:16:01Z,2021-08-01T18:29:27Z,2021-01-03T02:16:01Z,\N,1,assert
acme:product_model:v0038-sof-00124-software~136d335a8fbe,product_model,v0038,sof-00124,software,Zhang software 124,15.9,unknown,2021-01-03T11:13:29Z,2021-06-06T23:06:18Z,2021-01-03T11:13:29Z,\N,1,assert
acme:product_model:v0025-ser-00001-service~2eed8e875790,product_model,v0025,ser-00001,service,Nakamura service 1,4.9,supported,2021-01-03T22:31:42Z,\N,2021-01-03T22:31:42Z,\N,1,assert
acme:product_model:v0024-sof-00005-software~35a45f8dc5fe,product_model,v0024,sof-00005,software,Nakamura software 5,7.11,unknown,2021-01-03T12:20:59Z,\N,2021-01-03T12:20:59Z,\N,1,assert
acme:product_model:v0046-sof-00007-software~093e367fd5c7,product_model,v0046,sof-00007,software,Oyelaran software 7,11.2,supported,2021-01-03T15:53:50Z,\N,2021-01-03T15:53:50Z,\N,1,assert
acme:product_model:v0028-ser-00012-service~4f4145335f09,product_model,v0028,ser-00012,service,Santos service 12,22.3,supported,2021-01-03T15:36:02Z,\N,2021-01-03T15:36:02Z,\N,1,assert
acme:product_model:v0038-har-00013-hardware~7dc5ad8abb19,product_model,v0038,har-00013,hardware,Fontaine hardware 13,21.7,unsupported,2021-01-03T21:57:29Z,\N,2021-01-03T21:57:29Z,\N,1,assert
acme:product_model:v0031-sof-00021-software~7444ab93a277,product_model,v0031,sof-00021,software,Santos software 21,8.11,supported,2021-01-03T16:04:02Z,\N,2021-01-03T16:04:02Z,\N,1,assert
acme:product_model:v0031-sof-00027-software~505ce0d370c5,product_model,v0031,sof-00027,software,Gundersen software 27,12.8,supported,2021-01-03T22:47:29Z,\N,2021-01-03T22:47:29Z,\N,1,assert
acme:product_model:v0038-sof-00035-software~8cacb3768690,product_model,v0038,sof-00035,software,Ivanova software 35,3.3,eol,2021-01-03T11:03:53Z,\N,2021-01-03T11:03:53Z,\N,1,assert
acme:product_model:v0003-con-00036-consumable~a534f553cae8,product_model,v0003,con-00036,consumable,Gundersen consumable 36,19.4,supported,2021-01-03T09:02:37Z,\N,2021-01-03T09:02:37Z,\N,1,assert
acme:product_model:v0011-sof-00040-software~115bea67ab52,product_model,v0011,sof-00040,software,Silvestri software 40,8.9,supported,2021-01-03T23:27:29Z,\N,2021-01-03T23:27:29Z,\N,1,assert
acme:product_model:v0011-sof-00045-software~ebbcc1be6a90,product_model,v0011,sof-00045,software,Fontaine software 45,12.5,supported,2021-01-03T18:35:11Z,\N,2021-01-03T18:35:11Z,\N,1,assert
acme:product_model:v0019-con-00048-consumable~47c091f6b382,product_model,v0019,con-00048,consumable,Eberhardt consumable 48,5.4,unsupported,2021-01-03T16:30:29Z,\N,2021-01-03T16:30:29Z,\N,1,assert
acme:product_model:v0025-har-00050-hardware~8070203c3969,product_model,v0025,har-00050,hardware,Wagner hardware 50,23.0,eol,2021-01-03T14:18:56Z,\N,2021-01-03T14:18:56Z,\N,1,assert
acme:product_model:v0013-sof-00056-software~7c73a26f1dcd,product_model,v0013,sof-00056,software,Fontaine software 56,10.6,eol,2021-01-03T18:25:07Z,\N,2021-01-03T18:25:07Z,\N,1,assert
acme:product_model:v0030-sof-00060-software~00d082d6cc81,product_model,v0030,sof-00060,software,Oyelaran software 60,22.3,eol,2021-01-03T19:32:08Z,\N,2021-01-03T19:32:08Z,\N,1,assert
acme:product_model:v0036-har-00063-hardware~271e13aa7493,product_model,v0036,har-00063,hardware,Marchetti hardware 63,9.6,unsupported,2021-01-03T16:03:06Z,\N,2021-01-03T16:03:06Z,\N,1,assert
acme:product_model:v0046-sof-00068-software~986f68f8da1a,product_model,v0046,sof-00068,software,Bergstrom software 68,4.1,supported,2021-01-03T06:31:55Z,\N,2021-01-03T06:31:55Z,\N,1,assert
acme:product_model:v0044-sof-00069-software~30e92774cd6f,product_model,v0044,sof-00069,software,Weiss software 69,11.4,supported,2021-01-03T02:26:04Z,\N,2021-01-03T02:26:04Z,\N,1,assert
acme:product_model:v0031-har-00082-hardware~05890fd3d7ee,product_model,v0031,har-00082,hardware,Bergstrom hardware 82,4.1,supported,2021-01-03T09:29:32Z,\N,2021-01-03T09:29:32Z,\N,1,assert
acme:product_model:v0046-sof-00083-software~3b90c8469f89,product_model,v0046,sof-00083,software,Tanaka software 83,22.3,supported,2021-01-03T12:56:29Z,\N,2021-01-03T12:56:29Z,\N,1,assert
acme:product_model:v0044-ser-00084-service~66aca362601d,product_model,v0044,ser-00084,service,Haddad service 84,17.4,eol,2021-01-03T03:47:58Z,\N,2021-01-03T03:47:58Z,\N,1,assert
acme:product_model:v0031-sof-00085-software~096bd1b3fba1,product_model,v0031,sof-00085,software,Lindqvist software 85,18.6,eol,2021-01-03T08:09:54Z,\N,2021-01-03T08:09:54Z,\N,1,assert
acme:product_model:v0013-sof-00096-software~2df797c0418e,product_model,v0013,sof-00096,software,Eberhardt software 96,6.11,supported,2021-01-03T15:23:08Z,\N,2021-01-03T15:23:08Z,\N,1,assert
acme:product_model:v0034-ser-00100-service~682ddc66a6b8,product_model,v0034,ser-00100,service,Gallagher service 100,16.2,eol,2021-01-03T20:05:53Z,\N,2021-01-03T20:05:53Z,\N,1,assert
acme:product_model:v0011-sof-00116-software~86ba659891c7,product_model,v0011,sof-00116,software,Yilmaz software 116,3.3,supported,2021-01-03T23:18:09Z,\N,2021-01-03T23:18:09Z,\N,1,assert
acme:product_model:v0043-sof-00119-software~463d91a6f124,product_model,v0043,sof-00119,software,Santos software 119,22.1,supported,2021-01-03T05:49:27Z,\N,2021-01-03T05:49:27Z,\N,1,assert
acme:product_model:v0038-sof-00122-software~854ed4f8dfd7,product_model,v0038,sof-00122,software,Vaughan software 122,13.6,eol,2021-01-03T18:00:29Z,\N,2021-01-03T18:00:29Z,\N,1,assert
acme:product_model:v0005-sof-00131-software~b8e9f95f32fc,product_model,v0005,sof-00131,software,Kaminski software 131,15.7,supported,2021-01-03T00:33:10Z,\N,2021-01-03T00:33:10Z,\N,1,assert
acme:product_model:v0031-con-00132-consumable~bf7caf4bed30,product_model,v0031,con-00132,consumable,Okonkwo consumable 132,9.7,eol,2021-01-03T08:19:39Z,\N,2021-01-03T08:19:39Z,\N,1,assert
acme:product_model:v0034-sof-00136-software~47a6a1b406af,product_model,v0034,sof-00136,software,Ueda software 136,16.8,supported,2021-01-03T03:01:11Z,\N,2021-01-03T03:01:11Z,\N,1,assert
acme:product_model:v0043-ser-00146-service~d25b8a7606ab,product_model,v0043,ser-00146,service,Nakamura service 146,16.6,unknown,2021-01-03T03:50:07Z,\N,2021-01-03T03:50:07Z,\N,1,assert
acme:product_model:v0007-har-00150-hardware~124b8eba6994,product_model,v0007,har-00150,hardware,Rasmussen hardware 150,5.4,supported,2021-01-03T00:27:13Z,\N,2021-01-03T00:27:13Z,\N,1,assert
acme:product_model:v0033-ser-00159-service~fa4e022b1c5d,product_model,v0033,ser-00159,service,Delacroix service 159,6.7,supported,2021-01-03T06:54:55Z,\N,2021-01-03T06:54:55Z,\N,1,assert
acme:product_model:v0032-sof-00168-software~d88794a9f100,product_model,v0032,sof-00168,software,Abbott software 168,12.0,unknown,2021-01-03T18:03:53Z,\N,2021-01-03T18:03:53Z,\N,1,assert
acme:product_model:v0001-sof-00170-software~71c84146fc96,product_model,v0001,sof-00170,software,Haddad software 170,15.4,supported,2021-01-03T09:22:27Z,\N,2021-01-03T09:22:27Z,\N,1,assert
acme:product_model:v0001-sof-00177-software~4a373e066a18,product_model,v0001,sof-00177,software,Schneider software 177,12.0,unsupported,2021-01-03T11:14:59Z,\N,2021-01-03T11:14:59Z,\N,1,assert
acme:product_model:v0043-har-00196-hardware~112e035e648c,product_model,v0043,har-00196,hardware,Bergstrom hardware 196,14.0,eol,2021-01-03T03:27:27Z,\N,2021-01-03T03:27:27Z,\N,1,assert
acme:product_model:v0017-sof-00199-software~5712c9185b4c,product_model,v0017,sof-00199,software,Santos software 199,1.4,supported,2021-01-03T01:41:49Z,\N,2021-01-03T01:41:49Z,\N,1,assert
acme:product_model:v0030-sof-00201-software~482033bc5a20,product_model,v0030,sof-00201,software,Nakamura software 201,20.1,eol,2021-01-03T07:01:05Z,\N,2021-01-03T07:01:05Z,\N,1,assert
acme:product_model:v0000-ser-00206-service~84e0d9fede26,product_model,v0000,ser-00206,service,Delacroix service 206,12.7,eol,2021-01-03T10:29:39Z,\N,2021-01-03T10:29:39Z,\N,1,assert
acme:product_model:v0001-sof-00208-software~5eb7533557e8,product_model,v0001,sof-00208,software,Tanaka software 208,8.5,supported,2021-01-03T01:00:44Z,\N,2021-01-03T01:00:44Z,\N,1,assert
acme:product_model:v0001-ser-00209-service~a84bd3a48de9,product_model,v0001,ser-00209,service,Santos service 209,9.3,unsupported,2021-01-03T13:18:32Z,\N,2021-01-03T13:18:32Z,\N,1,assert
acme:product_model:v0000-sof-00002-software~61ff0803e0b2,product_model,v0000,sof-00002,software,Bergstrom software 2,4.1,supported,2021-01-04T20:38:06Z,\N,2021-01-04T20:38:06Z,\N,1,assert
acme:product_model:v0001-sof-00010-software~1d8c5e5dfaf0,product_model,v0001,sof-00010,software,Yilmaz software 10,11.10,supported,2021-01-04T21:06:31Z,\N,2021-01-04T21:06:31Z,\N,1,assert
acme:product_model:v0025-sof-00011-software~a181fbc537ac,product_model,v0025,sof-00011,software,Mbatha software 11,2.7,supported,2021-01-04T14:33:12Z,\N,2021-01-04T14:33:12Z,\N,1,assert
acme:product_model:v0030-sof-00019-software~9c0baccfa8dd,product_model,v0030,sof-00019,software,Gallagher software 19,15.0,supported,2021-01-04T09:56:28Z,\N,2021-01-04T09:56:28Z,\N,1,assert
acme:product_model:v0013-har-00023-hardware~b3514b383e01,product_model,v0013,har-00023,hardware,Jablonski hardware 23,13.9,supported,2021-01-04T08:44:20Z,\N,2021-01-04T08:44:20Z,\N,1,assert
acme:product_model:v0048-ser-00029-service~9218c7b6f9d3,product_model,v0048,ser-00029,service,Pereira service 29,7.5,supported,2021-01-04T02:03:46Z,\N,2021-01-04T02:03:46Z,\N,1,assert
acme:product_model:v0038-har-00032-hardware~96b45a11e3e3,product_model,v0038,har-00032,hardware,Santos hardware 32,2.1,unsupported,2021-01-04T04:04:16Z,\N,2021-01-04T04:04:16Z,\N,1,assert
acme:product_model:v0019-sof-00033-software~cae63af9f6fa,product_model,v0019,sof-00033,software,Ueda software 33,19.9,supported,2021-01-04T23:01:38Z,\N,2021-01-04T23:01:38Z,\N,1,assert
acme:product_model:v0011-sof-00039-software~885f515398ec,product_model,v0011,sof-00039,software,Castellanos software 39,13.1,unsupported,2021-01-04T14:26:39Z,\N,2021-01-04T14:26:39Z,\N,1,assert
acme:product_model:v0024-har-00041-hardware~004674c51e1c,product_model,v0024,har-00041,hardware,Thorsen hardware 41,17.0,eol,2021-01-04T21:56:13Z,\N,2021-01-04T21:56:13Z,\N,1,assert
acme:product_model:v0013-sof-00049-software~415f86679c2d,product_model,v0013,sof-00049,software,Rasmussen software 49,10.5,supported,2021-01-04T14:11:33Z,\N,2021-01-04T14:11:33Z,\N,1,assert
acme:product_model:v0013-sof-00053-software~bff0a8417ded,product_model,v0013,sof-00053,software,Chowdhury software 53,7.1,unknown,2021-01-04T10:05:22Z,\N,2021-01-04T10:05:22Z,\N,1,assert
acme:product_model:v0019-sof-00057-software~c2a710a4c400,product_model,v0019,sof-00057,software,Oyelaran software 57,1.5,supported,2021-01-04T03:05:53Z,\N,2021-01-04T03:05:53Z,\N,1,assert
acme:product_model:v0010-har-00058-hardware~12eaeccad99a,product_model,v0010,har-00058,hardware,Nakamura hardware 58,12.11,unsupported,2021-01-04T20:18:35Z,\N,2021-01-04T20:18:35Z,\N,1,assert
acme:product_model:v0002-sof-00059-software~e10e945bebac,product_model,v0002,sof-00059,software,Nakamura software 59,2.2,eol,2021-01-04T10:48:55Z,\N,2021-01-04T10:48:55Z,\N,1,assert
acme:product_model:v0002-har-00075-hardware~6911d7a7958d,product_model,v0002,har-00075,hardware,Zhang hardware 75,16.11,supported,2021-01-04T07:28:05Z,\N,2021-01-04T07:28:05Z,\N,1,assert
acme:product_model:v0040-sof-00077-software~86f20911772a,product_model,v0040,sof-00077,software,Marchetti software 77,23.0,supported,2021-01-04T18:46:23Z,\N,2021-01-04T18:46:23Z,\N,1,assert
acme:product_model:v0014-har-00086-hardware~d1eb968ce602,product_model,v0014,har-00086,hardware,Abbott hardware 86,20.9,supported,2021-01-04T10:02:47Z,\N,2021-01-04T10:02:47Z,\N,1,assert
acme:product_model:v0011-har-00088-hardware~daaf648f923f,product_model,v0011,har-00088,hardware,Chowdhury hardware 88,7.10,eol,2021-01-04T13:21:03Z,\N,2021-01-04T13:21:03Z,\N,1,assert
acme:product_model:v0048-sof-00089-software~9edb679f4148,product_model,v0048,sof-00089,software,Chowdhury software 89,14.9,unsupported,2021-01-04T02:25:45Z,\N,2021-01-04T02:25:45Z,\N,1,assert
acme:product_model:v0025-ser-00095-service~3581e95fdd5b,product_model,v0025,ser-00095,service,Ueda service 95,5.0,unsupported,2021-01-04T07:27:16Z,\N,2021-01-04T07:27:16Z,\N,1,assert
acme:product_model:v0043-sof-00097-software~fb7dc1142cde,product_model,v0043,sof-00097,software,Pereira software 97,11.7,unsupported,2021-01-04T15:09:37Z,\N,2021-01-04T15:09:37Z,\N,1,assert
acme:product_model:v0048-har-00107-hardware~8d89aea65747,product_model,v0048,har-00107,hardware,Fontaine hardware 107,6.11,supported,2021-01-04T04:46:41Z,\N,2021-01-04T04:46:41Z,\N,1,assert
acme:product_model:v0017-ser-00137-service~a3ce68e8b7dc,product_model,v0017,ser-00137,service,Novak service 137,22.0,supported,2021-01-04T17:10:44Z,\N,2021-01-04T17:10:44Z,\N,1,assert
acme:product_model:v0017-ser-00139-service~3f2bcfae50be,product_model,v0017,ser-00139,service,Silvestri service 139,14.2,unknown,2021-01-04T11:59:08Z,\N,2021-01-04T11:59:08Z,\N,1,assert
acme:product_model:v0045-sof-00142-software~fa5e37254560,product_model,v0045,sof-00142,software,Gallagher software 142,19.10,eol,2021-01-04T09:24:56Z,\N,2021-01-04T09:24:56Z,\N,1,assert
acme:product_model:v0007-sof-00163-software~24be948641de,product_model,v0007,sof-00163,software,Mbatha software 163,18.2,supported,2021-01-04T13:13:00Z,\N,2021-01-04T13:13:00Z,\N,1,assert
acme:product_model:v0025-sof-00164-software~639d5de2b1e9,product_model,v0025,sof-00164,software,Fontaine software 164,1.1,supported,2021-01-04T20:51:12Z,\N,2021-01-04T20:51:12Z,\N,1,assert
acme:product_model:v0030-har-00167-hardware~4401456f2e33,product_model,v0030,har-00167,hardware,Zhang hardware 167,2.0,supported,2021-01-04T01:20:10Z,\N,2021-01-04T01:20:10Z,\N,1,assert
acme:product_model:v0036-sof-00169-software~6c3a3494b2c4,product_model,v0036,sof-00169,software,Yilmaz software 169,12.11,unsupported,2021-01-04T04:51:42Z,\N,2021-01-04T04:51:42Z,\N,1,assert
acme:product_model:v0032-sof-00175-software~ae54a90851e2,product_model,v0032,sof-00175,software,Wagner software 175,10.3,supported,2021-01-04T11:09:39Z,\N,2021-01-04T11:09:39Z,\N,1,assert
acme:product_model:v0025-sof-00176-software~648715e2703d,product_model,v0025,sof-00176,software,Zhang software 176,7.11,supported,2021-01-04T10:21:30Z,\N,2021-01-04T10:21:30Z,\N,1,assert
acme:product_model:v0017-ser-00183-service~2f96842fac67,product_model,v0017,ser-00183,service,Marchetti service 183,18.5,eol,2021-01-04T13:02:47Z,\N,2021-01-04T13:02:47Z,\N,1,assert
acme:product_model:v0045-ser-00185-service~d45bbd49dc8b,product_model,v0045,ser-00185,service,Marchetti service 185,9.5,unknown,2021-01-04T03:04:11Z,\N,2021-01-04T03:04:11Z,\N,1,assert
acme:product_model:v0014-har-00197-hardware~9c53a024ba86,product_model,v0014,har-00197,hardware,Novak hardware 197,17.3,unsupported,2021-01-04T05:18:03Z,\N,2021-01-04T05:18:03Z,\N,1,assert
acme:product_model:v0030-har-00213-hardware~0ee314933cc1,product_model,v0030,har-00213,hardware,Schneider hardware 213,11.8,unsupported,2021-01-04T00:07:22Z,\N,2021-01-04T00:07:22Z,\N,1,assert
acme:product_model:v0034-sof-00160-software~42d0c95c5fc1,product_model,v0034,sof-00160,software,Baptiste software 160,18.6,supported,2021-01-05T02:36:39Z,2021-07-14T05:54:37Z,2021-01-05T02:36:39Z,\N,1,assert
acme:product_model:v0011-har-00003-hardware~ab0a7ff681b2,product_model,v0011,har-00003,hardware,Nakamura hardware 3,9.10,supported,2021-01-05T09:04:12Z,\N,2021-01-05T09:04:12Z,\N,1,assert
acme:product_model:v0041-ser-00017-service~47f7953a321d,product_model,v0041,ser-00017,service,Schneider service 17,9.11,unsupported,2021-01-05T08:57:33Z,\N,2021-01-05T08:57:33Z,\N,1,assert
acme:product_model:v0030-sof-00026-software~de32d637b66b,product_model,v0030,sof-00026,software,Lindqvist software 26,14.2,supported,2021-01-05T05:58:20Z,\N,2021-01-05T05:58:20Z,\N,1,assert
acme:product_model:v0038-har-00091-hardware~e8b5956900f9,product_model,v0038,har-00091,hardware,Lindqvist hardware 91,10.8,eol,2021-01-05T10:00:24Z,\N,2021-01-05T10:00:24Z,2024-09-25T11:31:54Z,1,assert
acme:product_model:v0005-sof-00030-software~82fa9037060e,product_model,v0005,sof-00030,software,Bergstrom software 30,11.4,supported,2021-01-05T13:18:08Z,\N,2021-01-05T13:18:08Z,\N,1,assert
acme:product_model:v0034-har-00034-hardware~aff92df47b62,product_model,v0034,har-00034,hardware,Delacroix hardware 34,21.2,supported,2021-01-05T12:50:21Z,\N,2021-01-05T12:50:21Z,\N,1,assert
acme:product_model:v0027-sof-00038-software~50c988234439,product_model,v0027,sof-00038,software,Schneider software 38,6.11,supported,2021-01-05T16:26:37Z,\N,2021-01-05T16:26:37Z,\N,1,assert
acme:product_model:v0033-ser-00043-service~c4167e411d46,product_model,v0033,ser-00043,service,Kovac service 43,3.10,supported,2021-01-05T15:03:26Z,\N,2021-01-05T15:03:26Z,\N,1,assert
acme:product_model:v0014-har-00054-hardware~5531b0743bf4,product_model,v0014,har-00054,hardware,Silvestri hardware 54,18.9,supported,2021-01-05T13:10:21Z,\N,2021-01-05T13:10:21Z,\N,1,assert
acme:product_model:v0040-ser-00070-service~8fe3db4f811d,product_model,v0040,ser-00070,service,Jablonski service 70,9.7,unsupported,2021-01-05T23:07:41Z,\N,2021-01-05T23:07:41Z,\N,1,assert
acme:product_model:v0000-sof-00071-software~7773a5ff10d1,product_model,v0000,sof-00071,software,Jablonski software 71,7.4,unsupported,2021-01-05T20:54:59Z,\N,2021-01-05T20:54:59Z,\N,1,assert
acme:product_model:v0001-har-00072-hardware~c6a985da8579,product_model,v0001,har-00072,hardware,Zhang hardware 72,9.4,unsupported,2021-01-05T21:32:07Z,\N,2021-01-05T21:32:07Z,\N,1,assert
acme:product_model:v0014-sof-00073-software~2c0d56226e1b,product_model,v0014,sof-00073,software,Haddad software 73,15.4,supported,2021-01-05T07:16:09Z,\N,2021-01-05T07:16:09Z,\N,1,assert
acme:product_model:v0001-har-00076-hardware~6843fe9d9f3f,product_model,v0001,har-00076,hardware,Delacroix hardware 76,3.10,eol,2021-01-05T03:11:11Z,\N,2021-01-05T03:11:11Z,\N,1,assert
acme:product_model:v0003-ser-00079-service~8b5b5159c89f,product_model,v0003,ser-00079,service,Rasmussen service 79,12.3,supported,2021-01-05T07:14:09Z,\N,2021-01-05T07:14:09Z,\N,1,assert
acme:product_model:v0047-har-00093-hardware~c263755c6ca9,product_model,v0047,har-00093,hardware,Marchetti hardware 93,4.8,eol,2021-01-05T00:54:21Z,\N,2021-01-05T00:54:21Z,\N,1,assert
acme:product_model:v0006-sof-00101-software~e3110aff00ec,product_model,v0006,sof-00101,software,Baptiste software 101,21.8,eol,2021-01-05T13:20:24Z,\N,2021-01-05T13:20:24Z,\N,1,assert
acme:product_model:v0028-sof-00105-software~dce17a6613c4,product_model,v0028,sof-00105,software,Fontaine software 105,22.2,eol,2021-01-05T01:10:51Z,\N,2021-01-05T01:10:51Z,\N,1,assert
acme:product_model:v0014-har-00108-hardware~976ee98ea0c8,product_model,v0014,har-00108,hardware,Yilmaz hardware 108,19.5,supported,2021-01-05T22:52:27Z,\N,2021-01-05T22:52:27Z,\N,1,assert
acme:product_model:v0047-ser-00111-service~8feb8a3849c9,product_model,v0047,ser-00111,service,Novak service 111,22.6,supported,2021-01-05T05:57:18Z,\N,2021-01-05T05:57:18Z,\N,1,assert
acme:product_model:v0023-ser-00113-service~8c1c9a1fd539,product_model,v0023,ser-00113,service,Jablonski service 113,22.4,supported,2021-01-05T00:22:56Z,\N,2021-01-05T00:22:56Z,\N,1,assert
acme:product_model:v0000-sof-00114-software~2b55fcfc0c35,product_model,v0000,sof-00114,software,Marchetti software 114,22.7,eol,2021-01-05T09:16:35Z,\N,2021-01-05T09:16:35Z,\N,1,assert
acme:product_model:v0018-sof-00115-software~6f97c8c48d8d,product_model,v0018,sof-00115,software,Baptiste software 115,19.5,unsupported,2021-01-05T18:12:30Z,\N,2021-01-05T18:12:30Z,\N,1,assert
acme:product_model:v0046-har-00121-hardware~26b3cfd937dc,product_model,v0046,har-00121,hardware,Castellanos hardware 121,4.6,supported,2021-01-05T01:38:04Z,\N,2021-01-05T01:38:04Z,\N,1,assert
acme:product_model:v0044-sof-00126-software~b119dc592415,product_model,v0044,sof-00126,software,Fontaine software 126,22.1,supported,2021-01-05T06:22:01Z,\N,2021-01-05T06:22:01Z,\N,1,assert
acme:product_model:v0009-sof-00130-software~adcecf3ad25b,product_model,v0009,sof-00130,software,Chowdhury software 130,17.11,supported,2021-01-05T20:16:23Z,\N,2021-01-05T20:16:23Z,\N,1,assert
acme:product_model:v0003-sof-00134-software~046278dfd07d,product_model,v0003,sof-00134,software,Ueda software 134,18.10,supported,2021-01-05T00:38:49Z,\N,2021-01-05T00:38:49Z,\N,1,assert
acme:product_model:v0048-sof-00141-software~d6f1f9a24641,product_model,v0048,sof-00141,software,Eberhardt software 141,2.5,eol,2021-01-05T03:10:11Z,\N,2021-01-05T03:10:11Z,\N,1,assert
acme:product_model:v0030-sof-00148-software~2e69bc29794f,product_model,v0030,sof-00148,software,Novak software 148,21.0,supported,2021-01-05T08:36:23Z,\N,2021-01-05T08:36:23Z,\N,1,assert
acme:product_model:v0007-har-00149-hardware~6ad5daf915be,product_model,v0007,har-00149,hardware,Baptiste hardware 149,17.5,unsupported,2021-01-05T11:12:41Z,\N,2021-01-05T11:12:41Z,\N,1,assert
acme:product_model:v0015-sof-00152-software~f3fb6cf495c1,product_model,v0015,sof-00152,software,Castellanos software 152,8.5,supported,2021-01-05T15:30:41Z,\N,2021-01-05T15:30:41Z,\N,1,assert
acme:product_model:v0045-sof-00155-software~a3280ef344a9,product_model,v0045,sof-00155,software,Gallagher software 155,5.1,unknown,2021-01-05T23:47:39Z,\N,2021-01-05T23:47:39Z,\N,1,assert
acme:product_model:v0041-sof-00172-software~e63ce8dc092b,product_model,v0041,sof-00172,software,Rasmussen software 172,12.7,unsupported,2021-01-05T05:22:23Z,\N,2021-01-05T05:22:23Z,\N,1,assert
acme:product_model:v0007-sof-00173-software~fecd106a6fa7,product_model,v0007,sof-00173,software,Kaminski software 173,1.1,eol,2021-01-05T10:02:01Z,\N,2021-01-05T10:02:01Z,\N,1,assert
acme:product_model:v0048-ser-00182-service~f7d331cbeb83,product_model,v0048,ser-00182,service,Marchetti service 182,6.11,eol,2021-01-05T12:07:38Z,\N,2021-01-05T12:07:38Z,\N,1,assert
acme:product_model:v0015-sof-00188-software~22a77abd1574,product_model,v0015,sof-00188,software,Bergstrom software 188,22.11,supported,2021-01-05T14:02:48Z,\N,2021-01-05T14:02:48Z,\N,1,assert
acme:product_model:v0013-har-00189-hardware~25ab2a03ee74,product_model,v0013,har-00189,hardware,Gundersen hardware 189,16.6,supported,2021-01-05T00:21:00Z,\N,2021-01-05T00:21:00Z,\N,1,assert
acme:product_model:v0040-har-00192-hardware~75b074753ce7,product_model,v0040,har-00192,hardware,Zhang hardware 192,2.3,supported,2021-01-05T12:47:34Z,\N,2021-01-05T12:47:34Z,\N,1,assert
acme:product_model:v0018-har-00203-hardware~525e89fff3c5,product_model,v0018,har-00203,hardware,Castellanos hardware 203,19.3,supported,2021-01-05T23:56:06Z,\N,2021-01-05T23:56:06Z,\N,1,assert
acme:product_model:v0027-sof-00207-software~a3e463b3cbe2,product_model,v0027,sof-00207,software,Gallagher software 207,20.0,unsupported,2021-01-05T15:49:13Z,\N,2021-01-05T15:49:13Z,\N,1,assert
acme:product_model:v0032-sof-00216-software~ed9530e2f071,product_model,v0032,sof-00216,software,Chowdhury software 216,11.2,supported,2021-01-05T06:42:38Z,\N,2021-01-05T06:42:38Z,\N,1,assert
acme:product_model:v0009-ser-00004-service~f864b7a3e80f,product_model,v0009,ser-00004,service,Silvestri service 4,1.3,supported,2021-01-06T00:50:09Z,\N,2021-01-06T00:50:09Z,\N,1,assert
acme:product_model:v0024-sof-00024-software~588dda475342,product_model,v0024,sof-00024,software,Jablonski software 24,14.6,eol,2021-01-06T13:02:45Z,\N,2021-01-06T13:02:45Z,2024-10-08T23:04:59Z,1,assert
acme:product_model:v0011-har-00006-hardware~2fa89d488ae1,product_model,v0011,har-00006,hardware,Baptiste hardware 6,16.8,supported,2021-01-06T20:25:38Z,\N,2021-01-06T20:25:38Z,\N,1,assert
acme:product_model:v0026-sof-00008-software~d41a4f228b29,product_model,v0026,sof-00008,software,Eberhardt software 8,17.7,eol,2021-01-06T20:14:48Z,\N,2021-01-06T20:14:48Z,\N,1,assert
acme:product_model:v0017-sof-00009-software~784807e294fe,product_model,v0017,sof-00009,software,Thorsen software 9,8.2,supported,2021-01-06T22:52:57Z,\N,2021-01-06T22:52:57Z,\N,1,assert
acme:product_model:v0002-sof-00015-software~43a675731435,product_model,v0002,sof-00015,software,Oyelaran software 15,14.10,eol,2021-01-06T11:59:41Z,\N,2021-01-06T11:59:41Z,\N,1,assert
acme:product_model:v0020-sof-00016-software~6bf03d717c9a,product_model,v0020,sof-00016,software,Baptiste software 16,17.5,eol,2021-01-06T19:08:09Z,\N,2021-01-06T19:08:09Z,\N,1,assert
acme:product_model:v0047-sof-00018-software~20a4046901a0,product_model,v0047,sof-00018,software,Eberhardt software 18,1.8,eol,2021-01-06T18:54:41Z,\N,2021-01-06T18:54:41Z,\N,1,assert
acme:product_model:v0043-sof-00042-software~de6ab371f830,product_model,v0043,sof-00042,software,Santos software 42,19.8,unsupported,2021-01-06T16:20:34Z,\N,2021-01-06T16:20:34Z,\N,1,assert
acme:product_model:v0037-sof-00044-software~4c9be175524b,product_model,v0037,sof-00044,software,Haddad software 44,8.8,eol,2021-01-06T14:52:15Z,\N,2021-01-06T14:52:15Z,\N,1,assert
acme:product_model:v0005-ser-00047-service~07ad54d4c8f7,product_model,v0005,ser-00047,service,Eberhardt service 47,8.3,supported,2021-01-06T07:27:39Z,\N,2021-01-06T07:27:39Z,\N,1,assert
acme:product_model:v0016-ser-00055-service~2e2a69fd4559,product_model,v0016,ser-00055,service,Nakamura service 55,2.3,supported,2021-01-06T02:55:11Z,\N,2021-01-06T02:55:11Z,\N,1,assert
acme:product_model:v0021-sof-00062-software~eb9f19b85feb,product_model,v0021,sof-00062,software,Santos software 62,11.11,supported,2021-01-06T18:25:45Z,\N,2021-01-06T18:25:45Z,\N,1,assert
acme:product_model:v0009-sof-00065-software~76e1c9faeb67,product_model,v0009,sof-00065,software,Tanaka software 65,15.11,supported,2021-01-06T13:54:20Z,\N,2021-01-06T13:54:20Z,\N,1,assert
acme:product_model:v0001-sof-00066-software~a704c8e55f44,product_model,v0001,sof-00066,software,Wagner software 66,6.2,supported,2021-01-06T02:04:27Z,\N,2021-01-06T02:04:27Z,\N,1,assert
acme:product_model:v0004-sof-00078-software~4c214702c427,product_model,v0004,sof-00078,software,Jablonski software 78,12.9,supported,2021-01-06T05:51:27Z,\N,2021-01-06T05:51:27Z,\N,1,assert
acme:product_model:v0025-ser-00087-service~3f367620603a,product_model,v0025,ser-00087,service,Quintero service 87,21.4,supported,2021-01-06T20:40:07Z,\N,2021-01-06T20:40:07Z,\N,1,assert
acme:product_model:v0012-sof-00090-software~0cc63c0435da,product_model,v0012,sof-00090,software,Rasmussen software 90,9.1,supported,2021-01-06T02:09:19Z,\N,2021-01-06T02:09:19Z,\N,1,assert
acme:product_model:v0034-sof-00092-software~d50f64dbb57b,product_model,v0034,sof-00092,software,Silvestri software 92,8.9,supported,2021-01-06T10:42:06Z,\N,2021-01-06T10:42:06Z,\N,1,assert
acme:product_model:v0023-sof-00098-software~ee559ff31e44,product_model,v0023,sof-00098,software,Castellanos software 98,2.4,unsupported,2021-01-06T08:30:33Z,\N,2021-01-06T08:30:33Z,\N,1,assert
acme:product_model:v0032-har-00106-hardware~bb5187261394,product_model,v0032,har-00106,hardware,Kovac hardware 106,11.4,supported,2021-01-06T02:23:53Z,\N,2021-01-06T02:23:53Z,\N,1,assert
acme:product_model:v0035-sof-00109-software~0a54ae896fc5,product_model,v0035,sof-00109,software,Ivanova software 109,18.7,supported,2021-01-06T07:48:35Z,\N,2021-01-06T07:48:35Z,\N,1,assert
acme:product_model:v0025-sof-00110-software~1a2d3f6d019f,product_model,v0025,sof-00110,software,Marchetti software 110,19.5,supported,2021-01-06T12:32:08Z,\N,2021-01-06T12:32:08Z,\N,1,assert
acme:product_model:v0039-har-00112-hardware~940d89e8592d,product_model,v0039,har-00112,hardware,Zhang hardware 112,17.3,eol,2021-01-06T14:37:43Z,\N,2021-01-06T14:37:43Z,\N,1,assert
acme:product_model:v0024-har-00123-hardware~78591293f57d,product_model,v0024,har-00123,hardware,Weiss hardware 123,1.6,eol,2021-01-06T10:34:38Z,\N,2021-01-06T10:34:38Z,\N,1,assert
acme:product_model:v0005-sof-00125-software~5d4aea7902d5,product_model,v0005,sof-00125,software,Rasmussen software 125,23.5,unsupported,2021-01-06T13:54:22Z,\N,2021-01-06T13:54:22Z,\N,1,assert
acme:product_model:v0044-har-00127-hardware~88d42e914a04,product_model,v0044,har-00127,hardware,Bergstrom hardware 127,4.5,unsupported,2021-01-06T19:24:34Z,\N,2021-01-06T19:24:34Z,\N,1,assert
acme:product_model:v0010-har-00128-hardware~eda6b2f1aba4,product_model,v0010,har-00128,hardware,Jablonski hardware 128,13.6,supported,2021-01-06T17:19:30Z,\N,2021-01-06T17:19:30Z,\N,1,assert
acme:product_model:v0036-sof-00133-software~3768a066acec,product_model,v0036,sof-00133,software,Vaughan software 133,16.3,supported,2021-01-06T20:09:32Z,\N,2021-01-06T20:09:32Z,\N,1,assert
acme:product_model:v0027-ser-00135-service~5728a6b1c180,product_model,v0027,ser-00135,service,Chowdhury service 135,23.6,supported,2021-01-06T01:25:47Z,\N,2021-01-06T01:25:47Z,\N,1,assert
acme:product_model:v0020-sof-00140-software~4b0a9d2f1b86,product_model,v0020,sof-00140,software,Kaminski software 140,3.1,eol,2021-01-06T14:23:32Z,\N,2021-01-06T14:23:32Z,\N,1,assert
acme:product_model:v0048-har-00143-hardware~746c10ce3518,product_model,v0048,har-00143,hardware,Delacroix hardware 143,7.4,supported,2021-01-06T09:50:27Z,\N,2021-01-06T09:50:27Z,\N,1,assert
acme:product_model:v0040-ser-00144-service~cea57795c784,product_model,v0040,ser-00144,service,Chowdhury service 144,21.8,supported,2021-01-06T16:20:31Z,\N,2021-01-06T16:20:31Z,\N,1,assert
acme:product_model:v0004-sof-00147-software~cedc57d80d22,product_model,v0004,sof-00147,software,Pereira software 147,15.6,eol,2021-01-06T08:14:17Z,\N,2021-01-06T08:14:17Z,\N,1,assert
acme:product_model:v0044-ser-00158-service~bb17f30c2fea,product_model,v0044,ser-00158,service,Schneider service 158,1.10,supported,2021-01-06T15:17:04Z,\N,2021-01-06T15:17:04Z,\N,1,assert
acme:product_model:v0033-con-00161-consumable~ac78fa3cd767,product_model,v0033,con-00161,consumable,Schneider consumable 161,13.6,supported,2021-01-06T09:58:47Z,\N,2021-01-06T09:58:47Z,\N,1,assert
acme:product_model:v0011-har-00162-hardware~113a927c954d,product_model,v0011,har-00162,hardware,Marchetti hardware 162,23.0,supported,2021-01-06T02:29:52Z,\N,2021-01-06T02:29:52Z,\N,1,assert
acme:product_model:v0045-har-00165-hardware~13587a2971e8,product_model,v0045,har-00165,hardware,Santos hardware 165,23.4,supported,2021-01-06T04:41:54Z,\N,2021-01-06T04:41:54Z,\N,1,assert
acme:product_model:v0038-con-00171-consumable~adf762045edd,product_model,v0038,con-00171,consumable,Weiss consumable 171,4.11,supported,2021-01-06T06:32:35Z,\N,2021-01-06T06:32:35Z,\N,1,assert
acme:product_model:v0024-sof-00174-software~63e98a4bbd23,product_model,v0024,sof-00174,software,Santos software 174,5.10,supported,2021-01-06T20:26:16Z,\N,2021-01-06T20:26:16Z,\N,1,assert
acme:product_model:v0006-sof-00187-software~85831ba47dce,product_model,v0006,sof-00187,software,Quintero software 187,6.5,supported,2021-01-06T00:56:42Z,\N,2021-01-06T00:56:42Z,\N,1,assert
acme:product_model:v0025-sof-00190-software~d88f598b0f28,product_model,v0025,sof-00190,software,Bergstrom software 190,5.10,unknown,2021-01-06T20:32:54Z,\N,2021-01-06T20:32:54Z,\N,1,assert
acme:product_model:v0042-har-00191-hardware~6b5988b1a07d,product_model,v0042,har-00191,hardware,Lindqvist hardware 191,21.0,eol,2021-01-06T00:32:13Z,\N,2021-01-06T00:32:13Z,\N,1,assert
acme:product_model:v0000-sof-00194-software~9932bcd4f7e5,product_model,v0000,sof-00194,software,Quintero software 194,20.3,supported,2021-01-06T04:53:22Z,\N,2021-01-06T04:53:22Z,\N,1,assert
acme:product_model:v0000-har-00198-hardware~be3946a1dcf2,product_model,v0000,har-00198,hardware,Eberhardt hardware 198,7.8,unsupported,2021-01-06T06:45:44Z,\N,2021-01-06T06:45:44Z,\N,1,assert
acme:product_model:v0036-sof-00202-software~6ba62f63b134,product_model,v0036,sof-00202,software,Delacroix software 202,21.11,supported,2021-01-06T16:42:17Z,\N,2021-01-06T16:42:17Z,\N,1,assert
acme:product_model:v0035-har-00205-hardware~313790e35486,product_model,v0035,har-00205,hardware,Weiss hardware 205,3.4,eol,2021-01-06T13:59:07Z,\N,2021-01-06T13:59:07Z,\N,1,assert
acme:product_model:v0047-ser-00210-service~c8c02fbe91e7,product_model,v0047,ser-00210,service,Delacroix service 210,13.4,unsupported,2021-01-06T18:14:16Z,\N,2021-01-06T18:14:16Z,\N,1,assert
acme:product_model:v0047-ser-00214-service~5de9fe155c28,product_model,v0047,ser-00214,service,Novak service 214,19.10,supported,2021-01-06T14:15:03Z,\N,2021-01-06T14:15:03Z,\N,1,assert
acme:product_model:v0047-sof-00215-software~d07defa9de75,product_model,v0047,sof-00215,software,Wagner software 215,23.2,supported,2021-01-06T09:32:51Z,\N,2021-01-06T09:32:51Z,\N,1,assert
acme:product_model:v0038-sof-00217-software~352209132d74,product_model,v0038,sof-00217,software,Delacroix software 217,2.6,supported,2021-01-06T10:45:28Z,\N,2021-01-06T10:45:28Z,\N,1,assert
acme:product_model:v0038-har-00091-hardware~e8b5956900f9,product_model,v0038,har-00091,hardware,Lindqvist hardware 91,supported,eol,2021-01-05T10:00:24Z,\N,2024-09-25T11:31:54Z,\N,2,assert
acme:product_model:v0024-sof-00024-software~588dda475342,product_model,v0024,sof-00024,software,Jablonski software 24,supported,eol,2021-01-06T13:02:45Z,\N,2024-10-08T23:04:59Z,\N,2,assert
acme:product_model:v0034-sof-00219-software~aefca92d1ae7,product_model,\N,\N,\N,\N,\N,\N,2021-09-08T18:27:40Z,\N,2026-01-19T07:49:08Z,\N,2,retract
acme:product_model:v0038-sof-00124-software~136d335a8fbe,product_model,\N,\N,\N,\N,\N,\N,2021-06-06T23:06:18Z,\N,2026-06-23T21:24:40Z,\N,2,retract
acme:product_model:v0046-sof-00180-software~7a5a24e80eb8,product_model,\N,\N,\N,\N,\N,\N,2021-08-01T18:29:27Z,\N,2026-07-19T23:11:17Z,\N,2,retract
acme:product_model:v0034-sof-00160-software~42d0c95c5fc1,product_model,\N,\N,\N,\N,\N,\N,2021-07-14T05:54:37Z,\N,2026-11-22T00:14:06Z,\N,2,retract
