entity_id,entity_type,organization_id,pool_moid,pool_name,cluster_moid,cpu_reservation_mhz,memory_reservation_mb,is_root_pool,valid_from,valid_to,system_from,system_to,revision,operation
acme:vsphere.vsphere_resource_pool:resgroup-0000~28cb044b0081,vsphere.vsphere_resource_pool,acme,resgroup-0000,pool-000,acme:vsphere.vsphere_cluster:domain-c000~e33f6582d910,3745,6190,true,2021-01-07T17:42:12Z,\N,2021-01-07T17:42:12Z,\N,1,assert
acme:vsphere.vsphere_resource_pool:resgroup-0001~fe4efa6a9f82,vsphere.vsphere_resource_pool,acme,resgroup-0001,pool-001,acme:vsphere.vsphere_cluster:domain-c000~e33f6582d910,12696,32623,false,2021-01-08T00:49:40Z,\N,2021-01-08T00:49:40Z,\N,1,assert
acme:vsphere.vsphere_resource_pool:resgroup-0002~f01a26e46773,vsphere.vsphere_resource_pool,acme,resgroup-0002,pool-002,acme:vsphere.vsphere_cluster:domain-c000~e33f6582d910,7117,135158,false,2021-01-09T05:28:29Z,\N,2021-01-09T05:28:29Z,\N,1,assert
acme:vsphere.vsphere_resource_pool:resgroup-0003~037598295b33,vsphere.vsphere_resource_pool,acme,resgroup-0003,pool-003,acme:vsphere.vsphere_cluster:domain-c002~ff4ca041ce02,14818,172714,true,2021-01-10T10:58:54Z,\N,2021-01-10T10:58:54Z,\N,1,assert
acme:vsphere.vsphere_resource_pool:resgroup-0004~475cd4e2d596,vsphere.vsphere_resource_pool,acme,resgroup-0004,pool-004,acme:vsphere.vsphere_cluster:domain-c003~85dc530d0259,11443,120728,false,2021-01-11T13:34:04Z,\N,2021-01-11T13:34:04Z,\N,1,assert
acme:vsphere.vsphere_resource_pool:resgroup-0005~762abdc9aaba,vsphere.vsphere_resource_pool,acme,resgroup-0005,pool-005,acme:vsphere.vsphere_cluster:domain-c001~e6103accc6ff,15577,104170,false,2021-01-12T06:34:58Z,\N,2021-01-12T06:34:58Z,\N,1,assert
acme:vsphere.vsphere_resource_pool:resgroup-0006~1dd51552386f,vsphere.vsphere_resource_pool,acme,resgroup-0006,pool-006,acme:vsphere.vsphere_cluster:domain-c003~85dc530d0259,8691,49856,true,2021-08-01T17:23:51Z,\N,2021-08-12T11:04:20Z,\N,1,assert
acme:vsphere.vsphere_resource_pool:resgroup-0008~619dab153f69,vsphere.vsphere_resource_pool,acme,resgroup-0008,pool-008,acme:vsphere.vsphere_cluster:domain-c003~85dc530d0259,7076,65760,false,2023-05-02T01:56:36Z,\N,2023-05-05T03:19:11Z,\N,1,assert
acme:vsphere.vsphere_resource_pool:resgroup-0007~da3c755a87a1,vsphere.vsphere_resource_pool,acme,resgroup-0007,pool-007,acme:vsphere.vsphere_cluster:domain-c000~e33f6582d910,6000,196819,false,2024-01-01T04:33:24Z,\N,2024-01-23T09:14:27Z,\N,1,assert
